id,name,api_type,input_0,input_1,input_2,input_3,input_4,input_5,input_6,input_7,input_8,input_9,input_10,input_11,input_12,input_13,input_14,standard,outputs
0,flash_attn_npu_4.flash_attn_varlen_func,flash_attn_varlen_func_v4_accuracy,"{'type': 'tensor', 'dtype': 'bf16', 'range_values': [-5.0, 5.0], 'shape': [1, 1, 32], 'name': 'q', 'backward': True}","{'type': 'tensor', 'dtype': 'bf16', 'range_values': [-5.0, 5.0], 'shape': [1, 1, 32], 'name': 'k', 'backward': True}","{'type': 'tensor', 'dtype': 'bf16', 'range_values': [-5.0, 5.0], 'shape': [1, 1, 32], 'name': 'v', 'backward': True}","{'type': 'tensor', 'dtype': 'bf16', 'range_values': 'default', 'shape': [1, 1, 32], 'name': 'qv', 'backward': True}","{'type': 'tensor', 'dtype': 'int32', 'range_values': [0, 1], 'shape': [2], 'name': 'cu_seqlens_q', 'backward': True}","{'type': 'tensor', 'dtype': 'int32', 'range_values': [0, 1], 'shape': [2], 'name': 'cu_seqlens_k', 'backward': True}","{'type': 'attr', 'dtype': 'int', 'range_values': 1, 'name': 'max_seqlen_q'}","{'type': 'attr', 'dtype': 'int', 'range_values': 1, 'name': 'max_seqlen_k'}","{'type': 'attr', 'dtype': 'float', 'range_values': 0.125, 'name': 'softmax_scale'}","{'type': 'attr', 'dtype': 'bool', 'range_values': True, 'name': 'causal'}","[{'type': 'attr_tuple', 'dtype': 'int', 'range_values': -1, 'name': 'window_size'}, {'type': 'attr_tuple', 'dtype': 'int', 'range_values': -1, 'name': 'window_size'}]","{'type': 'attr', 'dtype': 'float', 'range_values': 0.0, 'name': 'softcap'}","{'type': 'attr', 'dtype': 'int', 'range_values': 0, 'name': 'num_splits'}","{'type': 'attr', 'dtype': 'bool', 'range_values': False, 'name': 'deterministic'}","{'type': 'attr', 'dtype': 'bool', 'range_values': False, 'name': 'return_lse'}","{'acc': {'cv_fused_double_benchmark': {'max_re_ratio': 2.0, 'avg_re_ratio': 1.2, 'root_mean_squared_ratio': 1.2}}, 'perf': 'not_key', 'mem': 1.1}",1
1,flash_attn_npu_4.flash_attn_varlen_func,flash_attn_varlen_func_v4_accuracy,"{'type': 'tensor', 'dtype': 'fp16', 'range_values': [-5.0, 5.0], 'shape': [1, 1, 64], 'name': 'q', 'backward': True}","{'type': 'tensor', 'dtype': 'fp16', 'range_values': [-5.0, 5.0], 'shape': [1, 1, 64], 'name': 'k', 'backward': True}","{'type': 'tensor', 'dtype': 'fp16', 'range_values': [-5.0, 5.0], 'shape': [1, 1, 64], 'name': 'v', 'backward': True}","{'type': 'tensor', 'dtype': 'fp16', 'range_values': 'default', 'shape': [1, 1, 64], 'name': 'qv', 'backward': True}","{'type': 'tensor', 'dtype': 'int32', 'range_values': [0, 1], 'shape': [2], 'name': 'cu_seqlens_q', 'backward': True}","{'type': 'tensor', 'dtype': 'int32', 'range_values': [0, 1], 'shape': [2], 'name': 'cu_seqlens_k', 'backward': True}","{'type': 'attr', 'dtype': 'int', 'range_values': 1, 'name': 'max_seqlen_q'}","{'type': 'attr', 'dtype': 'int', 'range_values': 1, 'name': 'max_seqlen_k'}","{'type': 'attr', 'dtype': 'float', 'range_values': 0.125, 'name': 'softmax_scale'}","{'type': 'attr', 'dtype': 'bool', 'range_values': True, 'name': 'causal'}","[{'type': 'attr_tuple', 'dtype': 'int', 'range_values': -1, 'name': 'window_size'}, {'type': 'attr_tuple', 'dtype': 'int', 'range_values': -1, 'name': 'window_size'}]","{'type': 'attr', 'dtype': 'float', 'range_values': 0.0, 'name': 'softcap'}","{'type': 'attr', 'dtype': 'int', 'range_values': 0, 'name': 'num_splits'}","{'type': 'attr', 'dtype': 'bool', 'range_values': False, 'name': 'deterministic'}","{'type': 'attr', 'dtype': 'bool', 'range_values': False, 'name': 'return_lse'}","{'acc': {'cv_fused_double_benchmark': {'max_re_ratio': 2.0, 'avg_re_ratio': 1.2, 'root_mean_squared_ratio': 1.2}}, 'perf': 'not_key', 'mem': 1.1}",1
2,flash_attn_npu_4.flash_attn_varlen_func,flash_attn_varlen_func_v4_accuracy,"{'type': 'tensor', 'dtype': 'bf16', 'range_values': [-5.0, 5.0], 'shape': [1, 4, 32], 'name': 'q', 'backward': True}","{'type': 'tensor', 'dtype': 'bf16', 'range_values': [-5.0, 5.0], 'shape': [1, 2, 32], 'name': 'k', 'backward': True}","{'type': 'tensor', 'dtype': 'bf16', 'range_values': [-5.0, 5.0], 'shape': [1, 2, 32], 'name': 'v', 'backward': True}","{'type': 'tensor', 'dtype': 'bf16', 'range_values': 'default', 'shape': [1, 4, 32], 'name': 'qv', 'backward': True}","{'type': 'tensor', 'dtype': 'int32', 'range_values': [0, 1], 'shape': [2], 'name': 'cu_seqlens_q', 'backward': True}","{'type': 'tensor', 'dtype': 'int32', 'range_values': [0, 1], 'shape': [2], 'name': 'cu_seqlens_k', 'backward': True}","{'type': 'attr', 'dtype': 'int', 'range_values': 1, 'name': 'max_seqlen_q'}","{'type': 'attr', 'dtype': 'int', 'range_values': 1, 'name': 'max_seqlen_k'}","{'type': 'attr', 'dtype': 'float', 'range_values': 0.125, 'name': 'softmax_scale'}","{'type': 'attr', 'dtype': 'bool', 'range_values': True, 'name': 'causal'}","[{'type': 'attr_tuple', 'dtype': 'int', 'range_values': -1, 'name': 'window_size'}, {'type': 'attr_tuple', 'dtype': 'int', 'range_values': -1, 'name': 'window_size'}]","{'type': 'attr', 'dtype': 'float', 'range_values': 0.0, 'name': 'softcap'}","{'type': 'attr', 'dtype': 'int', 'range_values': 0, 'name': 'num_splits'}","{'type': 'attr', 'dtype': 'bool', 'range_values': False, 'name': 'deterministic'}","{'type': 'attr', 'dtype': 'bool', 'range_values': False, 'name': 'return_lse'}","{'acc': {'cv_fused_double_benchmark': {'max_re_ratio': 2.0, 'avg_re_ratio': 1.2, 'root_mean_squared_ratio': 1.2}}, 'perf': 'not_key', 'mem': 1.1}",1
3,flash_attn_npu_4.flash_attn_varlen_func,flash_attn_varlen_func_v4_accuracy,"{'type': 'tensor', 'dtype': 'fp16', 'range_values': [-5.0, 5.0], 'shape': [4, 2, 16], 'name': 'q', 'backward': True}","{'type': 'tensor', 'dtype': 'fp16', 'range_values': [-5.0, 5.0], 'shape': [4, 1, 16], 'name': 'k', 'backward': True}","{'type': 'tensor', 'dtype': 'fp16', 'range_values': [-5.0, 5.0], 'shape': [4, 1, 16], 'name': 'v', 'backward': True}","{'type': 'tensor', 'dtype': 'fp16', 'range_values': 'default', 'shape': [4, 2, 16], 'name': 'qv', 'backward': True}","{'type': 'tensor', 'dtype': 'int32', 'range_values': [0, 4], 'shape': [3], 'name': 'cu_seqlens_q', 'backward': True}","{'type': 'tensor', 'dtype': 'int32', 'range_values': [0, 4], 'shape': [3], 'name': 'cu_seqlens_k', 'backward': True}","{'type': 'attr', 'dtype': 'int', 'range_values': 2, 'name': 'max_seqlen_q'}","{'type': 'attr', 'dtype': 'int', 'range_values': 2, 'name': 'max_seqlen_k'}","{'type': 'attr', 'dtype': 'float', 'range_values': 0.125, 'name': 'softmax_scale'}","{'type': 'attr', 'dtype': 'bool', 'range_values': True, 'name': 'causal'}","[{'type': 'attr_tuple', 'dtype': 'int', 'range_values': -1, 'name': 'window_size'}, {'type': 'attr_tuple', 'dtype': 'int', 'range_values': -1, 'name': 'window_size'}]","{'type': 'attr', 'dtype': 'float', 'range_values': 0.0, 'name': 'softcap'}","{'type': 'attr', 'dtype': 'int', 'range_values': 0, 'name': 'num_splits'}","{'type': 'attr', 'dtype': 'bool', 'range_values': False, 'name': 'deterministic'}","{'type': 'attr', 'dtype': 'bool', 'range_values': False, 'name': 'return_lse'}","{'acc': {'cv_fused_double_benchmark': {'max_re_ratio': 2.0, 'avg_re_ratio': 1.2, 'root_mean_squared_ratio': 1.2}}, 'perf': 'not_key', 'mem': 1.1}",1
4,flash_attn_npu_4.flash_attn_varlen_func,flash_attn_varlen_func_v4_accuracy,"{'type': 'tensor', 'dtype': 'bf16', 'range_values': [-5.0, 5.0], 'shape': [2, 1, 64], 'name': 'q', 'backward': True}","{'type': 'tensor', 'dtype': 'bf16', 'range_values': [-5.0, 5.0], 'shape': [2, 1, 64], 'name': 'k', 'backward': True}","{'type': 'tensor', 'dtype': 'bf16', 'range_values': [-5.0, 5.0], 'shape': [2, 1, 64], 'name': 'v', 'backward': True}","{'type': 'tensor', 'dtype': 'bf16', 'range_values': 'default', 'shape': [2, 1, 64], 'name': 'qv', 'backward': True}","{'type': 'tensor', 'dtype': 'int32', 'range_values': [0, 2], 'shape': [3], 'name': 'cu_seqlens_q', 'backward': True}","{'type': 'tensor', 'dtype': 'int32', 'range_values': [0, 2], 'shape': [3], 'name': 'cu_seqlens_k', 'backward': True}","{'type': 'attr', 'dtype': 'int', 'range_values': 1, 'name': 'max_seqlen_q'}","{'type': 'attr', 'dtype': 'int', 'range_values': 1, 'name': 'max_seqlen_k'}","{'type': 'attr', 'dtype': 'float', 'range_values': 0.125, 'name': 'softmax_scale'}","{'type': 'attr', 'dtype': 'bool', 'range_values': False, 'name': 'causal'}","[{'type': 'attr_tuple', 'dtype': 'int', 'range_values': -1, 'name': 'window_size'}, {'type': 'attr_tuple', 'dtype': 'int', 'range_values': -1, 'name': 'window_size'}]","{'type': 'attr', 'dtype': 'float', 'range_values': 0.0, 'name': 'softcap'}","{'type': 'attr', 'dtype': 'int', 'range_values': 0, 'name': 'num_splits'}","{'type': 'attr', 'dtype': 'bool', 'range_values': False, 'name': 'deterministic'}","{'type': 'attr', 'dtype': 'bool', 'range_values': False, 'name': 'return_lse'}","{'acc': {'cv_fused_double_benchmark': {'max_re_ratio': 2.0, 'avg_re_ratio': 1.2, 'root_mean_squared_ratio': 1.2}}, 'perf': 'not_key', 'mem': 1.1}",1
5,flash_attn_npu_4.flash_attn_varlen_func,flash_attn_varlen_func_v4_accuracy,"{'type': 'tensor', 'dtype': 'bf16', 'range_values': [-5.0, 5.0], 'shape': [8, 1, 16], 'name': 'q', 'backward': True}","{'type': 'tensor', 'dtype': 'bf16', 'range_values': [-5.0, 5.0], 'shape': [8, 1, 16], 'name': 'k', 'backward': True}","{'type': 'tensor', 'dtype': 'bf16', 'range_values': [-5.0, 5.0], 'shape': [8, 1, 16], 'name': 'v', 'backward': True}","{'type': 'tensor', 'dtype': 'bf16', 'range_values': 'default', 'shape': [8, 1, 16], 'name': 'qv', 'backward': True}","{'type': 'tensor', 'dtype': 'int32', 'range_values': [0, 8], 'shape': [5], 'name': 'cu_seqlens_q', 'backward': True}","{'type': 'tensor', 'dtype': 'int32', 'range_values': [0, 8], 'shape': [5], 'name': 'cu_seqlens_k', 'backward': True}","{'type': 'attr', 'dtype': 'int', 'range_values': 2, 'name': 'max_seqlen_q'}","{'type': 'attr', 'dtype': 'int', 'range_values': 2, 'name': 'max_seqlen_k'}","{'type': 'attr', 'dtype': 'float', 'range_values': 0.125, 'name': 'softmax_scale'}","{'type': 'attr', 'dtype': 'bool', 'range_values': True, 'name': 'causal'}","[{'type': 'attr_tuple', 'dtype': 'int', 'range_values': -1, 'name': 'window_size'}, {'type': 'attr_tuple', 'dtype': 'int', 'range_values': -1, 'name': 'window_size'}]","{'type': 'attr', 'dtype': 'float', 'range_values': 0.0, 'name': 'softcap'}","{'type': 'attr', 'dtype': 'int', 'range_values': 0, 'name': 'num_splits'}","{'type': 'attr', 'dtype': 'bool', 'range_values': False, 'name': 'deterministic'}","{'type': 'attr', 'dtype': 'bool', 'range_values': False, 'name': 'return_lse'}","{'acc': {'cv_fused_double_benchmark': {'max_re_ratio': 2.0, 'avg_re_ratio': 1.2, 'root_mean_squared_ratio': 1.2}}, 'perf': 'not_key', 'mem': 1.1}",1
6,flash_attn_npu_4.flash_attn_varlen_func,flash_attn_varlen_func_v4_accuracy,"{'type': 'tensor', 'dtype': 'bf16', 'range_values': [-5.0, 5.0], 'shape': [17, 1, 16], 'name': 'q', 'backward': True}","{'type': 'tensor', 'dtype': 'bf16', 'range_values': [-5.0, 5.0], 'shape': [2, 1, 16], 'name': 'k', 'backward': True}","{'type': 'tensor', 'dtype': 'bf16', 'range_values': [-5.0, 5.0], 'shape': [2, 1, 16], 'name': 'v', 'backward': True}","{'type': 'tensor', 'dtype': 'bf16', 'range_values': 'default', 'shape': [17, 1, 16], 'name': 'qv', 'backward': True}","{'type': 'tensor', 'dtype': 'int32', 'range_values': [0, 17], 'shape': [3], 'name': 'cu_seqlens_q', 'backward': True}","{'type': 'tensor', 'dtype': 'int32', 'range_values': [0, 2], 'shape': [3], 'name': 'cu_seqlens_k', 'backward': True}","{'type': 'attr', 'dtype': 'int', 'range_values': 9, 'name': 'max_seqlen_q'}","{'type': 'attr', 'dtype': 'int', 'range_values': 1, 'name': 'max_seqlen_k'}","{'type': 'attr', 'dtype': 'float', 'range_values': 0.125, 'name': 'softmax_scale'}","{'type': 'attr', 'dtype': 'bool', 'range_values': False, 'name': 'causal'}","[{'type': 'attr_tuple', 'dtype': 'int', 'range_values': -1, 'name': 'window_size'}, {'type': 'attr_tuple', 'dtype': 'int', 'range_values': -1, 'name': 'window_size'}]","{'type': 'attr', 'dtype': 'float', 'range_values': 0.0, 'name': 'softcap'}","{'type': 'attr', 'dtype': 'int', 'range_values': 0, 'name': 'num_splits'}","{'type': 'attr', 'dtype': 'bool', 'range_values': False, 'name': 'deterministic'}","{'type': 'attr', 'dtype': 'bool', 'range_values': False, 'name': 'return_lse'}","{'acc': {'cv_fused_double_benchmark': {'max_re_ratio': 2.0, 'avg_re_ratio': 1.2, 'root_mean_squared_ratio': 1.2}}, 'perf': 'not_key', 'mem': 1.1}",1
7,flash_attn_npu_4.flash_attn_varlen_func,flash_attn_varlen_func_v4_accuracy,"{'type': 'tensor', 'dtype': 'bf16', 'range_values': [-5.0, 5.0], 'shape': [4, 1, 16], 'name': 'q', 'backward': True}","{'type': 'tensor', 'dtype': 'bf16', 'range_values': [-5.0, 5.0], 'shape': [17, 1, 16], 'name': 'k', 'backward': True}","{'type': 'tensor', 'dtype': 'bf16', 'range_values': [-5.0, 5.0], 'shape': [17, 1, 16], 'name': 'v', 'backward': True}","{'type': 'tensor', 'dtype': 'bf16', 'range_values': 'default', 'shape': [4, 1, 16], 'name': 'qv', 'backward': True}","{'type': 'tensor', 'dtype': 'int32', 'range_values': [0, 4], 'shape': [3], 'name': 'cu_seqlens_q', 'backward': True}","{'type': 'tensor', 'dtype': 'int32', 'range_values': [0, 17], 'shape': [3], 'name': 'cu_seqlens_k', 'backward': True}","{'type': 'attr', 'dtype': 'int', 'range_values': 2, 'name': 'max_seqlen_q'}","{'type': 'attr', 'dtype': 'int', 'range_values': 9, 'name': 'max_seqlen_k'}","{'type': 'attr', 'dtype': 'float', 'range_values': 0.125, 'name': 'softmax_scale'}","{'type': 'attr', 'dtype': 'bool', 'range_values': False, 'name': 'causal'}","[{'type': 'attr_tuple', 'dtype': 'int', 'range_values': -1, 'name': 'window_size'}, {'type': 'attr_tuple', 'dtype': 'int', 'range_values': -1, 'name': 'window_size'}]","{'type': 'attr', 'dtype': 'float', 'range_values': 0.0, 'name': 'softcap'}","{'type': 'attr', 'dtype': 'int', 'range_values': 0, 'name': 'num_splits'}","{'type': 'attr', 'dtype': 'bool', 'range_values': False, 'name': 'deterministic'}","{'type': 'attr', 'dtype': 'bool', 'range_values': False, 'name': 'return_lse'}","{'acc': {'cv_fused_double_benchmark': {'max_re_ratio': 2.0, 'avg_re_ratio': 1.2, 'root_mean_squared_ratio': 1.2}}, 'perf': 'not_key', 'mem': 1.1}",1
8,flash_attn_npu_4.flash_attn_varlen_func,flash_attn_varlen_func_v4_accuracy,"{'type': 'tensor', 'dtype': 'fp16', 'range_values': [-5.0, 5.0], 'shape': [2, 4, 32], 'name': 'q', 'backward': True}","{'type': 'tensor', 'dtype': 'fp16', 'range_values': [-5.0, 5.0], 'shape': [2, 4, 32], 'name': 'k', 'backward': True}","{'type': 'tensor', 'dtype': 'fp16', 'range_values': [-5.0, 5.0], 'shape': [2, 4, 32], 'name': 'v', 'backward': True}","{'type': 'tensor', 'dtype': 'fp16', 'range_values': 'default', 'shape': [2, 4, 32], 'name': 'qv', 'backward': True}","{'type': 'tensor', 'dtype': 'int32', 'range_values': [0, 2], 'shape': [3], 'name': 'cu_seqlens_q', 'backward': True}","{'type': 'tensor', 'dtype': 'int32', 'range_values': [0, 2], 'shape': [3], 'name': 'cu_seqlens_k', 'backward': True}","{'type': 'attr', 'dtype': 'int', 'range_values': 1, 'name': 'max_seqlen_q'}","{'type': 'attr', 'dtype': 'int', 'range_values': 1, 'name': 'max_seqlen_k'}","{'type': 'attr', 'dtype': 'float', 'range_values': 0.125, 'name': 'softmax_scale'}","{'type': 'attr', 'dtype': 'bool', 'range_values': True, 'name': 'causal'}","[{'type': 'attr_tuple', 'dtype': 'int', 'range_values': -1, 'name': 'window_size'}, {'type': 'attr_tuple', 'dtype': 'int', 'range_values': -1, 'name': 'window_size'}]","{'type': 'attr', 'dtype': 'float', 'range_values': 0.0, 'name': 'softcap'}","{'type': 'attr', 'dtype': 'int', 'range_values': 0, 'name': 'num_splits'}","{'type': 'attr', 'dtype': 'bool', 'range_values': False, 'name': 'deterministic'}","{'type': 'attr', 'dtype': 'bool', 'range_values': False, 'name': 'return_lse'}","{'acc': {'cv_fused_double_benchmark': {'max_re_ratio': 2.0, 'avg_re_ratio': 1.2, 'root_mean_squared_ratio': 1.2}}, 'perf': 'not_key', 'mem': 1.1}",1
9,flash_attn_npu_4.flash_attn_varlen_func,flash_attn_varlen_func_v4_accuracy,"{'type': 'tensor', 'dtype': 'fp16', 'range_values': [-5.0, 5.0], 'shape': [2, 4, 32], 'name': 'q', 'backward': True}","{'type': 'tensor', 'dtype': 'fp16', 'range_values': [-5.0, 5.0], 'shape': [2, 4, 32], 'name': 'k', 'backward': True}","{'type': 'tensor', 'dtype': 'fp16', 'range_values': [-5.0, 5.0], 'shape': [2, 4, 32], 'name': 'v', 'backward': True}","{'type': 'tensor', 'dtype': 'fp16', 'range_values': 'default', 'shape': [2, 4, 32], 'name': 'qv', 'backward': True}","{'type': 'tensor', 'dtype': 'int32', 'range_values': [0, 2], 'shape': [3], 'name': 'cu_seqlens_q', 'backward': True}","{'type': 'tensor', 'dtype': 'int32', 'range_values': [0, 2], 'shape': [3], 'name': 'cu_seqlens_k', 'backward': True}","{'type': 'attr', 'dtype': 'int', 'range_values': 1, 'name': 'max_seqlen_q'}","{'type': 'attr', 'dtype': 'int', 'range_values': 1, 'name': 'max_seqlen_k'}","{'type': 'attr', 'dtype': 'float', 'range_values': 0.125, 'name': 'softmax_scale'}","{'type': 'attr', 'dtype': 'bool', 'range_values': False, 'name': 'causal'}","[{'type': 'attr_tuple', 'dtype': 'int', 'range_values': -1, 'name': 'window_size'}, {'type': 'attr_tuple', 'dtype': 'int', 'range_values': -1, 'name': 'window_size'}]","{'type': 'attr', 'dtype': 'float', 'range_values': 0.0, 'name': 'softcap'}","{'type': 'attr', 'dtype': 'int', 'range_values': 0, 'name': 'num_splits'}","{'type': 'attr', 'dtype': 'bool', 'range_values': False, 'name': 'deterministic'}","{'type': 'attr', 'dtype': 'bool', 'range_values': False, 'name': 'return_lse'}","{'acc': {'cv_fused_double_benchmark': {'max_re_ratio': 2.0, 'avg_re_ratio': 1.2, 'root_mean_squared_ratio': 1.2}}, 'perf': 'not_key', 'mem': 1.1}",1
10,flash_attn_npu_4.flash_attn_varlen_func,flash_attn_varlen_func_v4_accuracy,"{'type': 'tensor', 'dtype': 'bf16', 'range_values': [-5.0, 5.0], 'shape': [32, 1, 16], 'name': 'q', 'backward': True}","{'type': 'tensor', 'dtype': 'bf16', 'range_values': [-5.0, 5.0], 'shape': [2, 1, 16], 'name': 'k', 'backward': True}","{'type': 'tensor', 'dtype': 'bf16', 'range_values': [-5.0, 5.0], 'shape': [2, 1, 16], 'name': 'v', 'backward': True}","{'type': 'tensor', 'dtype': 'bf16', 'range_values': 'default', 'shape': [32, 1, 16], 'name': 'qv', 'backward': True}","{'type': 'tensor', 'dtype': 'int32', 'range_values': [0, 32], 'shape': [3], 'name': 'cu_seqlens_q', 'backward': True}","{'type': 'tensor', 'dtype': 'int32', 'range_values': [0, 2], 'shape': [3], 'name': 'cu_seqlens_k', 'backward': True}","{'type': 'attr', 'dtype': 'int', 'range_values': 16, 'name': 'max_seqlen_q'}","{'type': 'attr', 'dtype': 'int', 'range_values': 1, 'name': 'max_seqlen_k'}","{'type': 'attr', 'dtype': 'float', 'range_values': 0.125, 'name': 'softmax_scale'}","{'type': 'attr', 'dtype': 'bool', 'range_values': False, 'name': 'causal'}","[{'type': 'attr_tuple', 'dtype': 'int', 'range_values': -1, 'name': 'window_size'}, {'type': 'attr_tuple', 'dtype': 'int', 'range_values': -1, 'name': 'window_size'}]","{'type': 'attr', 'dtype': 'float', 'range_values': 0.0, 'name': 'softcap'}","{'type': 'attr', 'dtype': 'int', 'range_values': 0, 'name': 'num_splits'}","{'type': 'attr', 'dtype': 'bool', 'range_values': False, 'name': 'deterministic'}","{'type': 'attr', 'dtype': 'bool', 'range_values': False, 'name': 'return_lse'}","{'acc': {'cv_fused_double_benchmark': {'max_re_ratio': 2.0, 'avg_re_ratio': 1.2, 'root_mean_squared_ratio': 1.2}}, 'perf': 'not_key', 'mem': 1.1}",1
11,flash_attn_npu_4.flash_attn_varlen_func,flash_attn_varlen_func_v4_accuracy,"{'type': 'tensor', 'dtype': 'bf16', 'range_values': [-5.0, 5.0], 'shape': [8, 1, 64], 'name': 'q', 'backward': True}","{'type': 'tensor', 'dtype': 'bf16', 'range_values': [-5.0, 5.0], 'shape': [2, 1, 64], 'name': 'k', 'backward': True}","{'type': 'tensor', 'dtype': 'bf16', 'range_values': [-5.0, 5.0], 'shape': [2, 1, 64], 'name': 'v', 'backward': True}","{'type': 'tensor', 'dtype': 'bf16', 'range_values': 'default', 'shape': [8, 1, 64], 'name': 'qv', 'backward': True}","{'type': 'tensor', 'dtype': 'int32', 'range_values': [0, 8], 'shape': [2], 'name': 'cu_seqlens_q', 'backward': True}","{'type': 'tensor', 'dtype': 'int32', 'range_values': [0, 2], 'shape': [2], 'name': 'cu_seqlens_k', 'backward': True}","{'type': 'attr', 'dtype': 'int', 'range_values': 8, 'name': 'max_seqlen_q'}","{'type': 'attr', 'dtype': 'int', 'range_values': 2, 'name': 'max_seqlen_k'}","{'type': 'attr', 'dtype': 'float', 'range_values': 0.125, 'name': 'softmax_scale'}","{'type': 'attr', 'dtype': 'bool', 'range_values': False, 'name': 'causal'}","[{'type': 'attr_tuple', 'dtype': 'int', 'range_values': -1, 'name': 'window_size'}, {'type': 'attr_tuple', 'dtype': 'int', 'range_values': -1, 'name': 'window_size'}]","{'type': 'attr', 'dtype': 'float', 'range_values': 0.0, 'name': 'softcap'}","{'type': 'attr', 'dtype': 'int', 'range_values': 0, 'name': 'num_splits'}","{'type': 'attr', 'dtype': 'bool', 'range_values': False, 'name': 'deterministic'}","{'type': 'attr', 'dtype': 'bool', 'range_values': False, 'name': 'return_lse'}","{'acc': {'cv_fused_double_benchmark': {'max_re_ratio': 2.0, 'avg_re_ratio': 1.2, 'root_mean_squared_ratio': 1.2}}, 'perf': 'not_key', 'mem': 1.1}",1
12,flash_attn_npu_4.flash_attn_varlen_func,flash_attn_varlen_func_v4_accuracy,"{'type': 'tensor', 'dtype': 'fp16', 'range_values': [-5.0, 5.0], 'shape': [8, 4, 16], 'name': 'q', 'backward': True}","{'type': 'tensor', 'dtype': 'fp16', 'range_values': [-5.0, 5.0], 'shape': [8, 1, 16], 'name': 'k', 'backward': True}","{'type': 'tensor', 'dtype': 'fp16', 'range_values': [-5.0, 5.0], 'shape': [8, 1, 16], 'name': 'v', 'backward': True}","{'type': 'tensor', 'dtype': 'fp16', 'range_values': 'default', 'shape': [8, 4, 16], 'name': 'qv', 'backward': True}","{'type': 'tensor', 'dtype': 'int32', 'range_values': [0, 8], 'shape': [2], 'name': 'cu_seqlens_q', 'backward': True}","{'type': 'tensor', 'dtype': 'int32', 'range_values': [0, 8], 'shape': [2], 'name': 'cu_seqlens_k', 'backward': True}","{'type': 'attr', 'dtype': 'int', 'range_values': 8, 'name': 'max_seqlen_q'}","{'type': 'attr', 'dtype': 'int', 'range_values': 8, 'name': 'max_seqlen_k'}","{'type': 'attr', 'dtype': 'float', 'range_values': 0.125, 'name': 'softmax_scale'}","{'type': 'attr', 'dtype': 'bool', 'range_values': True, 'name': 'causal'}","[{'type': 'attr_tuple', 'dtype': 'int', 'range_values': -1, 'name': 'window_size'}, {'type': 'attr_tuple', 'dtype': 'int', 'range_values': -1, 'name': 'window_size'}]","{'type': 'attr', 'dtype': 'float', 'range_values': 0.0, 'name': 'softcap'}","{'type': 'attr', 'dtype': 'int', 'range_values': 0, 'name': 'num_splits'}","{'type': 'attr', 'dtype': 'bool', 'range_values': False, 'name': 'deterministic'}","{'type': 'attr', 'dtype': 'bool', 'range_values': False, 'name': 'return_lse'}","{'acc': {'cv_fused_double_benchmark': {'max_re_ratio': 2.0, 'avg_re_ratio': 1.2, 'root_mean_squared_ratio': 1.2}}, 'perf': 'not_key', 'mem': 1.1}",1
13,flash_attn_npu_4.flash_attn_varlen_func,flash_attn_varlen_func_v4_accuracy,"{'type': 'tensor', 'dtype': 'fp16', 'range_values': [-5.0, 5.0], 'shape': [7, 1, 16], 'name': 'q', 'backward': True}","{'type': 'tensor', 'dtype': 'fp16', 'range_values': [-5.0, 5.0], 'shape': [33, 1, 16], 'name': 'k', 'backward': True}","{'type': 'tensor', 'dtype': 'fp16', 'range_values': [-5.0, 5.0], 'shape': [33, 1, 16], 'name': 'v', 'backward': True}","{'type': 'tensor', 'dtype': 'fp16', 'range_values': 'default', 'shape': [7, 1, 16], 'name': 'qv', 'backward': True}","{'type': 'tensor', 'dtype': 'int32', 'range_values': [0, 7], 'shape': [5], 'name': 'cu_seqlens_q', 'backward': True}","{'type': 'tensor', 'dtype': 'int32', 'range_values': [0, 33], 'shape': [5], 'name': 'cu_seqlens_k', 'backward': True}","{'type': 'attr', 'dtype': 'int', 'range_values': 2, 'name': 'max_seqlen_q'}","{'type': 'attr', 'dtype': 'int', 'range_values': 9, 'name': 'max_seqlen_k'}","{'type': 'attr', 'dtype': 'float', 'range_values': 0.125, 'name': 'softmax_scale'}","{'type': 'attr', 'dtype': 'bool', 'range_values': True, 'name': 'causal'}","[{'type': 'attr_tuple', 'dtype': 'int', 'range_values': -1, 'name': 'window_size'}, {'type': 'attr_tuple', 'dtype': 'int', 'range_values': -1, 'name': 'window_size'}]","{'type': 'attr', 'dtype': 'float', 'range_values': 0.0, 'name': 'softcap'}","{'type': 'attr', 'dtype': 'int', 'range_values': 0, 'name': 'num_splits'}","{'type': 'attr', 'dtype': 'bool', 'range_values': False, 'name': 'deterministic'}","{'type': 'attr', 'dtype': 'bool', 'range_values': False, 'name': 'return_lse'}","{'acc': {'cv_fused_double_benchmark': {'max_re_ratio': 2.0, 'avg_re_ratio': 1.2, 'root_mean_squared_ratio': 1.2}}, 'perf': 'not_key', 'mem': 1.1}",1
14,flash_attn_npu_4.flash_attn_varlen_func,flash_attn_varlen_func_v4_accuracy,"{'type': 'tensor', 'dtype': 'fp16', 'range_values': [-5.0, 5.0], 'shape': [8, 1, 32], 'name': 'q', 'backward': True}","{'type': 'tensor', 'dtype': 'fp16', 'range_values': [-5.0, 5.0], 'shape': [15, 1, 32], 'name': 'k', 'backward': True}","{'type': 'tensor', 'dtype': 'fp16', 'range_values': [-5.0, 5.0], 'shape': [15, 1, 32], 'name': 'v', 'backward': True}","{'type': 'tensor', 'dtype': 'fp16', 'range_values': 'default', 'shape': [8, 1, 32], 'name': 'qv', 'backward': True}","{'type': 'tensor', 'dtype': 'int32', 'range_values': [0, 8], 'shape': [9], 'name': 'cu_seqlens_q', 'backward': True}","{'type': 'tensor', 'dtype': 'int32', 'range_values': [0, 15], 'shape': [9], 'name': 'cu_seqlens_k', 'backward': True}","{'type': 'attr', 'dtype': 'int', 'range_values': 1, 'name': 'max_seqlen_q'}","{'type': 'attr', 'dtype': 'int', 'range_values': 2, 'name': 'max_seqlen_k'}","{'type': 'attr', 'dtype': 'float', 'range_values': 0.125, 'name': 'softmax_scale'}","{'type': 'attr', 'dtype': 'bool', 'range_values': False, 'name': 'causal'}","[{'type': 'attr_tuple', 'dtype': 'int', 'range_values': -1, 'name': 'window_size'}, {'type': 'attr_tuple', 'dtype': 'int', 'range_values': -1, 'name': 'window_size'}]","{'type': 'attr', 'dtype': 'float', 'range_values': 0.0, 'name': 'softcap'}","{'type': 'attr', 'dtype': 'int', 'range_values': 0, 'name': 'num_splits'}","{'type': 'attr', 'dtype': 'bool', 'range_values': False, 'name': 'deterministic'}","{'type': 'attr', 'dtype': 'bool', 'range_values': False, 'name': 'return_lse'}","{'acc': {'cv_fused_double_benchmark': {'max_re_ratio': 2.0, 'avg_re_ratio': 1.2, 'root_mean_squared_ratio': 1.2}}, 'perf': 'not_key', 'mem': 1.1}",1
15,flash_attn_npu_4.flash_attn_varlen_func,flash_attn_varlen_func_v4_accuracy,"{'type': 'tensor', 'dtype': 'fp16', 'range_values': [-5.0, 5.0], 'shape': [4, 2, 32], 'name': 'q', 'backward': True}","{'type': 'tensor', 'dtype': 'fp16', 'range_values': [-5.0, 5.0], 'shape': [8, 2, 32], 'name': 'k', 'backward': True}","{'type': 'tensor', 'dtype': 'fp16', 'range_values': [-5.0, 5.0], 'shape': [8, 2, 32], 'name': 'v', 'backward': True}","{'type': 'tensor', 'dtype': 'fp16', 'range_values': 'default', 'shape': [4, 2, 32], 'name': 'qv', 'backward': True}","{'type': 'tensor', 'dtype': 'int32', 'range_values': [0, 4], 'shape': [2], 'name': 'cu_seqlens_q', 'backward': True}","{'type': 'tensor', 'dtype': 'int32', 'range_values': [0, 8], 'shape': [2], 'name': 'cu_seqlens_k', 'backward': True}","{'type': 'attr', 'dtype': 'int', 'range_values': 4, 'name': 'max_seqlen_q'}","{'type': 'attr', 'dtype': 'int', 'range_values': 8, 'name': 'max_seqlen_k'}","{'type': 'attr', 'dtype': 'float', 'range_values': 0.125, 'name': 'softmax_scale'}","{'type': 'attr', 'dtype': 'bool', 'range_values': False, 'name': 'causal'}","[{'type': 'attr_tuple', 'dtype': 'int', 'range_values': -1, 'name': 'window_size'}, {'type': 'attr_tuple', 'dtype': 'int', 'range_values': -1, 'name': 'window_size'}]","{'type': 'attr', 'dtype': 'float', 'range_values': 0.0, 'name': 'softcap'}","{'type': 'attr', 'dtype': 'int', 'range_values': 0, 'name': 'num_splits'}","{'type': 'attr', 'dtype': 'bool', 'range_values': False, 'name': 'deterministic'}","{'type': 'attr', 'dtype': 'bool', 'range_values': False, 'name': 'return_lse'}","{'acc': {'cv_fused_double_benchmark': {'max_re_ratio': 2.0, 'avg_re_ratio': 1.2, 'root_mean_squared_ratio': 1.2}}, 'perf': 'not_key', 'mem': 1.1}",1
16,flash_attn_npu_4.flash_attn_varlen_func,flash_attn_varlen_func_v4_accuracy,"{'type': 'tensor', 'dtype': 'fp16', 'range_values': [-5.0, 5.0], 'shape': [2, 4, 32], 'name': 'q', 'backward': True}","{'type': 'tensor', 'dtype': 'fp16', 'range_values': [-5.0, 5.0], 'shape': [16, 1, 32], 'name': 'k', 'backward': True}","{'type': 'tensor', 'dtype': 'fp16', 'range_values': [-5.0, 5.0], 'shape': [16, 1, 32], 'name': 'v', 'backward': True}","{'type': 'tensor', 'dtype': 'fp16', 'range_values': 'default', 'shape': [2, 4, 32], 'name': 'qv', 'backward': True}","{'type': 'tensor', 'dtype': 'int32', 'range_values': [0, 2], 'shape': [3], 'name': 'cu_seqlens_q', 'backward': True}","{'type': 'tensor', 'dtype': 'int32', 'range_values': [0, 16], 'shape': [3], 'name': 'cu_seqlens_k', 'backward': True}","{'type': 'attr', 'dtype': 'int', 'range_values': 1, 'name': 'max_seqlen_q'}","{'type': 'attr', 'dtype': 'int', 'range_values': 8, 'name': 'max_seqlen_k'}","{'type': 'attr', 'dtype': 'float', 'range_values': 0.125, 'name': 'softmax_scale'}","{'type': 'attr', 'dtype': 'bool', 'range_values': False, 'name': 'causal'}","[{'type': 'attr_tuple', 'dtype': 'int', 'range_values': -1, 'name': 'window_size'}, {'type': 'attr_tuple', 'dtype': 'int', 'range_values': -1, 'name': 'window_size'}]","{'type': 'attr', 'dtype': 'float', 'range_values': 0.0, 'name': 'softcap'}","{'type': 'attr', 'dtype': 'int', 'range_values': 0, 'name': 'num_splits'}","{'type': 'attr', 'dtype': 'bool', 'range_values': False, 'name': 'deterministic'}","{'type': 'attr', 'dtype': 'bool', 'range_values': False, 'name': 'return_lse'}","{'acc': {'cv_fused_double_benchmark': {'max_re_ratio': 2.0, 'avg_re_ratio': 1.2, 'root_mean_squared_ratio': 1.2}}, 'perf': 'not_key', 'mem': 1.1}",1
17,flash_attn_npu_4.flash_attn_varlen_func,flash_attn_varlen_func_v4_accuracy,"{'type': 'tensor', 'dtype': 'bf16', 'range_values': [-5.0, 5.0], 'shape': [17, 2, 16], 'name': 'q', 'backward': True}","{'type': 'tensor', 'dtype': 'bf16', 'range_values': [-5.0, 5.0], 'shape': [7, 2, 16], 'name': 'k', 'backward': True}","{'type': 'tensor', 'dtype': 'bf16', 'range_values': [-5.0, 5.0], 'shape': [7, 2, 16], 'name': 'v', 'backward': True}","{'type': 'tensor', 'dtype': 'bf16', 'range_values': 'default', 'shape': [17, 2, 16], 'name': 'qv', 'backward': True}","{'type': 'tensor', 'dtype': 'int32', 'range_values': [0, 17], 'shape': [5], 'name': 'cu_seqlens_q', 'backward': True}","{'type': 'tensor', 'dtype': 'int32', 'range_values': [0, 7], 'shape': [5], 'name': 'cu_seqlens_k', 'backward': True}","{'type': 'attr', 'dtype': 'int', 'range_values': 5, 'name': 'max_seqlen_q'}","{'type': 'attr', 'dtype': 'int', 'range_values': 2, 'name': 'max_seqlen_k'}","{'type': 'attr', 'dtype': 'float', 'range_values': 0.125, 'name': 'softmax_scale'}","{'type': 'attr', 'dtype': 'bool', 'range_values': False, 'name': 'causal'}","[{'type': 'attr_tuple', 'dtype': 'int', 'range_values': -1, 'name': 'window_size'}, {'type': 'attr_tuple', 'dtype': 'int', 'range_values': -1, 'name': 'window_size'}]","{'type': 'attr', 'dtype': 'float', 'range_values': 0.0, 'name': 'softcap'}","{'type': 'attr', 'dtype': 'int', 'range_values': 0, 'name': 'num_splits'}","{'type': 'attr', 'dtype': 'bool', 'range_values': False, 'name': 'deterministic'}","{'type': 'attr', 'dtype': 'bool', 'range_values': False, 'name': 'return_lse'}","{'acc': {'cv_fused_double_benchmark': {'max_re_ratio': 2.0, 'avg_re_ratio': 1.2, 'root_mean_squared_ratio': 1.2}}, 'perf': 'not_key', 'mem': 1.1}",1
18,flash_attn_npu_4.flash_attn_varlen_func,flash_attn_varlen_func_v4_accuracy,"{'type': 'tensor', 'dtype': 'bf16', 'range_values': [-5.0, 5.0], 'shape': [7, 1, 64], 'name': 'q', 'backward': True}","{'type': 'tensor', 'dtype': 'bf16', 'range_values': [-5.0, 5.0], 'shape': [7, 1, 64], 'name': 'k', 'backward': True}","{'type': 'tensor', 'dtype': 'bf16', 'range_values': [-5.0, 5.0], 'shape': [7, 1, 64], 'name': 'v', 'backward': True}","{'type': 'tensor', 'dtype': 'bf16', 'range_values': 'default', 'shape': [7, 1, 64], 'name': 'qv', 'backward': True}","{'type': 'tensor', 'dtype': 'int32', 'range_values': [0, 7], 'shape': [5], 'name': 'cu_seqlens_q', 'backward': True}","{'type': 'tensor', 'dtype': 'int32', 'range_values': [0, 7], 'shape': [5], 'name': 'cu_seqlens_k', 'backward': True}","{'type': 'attr', 'dtype': 'int', 'range_values': 2, 'name': 'max_seqlen_q'}","{'type': 'attr', 'dtype': 'int', 'range_values': 2, 'name': 'max_seqlen_k'}","{'type': 'attr', 'dtype': 'float', 'range_values': 0.125, 'name': 'softmax_scale'}","{'type': 'attr', 'dtype': 'bool', 'range_values': True, 'name': 'causal'}","[{'type': 'attr_tuple', 'dtype': 'int', 'range_values': -1, 'name': 'window_size'}, {'type': 'attr_tuple', 'dtype': 'int', 'range_values': -1, 'name': 'window_size'}]","{'type': 'attr', 'dtype': 'float', 'range_values': 0.0, 'name': 'softcap'}","{'type': 'attr', 'dtype': 'int', 'range_values': 0, 'name': 'num_splits'}","{'type': 'attr', 'dtype': 'bool', 'range_values': False, 'name': 'deterministic'}","{'type': 'attr', 'dtype': 'bool', 'range_values': False, 'name': 'return_lse'}","{'acc': {'cv_fused_double_benchmark': {'max_re_ratio': 2.0, 'avg_re_ratio': 1.2, 'root_mean_squared_ratio': 1.2}}, 'perf': 'not_key', 'mem': 1.1}",1
19,flash_attn_npu_4.flash_attn_varlen_func,flash_attn_varlen_func_v4_accuracy,"{'type': 'tensor', 'dtype': 'fp16', 'range_values': [-5.0, 5.0], 'shape': [31, 1, 16], 'name': 'q', 'backward': True}","{'type': 'tensor', 'dtype': 'fp16', 'range_values': [-5.0, 5.0], 'shape': [32, 1, 16], 'name': 'k', 'backward': True}","{'type': 'tensor', 'dtype': 'fp16', 'range_values': [-5.0, 5.0], 'shape': [32, 1, 16], 'name': 'v', 'backward': True}","{'type': 'tensor', 'dtype': 'fp16', 'range_values': 'default', 'shape': [31, 1, 16], 'name': 'qv', 'backward': True}","{'type': 'tensor', 'dtype': 'int32', 'range_values': [0, 31], 'shape': [2], 'name': 'cu_seqlens_q', 'backward': True}","{'type': 'tensor', 'dtype': 'int32', 'range_values': [0, 32], 'shape': [2], 'name': 'cu_seqlens_k', 'backward': True}","{'type': 'attr', 'dtype': 'int', 'range_values': 31, 'name': 'max_seqlen_q'}","{'type': 'attr', 'dtype': 'int', 'range_values': 32, 'name': 'max_seqlen_k'}","{'type': 'attr', 'dtype': 'float', 'range_values': 0.125, 'name': 'softmax_scale'}","{'type': 'attr', 'dtype': 'bool', 'range_values': False, 'name': 'causal'}","[{'type': 'attr_tuple', 'dtype': 'int', 'range_values': -1, 'name': 'window_size'}, {'type': 'attr_tuple', 'dtype': 'int', 'range_values': -1, 'name': 'window_size'}]","{'type': 'attr', 'dtype': 'float', 'range_values': 0.0, 'name': 'softcap'}","{'type': 'attr', 'dtype': 'int', 'range_values': 0, 'name': 'num_splits'}","{'type': 'attr', 'dtype': 'bool', 'range_values': False, 'name': 'deterministic'}","{'type': 'attr', 'dtype': 'bool', 'range_values': False, 'name': 'return_lse'}","{'acc': {'cv_fused_double_benchmark': {'max_re_ratio': 2.0, 'avg_re_ratio': 1.2, 'root_mean_squared_ratio': 1.2}}, 'perf': 'not_key', 'mem': 1.1}",1
20,flash_attn_npu_4.flash_attn_varlen_func,flash_attn_varlen_func_v4_accuracy,"{'type': 'tensor', 'dtype': 'fp16', 'range_values': [-5.0, 5.0], 'shape': [1, 2, 32], 'name': 'q', 'backward': True}","{'type': 'tensor', 'dtype': 'fp16', 'range_values': [-5.0, 5.0], 'shape': [15, 2, 32], 'name': 'k', 'backward': True}","{'type': 'tensor', 'dtype': 'fp16', 'range_values': [-5.0, 5.0], 'shape': [15, 2, 32], 'name': 'v', 'backward': True}","{'type': 'tensor', 'dtype': 'fp16', 'range_values': 'default', 'shape': [1, 2, 32], 'name': 'qv', 'backward': True}","{'type': 'tensor', 'dtype': 'int32', 'range_values': [0, 1], 'shape': [2], 'name': 'cu_seqlens_q', 'backward': True}","{'type': 'tensor', 'dtype': 'int32', 'range_values': [0, 15], 'shape': [2], 'name': 'cu_seqlens_k', 'backward': True}","{'type': 'attr', 'dtype': 'int', 'range_values': 1, 'name': 'max_seqlen_q'}","{'type': 'attr', 'dtype': 'int', 'range_values': 15, 'name': 'max_seqlen_k'}","{'type': 'attr', 'dtype': 'float', 'range_values': 0.125, 'name': 'softmax_scale'}","{'type': 'attr', 'dtype': 'bool', 'range_values': True, 'name': 'causal'}","[{'type': 'attr_tuple', 'dtype': 'int', 'range_values': -1, 'name': 'window_size'}, {'type': 'attr_tuple', 'dtype': 'int', 'range_values': -1, 'name': 'window_size'}]","{'type': 'attr', 'dtype': 'float', 'range_values': 0.0, 'name': 'softcap'}","{'type': 'attr', 'dtype': 'int', 'range_values': 0, 'name': 'num_splits'}","{'type': 'attr', 'dtype': 'bool', 'range_values': False, 'name': 'deterministic'}","{'type': 'attr', 'dtype': 'bool', 'range_values': False, 'name': 'return_lse'}","{'acc': {'cv_fused_double_benchmark': {'max_re_ratio': 2.0, 'avg_re_ratio': 1.2, 'root_mean_squared_ratio': 1.2}}, 'perf': 'not_key', 'mem': 1.1}",1
21,flash_attn_npu_4.flash_attn_varlen_func,flash_attn_varlen_func_v4_accuracy,"{'type': 'tensor', 'dtype': 'bf16', 'range_values': [-5.0, 5.0], 'shape': [1, 16, 32], 'name': 'q', 'backward': True}","{'type': 'tensor', 'dtype': 'bf16', 'range_values': [-5.0, 5.0], 'shape': [1, 16, 32], 'name': 'k', 'backward': True}","{'type': 'tensor', 'dtype': 'bf16', 'range_values': [-5.0, 5.0], 'shape': [1, 16, 32], 'name': 'v', 'backward': True}","{'type': 'tensor', 'dtype': 'bf16', 'range_values': 'default', 'shape': [1, 16, 32], 'name': 'qv', 'backward': True}","{'type': 'tensor', 'dtype': 'int32', 'range_values': [0, 1], 'shape': [2], 'name': 'cu_seqlens_q', 'backward': True}","{'type': 'tensor', 'dtype': 'int32', 'range_values': [0, 1], 'shape': [2], 'name': 'cu_seqlens_k', 'backward': True}","{'type': 'attr', 'dtype': 'int', 'range_values': 1, 'name': 'max_seqlen_q'}","{'type': 'attr', 'dtype': 'int', 'range_values': 1, 'name': 'max_seqlen_k'}","{'type': 'attr', 'dtype': 'float', 'range_values': 0.125, 'name': 'softmax_scale'}","{'type': 'attr', 'dtype': 'bool', 'range_values': True, 'name': 'causal'}","[{'type': 'attr_tuple', 'dtype': 'int', 'range_values': -1, 'name': 'window_size'}, {'type': 'attr_tuple', 'dtype': 'int', 'range_values': -1, 'name': 'window_size'}]","{'type': 'attr', 'dtype': 'float', 'range_values': 0.0, 'name': 'softcap'}","{'type': 'attr', 'dtype': 'int', 'range_values': 0, 'name': 'num_splits'}","{'type': 'attr', 'dtype': 'bool', 'range_values': False, 'name': 'deterministic'}","{'type': 'attr', 'dtype': 'bool', 'range_values': False, 'name': 'return_lse'}","{'acc': {'cv_fused_double_benchmark': {'max_re_ratio': 2.0, 'avg_re_ratio': 1.2, 'root_mean_squared_ratio': 1.2}}, 'perf': 'not_key', 'mem': 1.1}",1
22,flash_attn_npu_4.flash_attn_varlen_func,flash_attn_varlen_func_v4_accuracy,"{'type': 'tensor', 'dtype': 'fp16', 'range_values': [-5.0, 5.0], 'shape': [2, 16, 16], 'name': 'q', 'backward': True}","{'type': 'tensor', 'dtype': 'fp16', 'range_values': [-5.0, 5.0], 'shape': [32, 1, 16], 'name': 'k', 'backward': True}","{'type': 'tensor', 'dtype': 'fp16', 'range_values': [-5.0, 5.0], 'shape': [32, 1, 16], 'name': 'v', 'backward': True}","{'type': 'tensor', 'dtype': 'fp16', 'range_values': 'default', 'shape': [2, 16, 16], 'name': 'qv', 'backward': True}","{'type': 'tensor', 'dtype': 'int32', 'range_values': [0, 2], 'shape': [2], 'name': 'cu_seqlens_q', 'backward': True}","{'type': 'tensor', 'dtype': 'int32', 'range_values': [0, 32], 'shape': [2], 'name': 'cu_seqlens_k', 'backward': True}","{'type': 'attr', 'dtype': 'int', 'range_values': 2, 'name': 'max_seqlen_q'}","{'type': 'attr', 'dtype': 'int', 'range_values': 32, 'name': 'max_seqlen_k'}","{'type': 'attr', 'dtype': 'float', 'range_values': 0.125, 'name': 'softmax_scale'}","{'type': 'attr', 'dtype': 'bool', 'range_values': True, 'name': 'causal'}","[{'type': 'attr_tuple', 'dtype': 'int', 'range_values': -1, 'name': 'window_size'}, {'type': 'attr_tuple', 'dtype': 'int', 'range_values': -1, 'name': 'window_size'}]","{'type': 'attr', 'dtype': 'float', 'range_values': 0.0, 'name': 'softcap'}","{'type': 'attr', 'dtype': 'int', 'range_values': 0, 'name': 'num_splits'}","{'type': 'attr', 'dtype': 'bool', 'range_values': False, 'name': 'deterministic'}","{'type': 'attr', 'dtype': 'bool', 'range_values': False, 'name': 'return_lse'}","{'acc': {'cv_fused_double_benchmark': {'max_re_ratio': 2.0, 'avg_re_ratio': 1.2, 'root_mean_squared_ratio': 1.2}}, 'perf': 'not_key', 'mem': 1.1}",1
23,flash_attn_npu_4.flash_attn_varlen_func,flash_attn_varlen_func_v4_accuracy,"{'type': 'tensor', 'dtype': 'bf16', 'range_values': [-5.0, 5.0], 'shape': [2, 1, 256], 'name': 'q', 'backward': True}","{'type': 'tensor', 'dtype': 'bf16', 'range_values': [-5.0, 5.0], 'shape': [2, 1, 256], 'name': 'k', 'backward': True}","{'type': 'tensor', 'dtype': 'bf16', 'range_values': [-5.0, 5.0], 'shape': [2, 1, 256], 'name': 'v', 'backward': True}","{'type': 'tensor', 'dtype': 'bf16', 'range_values': 'default', 'shape': [2, 1, 256], 'name': 'qv', 'backward': True}","{'type': 'tensor', 'dtype': 'int32', 'range_values': [0, 2], 'shape': [3], 'name': 'cu_seqlens_q', 'backward': True}","{'type': 'tensor', 'dtype': 'int32', 'range_values': [0, 2], 'shape': [3], 'name': 'cu_seqlens_k', 'backward': True}","{'type': 'attr', 'dtype': 'int', 'range_values': 1, 'name': 'max_seqlen_q'}","{'type': 'attr', 'dtype': 'int', 'range_values': 1, 'name': 'max_seqlen_k'}","{'type': 'attr', 'dtype': 'float', 'range_values': 0.125, 'name': 'softmax_scale'}","{'type': 'attr', 'dtype': 'bool', 'range_values': True, 'name': 'causal'}","[{'type': 'attr_tuple', 'dtype': 'int', 'range_values': -1, 'name': 'window_size'}, {'type': 'attr_tuple', 'dtype': 'int', 'range_values': -1, 'name': 'window_size'}]","{'type': 'attr', 'dtype': 'float', 'range_values': 0.0, 'name': 'softcap'}","{'type': 'attr', 'dtype': 'int', 'range_values': 0, 'name': 'num_splits'}","{'type': 'attr', 'dtype': 'bool', 'range_values': False, 'name': 'deterministic'}","{'type': 'attr', 'dtype': 'bool', 'range_values': False, 'name': 'return_lse'}","{'acc': {'cv_fused_double_benchmark': {'max_re_ratio': 2.0, 'avg_re_ratio': 1.2, 'root_mean_squared_ratio': 1.2}}, 'perf': 'not_key', 'mem': 1.1}",1
24,flash_attn_npu_4.flash_attn_varlen_func,flash_attn_varlen_func_v4_accuracy,"{'type': 'tensor', 'dtype': 'bf16', 'range_values': [-5.0, 5.0], 'shape': [4, 8, 32], 'name': 'q', 'backward': True}","{'type': 'tensor', 'dtype': 'bf16', 'range_values': [-5.0, 5.0], 'shape': [2, 2, 32], 'name': 'k', 'backward': True}","{'type': 'tensor', 'dtype': 'bf16', 'range_values': [-5.0, 5.0], 'shape': [2, 2, 32], 'name': 'v', 'backward': True}","{'type': 'tensor', 'dtype': 'bf16', 'range_values': 'default', 'shape': [4, 8, 32], 'name': 'qv', 'backward': True}","{'type': 'tensor', 'dtype': 'int32', 'range_values': [0, 4], 'shape': [3], 'name': 'cu_seqlens_q', 'backward': True}","{'type': 'tensor', 'dtype': 'int32', 'range_values': [0, 2], 'shape': [3], 'name': 'cu_seqlens_k', 'backward': True}","{'type': 'attr', 'dtype': 'int', 'range_values': 2, 'name': 'max_seqlen_q'}","{'type': 'attr', 'dtype': 'int', 'range_values': 1, 'name': 'max_seqlen_k'}","{'type': 'attr', 'dtype': 'float', 'range_values': 0.125, 'name': 'softmax_scale'}","{'type': 'attr', 'dtype': 'bool', 'range_values': False, 'name': 'causal'}","[{'type': 'attr_tuple', 'dtype': 'int', 'range_values': -1, 'name': 'window_size'}, {'type': 'attr_tuple', 'dtype': 'int', 'range_values': -1, 'name': 'window_size'}]","{'type': 'attr', 'dtype': 'float', 'range_values': 0.0, 'name': 'softcap'}","{'type': 'attr', 'dtype': 'int', 'range_values': 0, 'name': 'num_splits'}","{'type': 'attr', 'dtype': 'bool', 'range_values': False, 'name': 'deterministic'}","{'type': 'attr', 'dtype': 'bool', 'range_values': False, 'name': 'return_lse'}","{'acc': {'cv_fused_double_benchmark': {'max_re_ratio': 2.0, 'avg_re_ratio': 1.2, 'root_mean_squared_ratio': 1.2}}, 'perf': 'not_key', 'mem': 1.1}",1
25,flash_attn_npu_4.flash_attn_varlen_func,flash_attn_varlen_func_v4_accuracy,"{'type': 'tensor', 'dtype': 'bf16', 'range_values': [-5.0, 5.0], 'shape': [4, 1, 32], 'name': 'q', 'backward': True}","{'type': 'tensor', 'dtype': 'bf16', 'range_values': [-5.0, 5.0], 'shape': [33, 1, 32], 'name': 'k', 'backward': True}","{'type': 'tensor', 'dtype': 'bf16', 'range_values': [-5.0, 5.0], 'shape': [33, 1, 32], 'name': 'v', 'backward': True}","{'type': 'tensor', 'dtype': 'bf16', 'range_values': 'default', 'shape': [4, 1, 32], 'name': 'qv', 'backward': True}","{'type': 'tensor', 'dtype': 'int32', 'range_values': [0, 4], 'shape': [5], 'name': 'cu_seqlens_q', 'backward': True}","{'type': 'tensor', 'dtype': 'int32', 'range_values': [0, 33], 'shape': [5], 'name': 'cu_seqlens_k', 'backward': True}","{'type': 'attr', 'dtype': 'int', 'range_values': 1, 'name': 'max_seqlen_q'}","{'type': 'attr', 'dtype': 'int', 'range_values': 9, 'name': 'max_seqlen_k'}","{'type': 'attr', 'dtype': 'float', 'range_values': 0.125, 'name': 'softmax_scale'}","{'type': 'attr', 'dtype': 'bool', 'range_values': True, 'name': 'causal'}","[{'type': 'attr_tuple', 'dtype': 'int', 'range_values': -1, 'name': 'window_size'}, {'type': 'attr_tuple', 'dtype': 'int', 'range_values': -1, 'name': 'window_size'}]","{'type': 'attr', 'dtype': 'float', 'range_values': 0.0, 'name': 'softcap'}","{'type': 'attr', 'dtype': 'int', 'range_values': 0, 'name': 'num_splits'}","{'type': 'attr', 'dtype': 'bool', 'range_values': False, 'name': 'deterministic'}","{'type': 'attr', 'dtype': 'bool', 'range_values': False, 'name': 'return_lse'}","{'acc': {'cv_fused_double_benchmark': {'max_re_ratio': 2.0, 'avg_re_ratio': 1.2, 'root_mean_squared_ratio': 1.2}}, 'perf': 'not_key', 'mem': 1.1}",1
26,flash_attn_npu_4.flash_attn_varlen_func,flash_attn_varlen_func_v4_accuracy,"{'type': 'tensor', 'dtype': 'bf16', 'range_values': [-5.0, 5.0], 'shape': [2, 1, 128], 'name': 'q', 'backward': True}","{'type': 'tensor', 'dtype': 'bf16', 'range_values': [-5.0, 5.0], 'shape': [8, 1, 128], 'name': 'k', 'backward': True}","{'type': 'tensor', 'dtype': 'bf16', 'range_values': [-5.0, 5.0], 'shape': [8, 1, 128], 'name': 'v', 'backward': True}","{'type': 'tensor', 'dtype': 'bf16', 'range_values': 'default', 'shape': [2, 1, 128], 'name': 'qv', 'backward': True}","{'type': 'tensor', 'dtype': 'int32', 'range_values': [0, 2], 'shape': [3], 'name': 'cu_seqlens_q', 'backward': True}","{'type': 'tensor', 'dtype': 'int32', 'range_values': [0, 8], 'shape': [3], 'name': 'cu_seqlens_k', 'backward': True}","{'type': 'attr', 'dtype': 'int', 'range_values': 1, 'name': 'max_seqlen_q'}","{'type': 'attr', 'dtype': 'int', 'range_values': 4, 'name': 'max_seqlen_k'}","{'type': 'attr', 'dtype': 'float', 'range_values': 0.125, 'name': 'softmax_scale'}","{'type': 'attr', 'dtype': 'bool', 'range_values': True, 'name': 'causal'}","[{'type': 'attr_tuple', 'dtype': 'int', 'range_values': -1, 'name': 'window_size'}, {'type': 'attr_tuple', 'dtype': 'int', 'range_values': -1, 'name': 'window_size'}]","{'type': 'attr', 'dtype': 'float', 'range_values': 0.0, 'name': 'softcap'}","{'type': 'attr', 'dtype': 'int', 'range_values': 0, 'name': 'num_splits'}","{'type': 'attr', 'dtype': 'bool', 'range_values': False, 'name': 'deterministic'}","{'type': 'attr', 'dtype': 'bool', 'range_values': False, 'name': 'return_lse'}","{'acc': {'cv_fused_double_benchmark': {'max_re_ratio': 2.0, 'avg_re_ratio': 1.2, 'root_mean_squared_ratio': 1.2}}, 'perf': 'not_key', 'mem': 1.1}",1
27,flash_attn_npu_4.flash_attn_varlen_func,flash_attn_varlen_func_v4_accuracy,"{'type': 'tensor', 'dtype': 'bf16', 'range_values': [-5.0, 5.0], 'shape': [2, 4, 32], 'name': 'q', 'backward': True}","{'type': 'tensor', 'dtype': 'bf16', 'range_values': [-5.0, 5.0], 'shape': [17, 2, 32], 'name': 'k', 'backward': True}","{'type': 'tensor', 'dtype': 'bf16', 'range_values': [-5.0, 5.0], 'shape': [17, 2, 32], 'name': 'v', 'backward': True}","{'type': 'tensor', 'dtype': 'bf16', 'range_values': 'default', 'shape': [2, 4, 32], 'name': 'qv', 'backward': True}","{'type': 'tensor', 'dtype': 'int32', 'range_values': [0, 2], 'shape': [3], 'name': 'cu_seqlens_q', 'backward': True}","{'type': 'tensor', 'dtype': 'int32', 'range_values': [0, 17], 'shape': [3], 'name': 'cu_seqlens_k', 'backward': True}","{'type': 'attr', 'dtype': 'int', 'range_values': 1, 'name': 'max_seqlen_q'}","{'type': 'attr', 'dtype': 'int', 'range_values': 9, 'name': 'max_seqlen_k'}","{'type': 'attr', 'dtype': 'float', 'range_values': 0.125, 'name': 'softmax_scale'}","{'type': 'attr', 'dtype': 'bool', 'range_values': False, 'name': 'causal'}","[{'type': 'attr_tuple', 'dtype': 'int', 'range_values': -1, 'name': 'window_size'}, {'type': 'attr_tuple', 'dtype': 'int', 'range_values': -1, 'name': 'window_size'}]","{'type': 'attr', 'dtype': 'float', 'range_values': 0.0, 'name': 'softcap'}","{'type': 'attr', 'dtype': 'int', 'range_values': 0, 'name': 'num_splits'}","{'type': 'attr', 'dtype': 'bool', 'range_values': False, 'name': 'deterministic'}","{'type': 'attr', 'dtype': 'bool', 'range_values': False, 'name': 'return_lse'}","{'acc': {'cv_fused_double_benchmark': {'max_re_ratio': 2.0, 'avg_re_ratio': 1.2, 'root_mean_squared_ratio': 1.2}}, 'perf': 'not_key', 'mem': 1.1}",1
28,flash_attn_npu_4.flash_attn_varlen_func,flash_attn_varlen_func_v4_accuracy,"{'type': 'tensor', 'dtype': 'bf16', 'range_values': [-5.0, 5.0], 'shape': [2, 8, 32], 'name': 'q', 'backward': True}","{'type': 'tensor', 'dtype': 'bf16', 'range_values': [-5.0, 5.0], 'shape': [15, 2, 32], 'name': 'k', 'backward': True}","{'type': 'tensor', 'dtype': 'bf16', 'range_values': [-5.0, 5.0], 'shape': [15, 2, 32], 'name': 'v', 'backward': True}","{'type': 'tensor', 'dtype': 'bf16', 'range_values': 'default', 'shape': [2, 8, 32], 'name': 'qv', 'backward': True}","{'type': 'tensor', 'dtype': 'int32', 'range_values': [0, 2], 'shape': [2], 'name': 'cu_seqlens_q', 'backward': True}","{'type': 'tensor', 'dtype': 'int32', 'range_values': [0, 15], 'shape': [2], 'name': 'cu_seqlens_k', 'backward': True}","{'type': 'attr', 'dtype': 'int', 'range_values': 2, 'name': 'max_seqlen_q'}","{'type': 'attr', 'dtype': 'int', 'range_values': 15, 'name': 'max_seqlen_k'}","{'type': 'attr', 'dtype': 'float', 'range_values': 0.125, 'name': 'softmax_scale'}","{'type': 'attr', 'dtype': 'bool', 'range_values': False, 'name': 'causal'}","[{'type': 'attr_tuple', 'dtype': 'int', 'range_values': -1, 'name': 'window_size'}, {'type': 'attr_tuple', 'dtype': 'int', 'range_values': -1, 'name': 'window_size'}]","{'type': 'attr', 'dtype': 'float', 'range_values': 0.0, 'name': 'softcap'}","{'type': 'attr', 'dtype': 'int', 'range_values': 0, 'name': 'num_splits'}","{'type': 'attr', 'dtype': 'bool', 'range_values': False, 'name': 'deterministic'}","{'type': 'attr', 'dtype': 'bool', 'range_values': False, 'name': 'return_lse'}","{'acc': {'cv_fused_double_benchmark': {'max_re_ratio': 2.0, 'avg_re_ratio': 1.2, 'root_mean_squared_ratio': 1.2}}, 'perf': 'not_key', 'mem': 1.1}",1
29,flash_attn_npu_4.flash_attn_varlen_func,flash_attn_varlen_func_v4_accuracy,"{'type': 'tensor', 'dtype': 'fp16', 'range_values': [-5.0, 5.0], 'shape': [15, 1, 32], 'name': 'q', 'backward': True}","{'type': 'tensor', 'dtype': 'fp16', 'range_values': [-5.0, 5.0], 'shape': [32, 1, 32], 'name': 'k', 'backward': True}","{'type': 'tensor', 'dtype': 'fp16', 'range_values': [-5.0, 5.0], 'shape': [32, 1, 32], 'name': 'v', 'backward': True}","{'type': 'tensor', 'dtype': 'fp16', 'range_values': 'default', 'shape': [15, 1, 32], 'name': 'qv', 'backward': True}","{'type': 'tensor', 'dtype': 'int32', 'range_values': [0, 15], 'shape': [2], 'name': 'cu_seqlens_q', 'backward': True}","{'type': 'tensor', 'dtype': 'int32', 'range_values': [0, 32], 'shape': [2], 'name': 'cu_seqlens_k', 'backward': True}","{'type': 'attr', 'dtype': 'int', 'range_values': 15, 'name': 'max_seqlen_q'}","{'type': 'attr', 'dtype': 'int', 'range_values': 32, 'name': 'max_seqlen_k'}","{'type': 'attr', 'dtype': 'float', 'range_values': 0.125, 'name': 'softmax_scale'}","{'type': 'attr', 'dtype': 'bool', 'range_values': False, 'name': 'causal'}","[{'type': 'attr_tuple', 'dtype': 'int', 'range_values': -1, 'name': 'window_size'}, {'type': 'attr_tuple', 'dtype': 'int', 'range_values': -1, 'name': 'window_size'}]","{'type': 'attr', 'dtype': 'float', 'range_values': 0.0, 'name': 'softcap'}","{'type': 'attr', 'dtype': 'int', 'range_values': 0, 'name': 'num_splits'}","{'type': 'attr', 'dtype': 'bool', 'range_values': False, 'name': 'deterministic'}","{'type': 'attr', 'dtype': 'bool', 'range_values': False, 'name': 'return_lse'}","{'acc': {'cv_fused_double_benchmark': {'max_re_ratio': 2.0, 'avg_re_ratio': 1.2, 'root_mean_squared_ratio': 1.2}}, 'perf': 'not_key', 'mem': 1.1}",1
30,flash_attn_npu_4.flash_attn_varlen_func,flash_attn_varlen_func_v4_accuracy,"{'type': 'tensor', 'dtype': 'fp16', 'range_values': [-5.0, 5.0], 'shape': [8, 4, 16], 'name': 'q', 'backward': True}","{'type': 'tensor', 'dtype': 'fp16', 'range_values': [-5.0, 5.0], 'shape': [17, 4, 16], 'name': 'k', 'backward': True}","{'type': 'tensor', 'dtype': 'fp16', 'range_values': [-5.0, 5.0], 'shape': [17, 4, 16], 'name': 'v', 'backward': True}","{'type': 'tensor', 'dtype': 'fp16', 'range_values': 'default', 'shape': [8, 4, 16], 'name': 'qv', 'backward': True}","{'type': 'tensor', 'dtype': 'int32', 'range_values': [0, 8], 'shape': [3], 'name': 'cu_seqlens_q', 'backward': True}","{'type': 'tensor', 'dtype': 'int32', 'range_values': [0, 17], 'shape': [3], 'name': 'cu_seqlens_k', 'backward': True}","{'type': 'attr', 'dtype': 'int', 'range_values': 4, 'name': 'max_seqlen_q'}","{'type': 'attr', 'dtype': 'int', 'range_values': 9, 'name': 'max_seqlen_k'}","{'type': 'attr', 'dtype': 'float', 'range_values': 0.125, 'name': 'softmax_scale'}","{'type': 'attr', 'dtype': 'bool', 'range_values': True, 'name': 'causal'}","[{'type': 'attr_tuple', 'dtype': 'int', 'range_values': -1, 'name': 'window_size'}, {'type': 'attr_tuple', 'dtype': 'int', 'range_values': -1, 'name': 'window_size'}]","{'type': 'attr', 'dtype': 'float', 'range_values': 0.0, 'name': 'softcap'}","{'type': 'attr', 'dtype': 'int', 'range_values': 0, 'name': 'num_splits'}","{'type': 'attr', 'dtype': 'bool', 'range_values': False, 'name': 'deterministic'}","{'type': 'attr', 'dtype': 'bool', 'range_values': False, 'name': 'return_lse'}","{'acc': {'cv_fused_double_benchmark': {'max_re_ratio': 2.0, 'avg_re_ratio': 1.2, 'root_mean_squared_ratio': 1.2}}, 'perf': 'not_key', 'mem': 1.1}",1
31,flash_attn_npu_4.flash_attn_varlen_func,flash_attn_varlen_func_v4_accuracy,"{'type': 'tensor', 'dtype': 'bf16', 'range_values': [-5.0, 5.0], 'shape': [96, 1, 16], 'name': 'q', 'backward': True}","{'type': 'tensor', 'dtype': 'bf16', 'range_values': [-5.0, 5.0], 'shape': [7, 1, 16], 'name': 'k', 'backward': True}","{'type': 'tensor', 'dtype': 'bf16', 'range_values': [-5.0, 5.0], 'shape': [7, 1, 16], 'name': 'v', 'backward': True}","{'type': 'tensor', 'dtype': 'bf16', 'range_values': 'default', 'shape': [96, 1, 16], 'name': 'qv', 'backward': True}","{'type': 'tensor', 'dtype': 'int32', 'range_values': [0, 96], 'shape': [5], 'name': 'cu_seqlens_q', 'backward': True}","{'type': 'tensor', 'dtype': 'int32', 'range_values': [0, 7], 'shape': [5], 'name': 'cu_seqlens_k', 'backward': True}","{'type': 'attr', 'dtype': 'int', 'range_values': 24, 'name': 'max_seqlen_q'}","{'type': 'attr', 'dtype': 'int', 'range_values': 2, 'name': 'max_seqlen_k'}","{'type': 'attr', 'dtype': 'float', 'range_values': 0.125, 'name': 'softmax_scale'}","{'type': 'attr', 'dtype': 'bool', 'range_values': False, 'name': 'causal'}","[{'type': 'attr_tuple', 'dtype': 'int', 'range_values': -1, 'name': 'window_size'}, {'type': 'attr_tuple', 'dtype': 'int', 'range_values': -1, 'name': 'window_size'}]","{'type': 'attr', 'dtype': 'float', 'range_values': 0.0, 'name': 'softcap'}","{'type': 'attr', 'dtype': 'int', 'range_values': 0, 'name': 'num_splits'}","{'type': 'attr', 'dtype': 'bool', 'range_values': False, 'name': 'deterministic'}","{'type': 'attr', 'dtype': 'bool', 'range_values': False, 'name': 'return_lse'}","{'acc': {'cv_fused_double_benchmark': {'max_re_ratio': 2.0, 'avg_re_ratio': 1.2, 'root_mean_squared_ratio': 1.2}}, 'perf': 'not_key', 'mem': 1.1}",1
32,flash_attn_npu_4.flash_attn_varlen_func,flash_attn_varlen_func_v4_accuracy,"{'type': 'tensor', 'dtype': 'bf16', 'range_values': [-5.0, 5.0], 'shape': [7, 1, 128], 'name': 'q', 'backward': True}","{'type': 'tensor', 'dtype': 'bf16', 'range_values': [-5.0, 5.0], 'shape': [7, 1, 128], 'name': 'k', 'backward': True}","{'type': 'tensor', 'dtype': 'bf16', 'range_values': [-5.0, 5.0], 'shape': [7, 1, 128], 'name': 'v', 'backward': True}","{'type': 'tensor', 'dtype': 'bf16', 'range_values': 'default', 'shape': [7, 1, 128], 'name': 'qv', 'backward': True}","{'type': 'tensor', 'dtype': 'int32', 'range_values': [0, 7], 'shape': [3], 'name': 'cu_seqlens_q', 'backward': True}","{'type': 'tensor', 'dtype': 'int32', 'range_values': [0, 7], 'shape': [3], 'name': 'cu_seqlens_k', 'backward': True}","{'type': 'attr', 'dtype': 'int', 'range_values': 4, 'name': 'max_seqlen_q'}","{'type': 'attr', 'dtype': 'int', 'range_values': 4, 'name': 'max_seqlen_k'}","{'type': 'attr', 'dtype': 'float', 'range_values': 0.125, 'name': 'softmax_scale'}","{'type': 'attr', 'dtype': 'bool', 'range_values': True, 'name': 'causal'}","[{'type': 'attr_tuple', 'dtype': 'int', 'range_values': -1, 'name': 'window_size'}, {'type': 'attr_tuple', 'dtype': 'int', 'range_values': -1, 'name': 'window_size'}]","{'type': 'attr', 'dtype': 'float', 'range_values': 0.0, 'name': 'softcap'}","{'type': 'attr', 'dtype': 'int', 'range_values': 0, 'name': 'num_splits'}","{'type': 'attr', 'dtype': 'bool', 'range_values': False, 'name': 'deterministic'}","{'type': 'attr', 'dtype': 'bool', 'range_values': False, 'name': 'return_lse'}","{'acc': {'cv_fused_double_benchmark': {'max_re_ratio': 2.0, 'avg_re_ratio': 1.2, 'root_mean_squared_ratio': 1.2}}, 'perf': 'not_key', 'mem': 1.1}",1
33,flash_attn_npu_4.flash_attn_varlen_func,flash_attn_varlen_func_v4_accuracy,"{'type': 'tensor', 'dtype': 'bf16', 'range_values': [-5.0, 5.0], 'shape': [7, 2, 64], 'name': 'q', 'backward': True}","{'type': 'tensor', 'dtype': 'bf16', 'range_values': [-5.0, 5.0], 'shape': [8, 2, 64], 'name': 'k', 'backward': True}","{'type': 'tensor', 'dtype': 'bf16', 'range_values': [-5.0, 5.0], 'shape': [8, 2, 64], 'name': 'v', 'backward': True}","{'type': 'tensor', 'dtype': 'bf16', 'range_values': 'default', 'shape': [7, 2, 64], 'name': 'qv', 'backward': True}","{'type': 'tensor', 'dtype': 'int32', 'range_values': [0, 7], 'shape': [2], 'name': 'cu_seqlens_q', 'backward': True}","{'type': 'tensor', 'dtype': 'int32', 'range_values': [0, 8], 'shape': [2], 'name': 'cu_seqlens_k', 'backward': True}","{'type': 'attr', 'dtype': 'int', 'range_values': 7, 'name': 'max_seqlen_q'}","{'type': 'attr', 'dtype': 'int', 'range_values': 8, 'name': 'max_seqlen_k'}","{'type': 'attr', 'dtype': 'float', 'range_values': 0.125, 'name': 'softmax_scale'}","{'type': 'attr', 'dtype': 'bool', 'range_values': False, 'name': 'causal'}","[{'type': 'attr_tuple', 'dtype': 'int', 'range_values': -1, 'name': 'window_size'}, {'type': 'attr_tuple', 'dtype': 'int', 'range_values': -1, 'name': 'window_size'}]","{'type': 'attr', 'dtype': 'float', 'range_values': 0.0, 'name': 'softcap'}","{'type': 'attr', 'dtype': 'int', 'range_values': 0, 'name': 'num_splits'}","{'type': 'attr', 'dtype': 'bool', 'range_values': False, 'name': 'deterministic'}","{'type': 'attr', 'dtype': 'bool', 'range_values': False, 'name': 'return_lse'}","{'acc': {'cv_fused_double_benchmark': {'max_re_ratio': 2.0, 'avg_re_ratio': 1.2, 'root_mean_squared_ratio': 1.2}}, 'perf': 'not_key', 'mem': 1.1}",1
34,flash_attn_npu_4.flash_attn_varlen_func,flash_attn_varlen_func_v4_accuracy,"{'type': 'tensor', 'dtype': 'bf16', 'range_values': [-5.0, 5.0], 'shape': [15, 4, 16], 'name': 'q', 'backward': True}","{'type': 'tensor', 'dtype': 'bf16', 'range_values': [-5.0, 5.0], 'shape': [15, 4, 16], 'name': 'k', 'backward': True}","{'type': 'tensor', 'dtype': 'bf16', 'range_values': [-5.0, 5.0], 'shape': [15, 4, 16], 'name': 'v', 'backward': True}","{'type': 'tensor', 'dtype': 'bf16', 'range_values': 'default', 'shape': [15, 4, 16], 'name': 'qv', 'backward': True}","{'type': 'tensor', 'dtype': 'int32', 'range_values': [0, 15], 'shape': [2], 'name': 'cu_seqlens_q', 'backward': True}","{'type': 'tensor', 'dtype': 'int32', 'range_values': [0, 15], 'shape': [2], 'name': 'cu_seqlens_k', 'backward': True}","{'type': 'attr', 'dtype': 'int', 'range_values': 15, 'name': 'max_seqlen_q'}","{'type': 'attr', 'dtype': 'int', 'range_values': 15, 'name': 'max_seqlen_k'}","{'type': 'attr', 'dtype': 'float', 'range_values': 0.125, 'name': 'softmax_scale'}","{'type': 'attr', 'dtype': 'bool', 'range_values': True, 'name': 'causal'}","[{'type': 'attr_tuple', 'dtype': 'int', 'range_values': -1, 'name': 'window_size'}, {'type': 'attr_tuple', 'dtype': 'int', 'range_values': -1, 'name': 'window_size'}]","{'type': 'attr', 'dtype': 'float', 'range_values': 0.0, 'name': 'softcap'}","{'type': 'attr', 'dtype': 'int', 'range_values': 0, 'name': 'num_splits'}","{'type': 'attr', 'dtype': 'bool', 'range_values': False, 'name': 'deterministic'}","{'type': 'attr', 'dtype': 'bool', 'range_values': False, 'name': 'return_lse'}","{'acc': {'cv_fused_double_benchmark': {'max_re_ratio': 2.0, 'avg_re_ratio': 1.2, 'root_mean_squared_ratio': 1.2}}, 'perf': 'not_key', 'mem': 1.1}",1
35,flash_attn_npu_4.flash_attn_varlen_func,flash_attn_varlen_func_v4_accuracy,"{'type': 'tensor', 'dtype': 'bf16', 'range_values': [-5.0, 5.0], 'shape': [31, 2, 16], 'name': 'q', 'backward': True}","{'type': 'tensor', 'dtype': 'bf16', 'range_values': [-5.0, 5.0], 'shape': [31, 2, 16], 'name': 'k', 'backward': True}","{'type': 'tensor', 'dtype': 'bf16', 'range_values': [-5.0, 5.0], 'shape': [31, 2, 16], 'name': 'v', 'backward': True}","{'type': 'tensor', 'dtype': 'bf16', 'range_values': 'default', 'shape': [31, 2, 16], 'name': 'qv', 'backward': True}","{'type': 'tensor', 'dtype': 'int32', 'range_values': [0, 31], 'shape': [9], 'name': 'cu_seqlens_q', 'backward': True}","{'type': 'tensor', 'dtype': 'int32', 'range_values': [0, 31], 'shape': [9], 'name': 'cu_seqlens_k', 'backward': True}","{'type': 'attr', 'dtype': 'int', 'range_values': 4, 'name': 'max_seqlen_q'}","{'type': 'attr', 'dtype': 'int', 'range_values': 4, 'name': 'max_seqlen_k'}","{'type': 'attr', 'dtype': 'float', 'range_values': 0.125, 'name': 'softmax_scale'}","{'type': 'attr', 'dtype': 'bool', 'range_values': True, 'name': 'causal'}","[{'type': 'attr_tuple', 'dtype': 'int', 'range_values': -1, 'name': 'window_size'}, {'type': 'attr_tuple', 'dtype': 'int', 'range_values': -1, 'name': 'window_size'}]","{'type': 'attr', 'dtype': 'float', 'range_values': 0.0, 'name': 'softcap'}","{'type': 'attr', 'dtype': 'int', 'range_values': 0, 'name': 'num_splits'}","{'type': 'attr', 'dtype': 'bool', 'range_values': False, 'name': 'deterministic'}","{'type': 'attr', 'dtype': 'bool', 'range_values': False, 'name': 'return_lse'}","{'acc': {'cv_fused_double_benchmark': {'max_re_ratio': 2.0, 'avg_re_ratio': 1.2, 'root_mean_squared_ratio': 1.2}}, 'perf': 'not_key', 'mem': 1.1}",1
36,flash_attn_npu_4.flash_attn_varlen_func,flash_attn_varlen_func_v4_accuracy,"{'type': 'tensor', 'dtype': 'bf16', 'range_values': [-5.0, 5.0], 'shape': [64, 1, 16], 'name': 'q', 'backward': True}","{'type': 'tensor', 'dtype': 'bf16', 'range_values': [-5.0, 5.0], 'shape': [64, 1, 16], 'name': 'k', 'backward': True}","{'type': 'tensor', 'dtype': 'bf16', 'range_values': [-5.0, 5.0], 'shape': [64, 1, 16], 'name': 'v', 'backward': True}","{'type': 'tensor', 'dtype': 'bf16', 'range_values': 'default', 'shape': [64, 1, 16], 'name': 'qv', 'backward': True}","{'type': 'tensor', 'dtype': 'int32', 'range_values': [0, 64], 'shape': [2], 'name': 'cu_seqlens_q', 'backward': True}","{'type': 'tensor', 'dtype': 'int32', 'range_values': [0, 64], 'shape': [2], 'name': 'cu_seqlens_k', 'backward': True}","{'type': 'attr', 'dtype': 'int', 'range_values': 64, 'name': 'max_seqlen_q'}","{'type': 'attr', 'dtype': 'int', 'range_values': 64, 'name': 'max_seqlen_k'}","{'type': 'attr', 'dtype': 'float', 'range_values': 0.125, 'name': 'softmax_scale'}","{'type': 'attr', 'dtype': 'bool', 'range_values': True, 'name': 'causal'}","[{'type': 'attr_tuple', 'dtype': 'int', 'range_values': -1, 'name': 'window_size'}, {'type': 'attr_tuple', 'dtype': 'int', 'range_values': -1, 'name': 'window_size'}]","{'type': 'attr', 'dtype': 'float', 'range_values': 0.0, 'name': 'softcap'}","{'type': 'attr', 'dtype': 'int', 'range_values': 0, 'name': 'num_splits'}","{'type': 'attr', 'dtype': 'bool', 'range_values': False, 'name': 'deterministic'}","{'type': 'attr', 'dtype': 'bool', 'range_values': False, 'name': 'return_lse'}","{'acc': {'cv_fused_double_benchmark': {'max_re_ratio': 2.0, 'avg_re_ratio': 1.2, 'root_mean_squared_ratio': 1.2}}, 'perf': 'not_key', 'mem': 1.1}",1
37,flash_attn_npu_4.flash_attn_varlen_func,flash_attn_varlen_func_v4_accuracy,"{'type': 'tensor', 'dtype': 'fp16', 'range_values': [-5.0, 5.0], 'shape': [8, 1, 128], 'name': 'q', 'backward': True}","{'type': 'tensor', 'dtype': 'fp16', 'range_values': [-5.0, 5.0], 'shape': [8, 1, 128], 'name': 'k', 'backward': True}","{'type': 'tensor', 'dtype': 'fp16', 'range_values': [-5.0, 5.0], 'shape': [8, 1, 128], 'name': 'v', 'backward': True}","{'type': 'tensor', 'dtype': 'fp16', 'range_values': 'default', 'shape': [8, 1, 128], 'name': 'qv', 'backward': True}","{'type': 'tensor', 'dtype': 'int32', 'range_values': [0, 8], 'shape': [2], 'name': 'cu_seqlens_q', 'backward': True}","{'type': 'tensor', 'dtype': 'int32', 'range_values': [0, 8], 'shape': [2], 'name': 'cu_seqlens_k', 'backward': True}","{'type': 'attr', 'dtype': 'int', 'range_values': 8, 'name': 'max_seqlen_q'}","{'type': 'attr', 'dtype': 'int', 'range_values': 8, 'name': 'max_seqlen_k'}","{'type': 'attr', 'dtype': 'float', 'range_values': 0.125, 'name': 'softmax_scale'}","{'type': 'attr', 'dtype': 'bool', 'range_values': True, 'name': 'causal'}","[{'type': 'attr_tuple', 'dtype': 'int', 'range_values': -1, 'name': 'window_size'}, {'type': 'attr_tuple', 'dtype': 'int', 'range_values': -1, 'name': 'window_size'}]","{'type': 'attr', 'dtype': 'float', 'range_values': 0.0, 'name': 'softcap'}","{'type': 'attr', 'dtype': 'int', 'range_values': 0, 'name': 'num_splits'}","{'type': 'attr', 'dtype': 'bool', 'range_values': False, 'name': 'deterministic'}","{'type': 'attr', 'dtype': 'bool', 'range_values': False, 'name': 'return_lse'}","{'acc': {'cv_fused_double_benchmark': {'max_re_ratio': 2.0, 'avg_re_ratio': 1.2, 'root_mean_squared_ratio': 1.2}}, 'perf': 'not_key', 'mem': 1.1}",1
38,flash_attn_npu_4.flash_attn_varlen_func,flash_attn_varlen_func_v4_accuracy,"{'type': 'tensor', 'dtype': 'bf16', 'range_values': [-5.0, 5.0], 'shape': [2, 4, 128], 'name': 'q', 'backward': True}","{'type': 'tensor', 'dtype': 'bf16', 'range_values': [-5.0, 5.0], 'shape': [2, 4, 128], 'name': 'k', 'backward': True}","{'type': 'tensor', 'dtype': 'bf16', 'range_values': [-5.0, 5.0], 'shape': [2, 4, 128], 'name': 'v', 'backward': True}","{'type': 'tensor', 'dtype': 'bf16', 'range_values': 'default', 'shape': [2, 4, 128], 'name': 'qv', 'backward': True}","{'type': 'tensor', 'dtype': 'int32', 'range_values': [0, 2], 'shape': [3], 'name': 'cu_seqlens_q', 'backward': True}","{'type': 'tensor', 'dtype': 'int32', 'range_values': [0, 2], 'shape': [3], 'name': 'cu_seqlens_k', 'backward': True}","{'type': 'attr', 'dtype': 'int', 'range_values': 1, 'name': 'max_seqlen_q'}","{'type': 'attr', 'dtype': 'int', 'range_values': 1, 'name': 'max_seqlen_k'}","{'type': 'attr', 'dtype': 'float', 'range_values': 0.125, 'name': 'softmax_scale'}","{'type': 'attr', 'dtype': 'bool', 'range_values': False, 'name': 'causal'}","[{'type': 'attr_tuple', 'dtype': 'int', 'range_values': -1, 'name': 'window_size'}, {'type': 'attr_tuple', 'dtype': 'int', 'range_values': -1, 'name': 'window_size'}]","{'type': 'attr', 'dtype': 'float', 'range_values': 0.0, 'name': 'softcap'}","{'type': 'attr', 'dtype': 'int', 'range_values': 0, 'name': 'num_splits'}","{'type': 'attr', 'dtype': 'bool', 'range_values': False, 'name': 'deterministic'}","{'type': 'attr', 'dtype': 'bool', 'range_values': False, 'name': 'return_lse'}","{'acc': {'cv_fused_double_benchmark': {'max_re_ratio': 2.0, 'avg_re_ratio': 1.2, 'root_mean_squared_ratio': 1.2}}, 'perf': 'not_key', 'mem': 1.1}",1
39,flash_attn_npu_4.flash_attn_varlen_func,flash_attn_varlen_func_v4_accuracy,"{'type': 'tensor', 'dtype': 'bf16', 'range_values': [-5.0, 5.0], 'shape': [4, 1, 256], 'name': 'q', 'backward': True}","{'type': 'tensor', 'dtype': 'bf16', 'range_values': [-5.0, 5.0], 'shape': [4, 1, 256], 'name': 'k', 'backward': True}","{'type': 'tensor', 'dtype': 'bf16', 'range_values': [-5.0, 5.0], 'shape': [4, 1, 256], 'name': 'v', 'backward': True}","{'type': 'tensor', 'dtype': 'bf16', 'range_values': 'default', 'shape': [4, 1, 256], 'name': 'qv', 'backward': True}","{'type': 'tensor', 'dtype': 'int32', 'range_values': [0, 4], 'shape': [5], 'name': 'cu_seqlens_q', 'backward': True}","{'type': 'tensor', 'dtype': 'int32', 'range_values': [0, 4], 'shape': [5], 'name': 'cu_seqlens_k', 'backward': True}","{'type': 'attr', 'dtype': 'int', 'range_values': 1, 'name': 'max_seqlen_q'}","{'type': 'attr', 'dtype': 'int', 'range_values': 1, 'name': 'max_seqlen_k'}","{'type': 'attr', 'dtype': 'float', 'range_values': 0.125, 'name': 'softmax_scale'}","{'type': 'attr', 'dtype': 'bool', 'range_values': True, 'name': 'causal'}","[{'type': 'attr_tuple', 'dtype': 'int', 'range_values': -1, 'name': 'window_size'}, {'type': 'attr_tuple', 'dtype': 'int', 'range_values': -1, 'name': 'window_size'}]","{'type': 'attr', 'dtype': 'float', 'range_values': 0.0, 'name': 'softcap'}","{'type': 'attr', 'dtype': 'int', 'range_values': 0, 'name': 'num_splits'}","{'type': 'attr', 'dtype': 'bool', 'range_values': False, 'name': 'deterministic'}","{'type': 'attr', 'dtype': 'bool', 'range_values': False, 'name': 'return_lse'}","{'acc': {'cv_fused_double_benchmark': {'max_re_ratio': 2.0, 'avg_re_ratio': 1.2, 'root_mean_squared_ratio': 1.2}}, 'perf': 'not_key', 'mem': 1.1}",1
40,flash_attn_npu_4.flash_attn_varlen_func,flash_attn_varlen_func_v4_accuracy,"{'type': 'tensor', 'dtype': 'fp16', 'range_values': [-5.0, 5.0], 'shape': [2, 2, 16], 'name': 'q', 'backward': True}","{'type': 'tensor', 'dtype': 'fp16', 'range_values': [-5.0, 5.0], 'shape': [65, 2, 16], 'name': 'k', 'backward': True}","{'type': 'tensor', 'dtype': 'fp16', 'range_values': [-5.0, 5.0], 'shape': [65, 2, 16], 'name': 'v', 'backward': True}","{'type': 'tensor', 'dtype': 'fp16', 'range_values': 'default', 'shape': [2, 2, 16], 'name': 'qv', 'backward': True}","{'type': 'tensor', 'dtype': 'int32', 'range_values': [0, 2], 'shape': [3], 'name': 'cu_seqlens_q', 'backward': True}","{'type': 'tensor', 'dtype': 'int32', 'range_values': [0, 65], 'shape': [3], 'name': 'cu_seqlens_k', 'backward': True}","{'type': 'attr', 'dtype': 'int', 'range_values': 1, 'name': 'max_seqlen_q'}","{'type': 'attr', 'dtype': 'int', 'range_values': 33, 'name': 'max_seqlen_k'}","{'type': 'attr', 'dtype': 'float', 'range_values': 0.125, 'name': 'softmax_scale'}","{'type': 'attr', 'dtype': 'bool', 'range_values': True, 'name': 'causal'}","[{'type': 'attr_tuple', 'dtype': 'int', 'range_values': -1, 'name': 'window_size'}, {'type': 'attr_tuple', 'dtype': 'int', 'range_values': -1, 'name': 'window_size'}]","{'type': 'attr', 'dtype': 'float', 'range_values': 0.0, 'name': 'softcap'}","{'type': 'attr', 'dtype': 'int', 'range_values': 0, 'name': 'num_splits'}","{'type': 'attr', 'dtype': 'bool', 'range_values': False, 'name': 'deterministic'}","{'type': 'attr', 'dtype': 'bool', 'range_values': False, 'name': 'return_lse'}","{'acc': {'cv_fused_double_benchmark': {'max_re_ratio': 2.0, 'avg_re_ratio': 1.2, 'root_mean_squared_ratio': 1.2}}, 'perf': 'not_key', 'mem': 1.1}",1
41,flash_attn_npu_4.flash_attn_varlen_func,flash_attn_varlen_func_v4_accuracy,"{'type': 'tensor', 'dtype': 'bf16', 'range_values': [-5.0, 5.0], 'shape': [2, 2, 16], 'name': 'q', 'backward': True}","{'type': 'tensor', 'dtype': 'bf16', 'range_values': [-5.0, 5.0], 'shape': [65, 2, 16], 'name': 'k', 'backward': True}","{'type': 'tensor', 'dtype': 'bf16', 'range_values': [-5.0, 5.0], 'shape': [65, 2, 16], 'name': 'v', 'backward': True}","{'type': 'tensor', 'dtype': 'bf16', 'range_values': 'default', 'shape': [2, 2, 16], 'name': 'qv', 'backward': True}","{'type': 'tensor', 'dtype': 'int32', 'range_values': [0, 2], 'shape': [3], 'name': 'cu_seqlens_q', 'backward': True}","{'type': 'tensor', 'dtype': 'int32', 'range_values': [0, 65], 'shape': [3], 'name': 'cu_seqlens_k', 'backward': True}","{'type': 'attr', 'dtype': 'int', 'range_values': 1, 'name': 'max_seqlen_q'}","{'type': 'attr', 'dtype': 'int', 'range_values': 33, 'name': 'max_seqlen_k'}","{'type': 'attr', 'dtype': 'float', 'range_values': 0.125, 'name': 'softmax_scale'}","{'type': 'attr', 'dtype': 'bool', 'range_values': False, 'name': 'causal'}","[{'type': 'attr_tuple', 'dtype': 'int', 'range_values': -1, 'name': 'window_size'}, {'type': 'attr_tuple', 'dtype': 'int', 'range_values': -1, 'name': 'window_size'}]","{'type': 'attr', 'dtype': 'float', 'range_values': 0.0, 'name': 'softcap'}","{'type': 'attr', 'dtype': 'int', 'range_values': 0, 'name': 'num_splits'}","{'type': 'attr', 'dtype': 'bool', 'range_values': False, 'name': 'deterministic'}","{'type': 'attr', 'dtype': 'bool', 'range_values': False, 'name': 'return_lse'}","{'acc': {'cv_fused_double_benchmark': {'max_re_ratio': 2.0, 'avg_re_ratio': 1.2, 'root_mean_squared_ratio': 1.2}}, 'perf': 'not_key', 'mem': 1.1}",1
42,flash_attn_npu_4.flash_attn_varlen_func,flash_attn_varlen_func_v4_accuracy,"{'type': 'tensor', 'dtype': 'fp16', 'range_values': [-5.0, 5.0], 'shape': [4, 1, 32], 'name': 'q', 'backward': True}","{'type': 'tensor', 'dtype': 'fp16', 'range_values': [-5.0, 5.0], 'shape': [64, 1, 32], 'name': 'k', 'backward': True}","{'type': 'tensor', 'dtype': 'fp16', 'range_values': [-5.0, 5.0], 'shape': [64, 1, 32], 'name': 'v', 'backward': True}","{'type': 'tensor', 'dtype': 'fp16', 'range_values': 'default', 'shape': [4, 1, 32], 'name': 'qv', 'backward': True}","{'type': 'tensor', 'dtype': 'int32', 'range_values': [0, 4], 'shape': [3], 'name': 'cu_seqlens_q', 'backward': True}","{'type': 'tensor', 'dtype': 'int32', 'range_values': [0, 64], 'shape': [3], 'name': 'cu_seqlens_k', 'backward': True}","{'type': 'attr', 'dtype': 'int', 'range_values': 2, 'name': 'max_seqlen_q'}","{'type': 'attr', 'dtype': 'int', 'range_values': 32, 'name': 'max_seqlen_k'}","{'type': 'attr', 'dtype': 'float', 'range_values': 0.125, 'name': 'softmax_scale'}","{'type': 'attr', 'dtype': 'bool', 'range_values': True, 'name': 'causal'}","[{'type': 'attr_tuple', 'dtype': 'int', 'range_values': -1, 'name': 'window_size'}, {'type': 'attr_tuple', 'dtype': 'int', 'range_values': -1, 'name': 'window_size'}]","{'type': 'attr', 'dtype': 'float', 'range_values': 0.0, 'name': 'softcap'}","{'type': 'attr', 'dtype': 'int', 'range_values': 0, 'name': 'num_splits'}","{'type': 'attr', 'dtype': 'bool', 'range_values': False, 'name': 'deterministic'}","{'type': 'attr', 'dtype': 'bool', 'range_values': False, 'name': 'return_lse'}","{'acc': {'cv_fused_double_benchmark': {'max_re_ratio': 2.0, 'avg_re_ratio': 1.2, 'root_mean_squared_ratio': 1.2}}, 'perf': 'not_key', 'mem': 1.1}",1
43,flash_attn_npu_4.flash_attn_varlen_func,flash_attn_varlen_func_v4_accuracy,"{'type': 'tensor', 'dtype': 'bf16', 'range_values': [-5.0, 5.0], 'shape': [7, 4, 64], 'name': 'q', 'backward': True}","{'type': 'tensor', 'dtype': 'bf16', 'range_values': [-5.0, 5.0], 'shape': [7, 1, 64], 'name': 'k', 'backward': True}","{'type': 'tensor', 'dtype': 'bf16', 'range_values': [-5.0, 5.0], 'shape': [7, 1, 64], 'name': 'v', 'backward': True}","{'type': 'tensor', 'dtype': 'bf16', 'range_values': 'default', 'shape': [7, 4, 64], 'name': 'qv', 'backward': True}","{'type': 'tensor', 'dtype': 'int32', 'range_values': [0, 7], 'shape': [2], 'name': 'cu_seqlens_q', 'backward': True}","{'type': 'tensor', 'dtype': 'int32', 'range_values': [0, 7], 'shape': [2], 'name': 'cu_seqlens_k', 'backward': True}","{'type': 'attr', 'dtype': 'int', 'range_values': 7, 'name': 'max_seqlen_q'}","{'type': 'attr', 'dtype': 'int', 'range_values': 7, 'name': 'max_seqlen_k'}","{'type': 'attr', 'dtype': 'float', 'range_values': 0.125, 'name': 'softmax_scale'}","{'type': 'attr', 'dtype': 'bool', 'range_values': True, 'name': 'causal'}","[{'type': 'attr_tuple', 'dtype': 'int', 'range_values': -1, 'name': 'window_size'}, {'type': 'attr_tuple', 'dtype': 'int', 'range_values': -1, 'name': 'window_size'}]","{'type': 'attr', 'dtype': 'float', 'range_values': 0.0, 'name': 'softcap'}","{'type': 'attr', 'dtype': 'int', 'range_values': 0, 'name': 'num_splits'}","{'type': 'attr', 'dtype': 'bool', 'range_values': False, 'name': 'deterministic'}","{'type': 'attr', 'dtype': 'bool', 'range_values': False, 'name': 'return_lse'}","{'acc': {'cv_fused_double_benchmark': {'max_re_ratio': 2.0, 'avg_re_ratio': 1.2, 'root_mean_squared_ratio': 1.2}}, 'perf': 'not_key', 'mem': 1.1}",1
44,flash_attn_npu_4.flash_attn_varlen_func,flash_attn_varlen_func_v4_accuracy,"{'type': 'tensor', 'dtype': 'fp16', 'range_values': [-5.0, 5.0], 'shape': [1, 1, 256], 'name': 'q', 'backward': True}","{'type': 'tensor', 'dtype': 'fp16', 'range_values': [-5.0, 5.0], 'shape': [8, 1, 256], 'name': 'k', 'backward': True}","{'type': 'tensor', 'dtype': 'fp16', 'range_values': [-5.0, 5.0], 'shape': [8, 1, 256], 'name': 'v', 'backward': True}","{'type': 'tensor', 'dtype': 'fp16', 'range_values': 'default', 'shape': [1, 1, 256], 'name': 'qv', 'backward': True}","{'type': 'tensor', 'dtype': 'int32', 'range_values': [0, 1], 'shape': [2], 'name': 'cu_seqlens_q', 'backward': True}","{'type': 'tensor', 'dtype': 'int32', 'range_values': [0, 8], 'shape': [2], 'name': 'cu_seqlens_k', 'backward': True}","{'type': 'attr', 'dtype': 'int', 'range_values': 1, 'name': 'max_seqlen_q'}","{'type': 'attr', 'dtype': 'int', 'range_values': 8, 'name': 'max_seqlen_k'}","{'type': 'attr', 'dtype': 'float', 'range_values': 0.125, 'name': 'softmax_scale'}","{'type': 'attr', 'dtype': 'bool', 'range_values': False, 'name': 'causal'}","[{'type': 'attr_tuple', 'dtype': 'int', 'range_values': -1, 'name': 'window_size'}, {'type': 'attr_tuple', 'dtype': 'int', 'range_values': -1, 'name': 'window_size'}]","{'type': 'attr', 'dtype': 'float', 'range_values': 0.0, 'name': 'softcap'}","{'type': 'attr', 'dtype': 'int', 'range_values': 0, 'name': 'num_splits'}","{'type': 'attr', 'dtype': 'bool', 'range_values': False, 'name': 'deterministic'}","{'type': 'attr', 'dtype': 'bool', 'range_values': False, 'name': 'return_lse'}","{'acc': {'cv_fused_double_benchmark': {'max_re_ratio': 2.0, 'avg_re_ratio': 1.2, 'root_mean_squared_ratio': 1.2}}, 'perf': 'not_key', 'mem': 1.1}",1
45,flash_attn_npu_4.flash_attn_varlen_func,flash_attn_varlen_func_v4_accuracy,"{'type': 'tensor', 'dtype': 'bf16', 'range_values': [-5.0, 5.0], 'shape': [8, 16, 16], 'name': 'q', 'backward': True}","{'type': 'tensor', 'dtype': 'bf16', 'range_values': [-5.0, 5.0], 'shape': [8, 2, 16], 'name': 'k', 'backward': True}","{'type': 'tensor', 'dtype': 'bf16', 'range_values': [-5.0, 5.0], 'shape': [8, 2, 16], 'name': 'v', 'backward': True}","{'type': 'tensor', 'dtype': 'bf16', 'range_values': 'default', 'shape': [8, 16, 16], 'name': 'qv', 'backward': True}","{'type': 'tensor', 'dtype': 'int32', 'range_values': [0, 8], 'shape': [2], 'name': 'cu_seqlens_q', 'backward': True}","{'type': 'tensor', 'dtype': 'int32', 'range_values': [0, 8], 'shape': [2], 'name': 'cu_seqlens_k', 'backward': True}","{'type': 'attr', 'dtype': 'int', 'range_values': 8, 'name': 'max_seqlen_q'}","{'type': 'attr', 'dtype': 'int', 'range_values': 8, 'name': 'max_seqlen_k'}","{'type': 'attr', 'dtype': 'float', 'range_values': 0.125, 'name': 'softmax_scale'}","{'type': 'attr', 'dtype': 'bool', 'range_values': True, 'name': 'causal'}","[{'type': 'attr_tuple', 'dtype': 'int', 'range_values': -1, 'name': 'window_size'}, {'type': 'attr_tuple', 'dtype': 'int', 'range_values': -1, 'name': 'window_size'}]","{'type': 'attr', 'dtype': 'float', 'range_values': 0.0, 'name': 'softcap'}","{'type': 'attr', 'dtype': 'int', 'range_values': 0, 'name': 'num_splits'}","{'type': 'attr', 'dtype': 'bool', 'range_values': False, 'name': 'deterministic'}","{'type': 'attr', 'dtype': 'bool', 'range_values': False, 'name': 'return_lse'}","{'acc': {'cv_fused_double_benchmark': {'max_re_ratio': 2.0, 'avg_re_ratio': 1.2, 'root_mean_squared_ratio': 1.2}}, 'perf': 'not_key', 'mem': 1.1}",1
46,flash_attn_npu_4.flash_attn_varlen_func,flash_attn_varlen_func_v4_accuracy,"{'type': 'tensor', 'dtype': 'fp16', 'range_values': [-5.0, 5.0], 'shape': [2, 4, 64], 'name': 'q', 'backward': True}","{'type': 'tensor', 'dtype': 'fp16', 'range_values': [-5.0, 5.0], 'shape': [7, 4, 64], 'name': 'k', 'backward': True}","{'type': 'tensor', 'dtype': 'fp16', 'range_values': [-5.0, 5.0], 'shape': [7, 4, 64], 'name': 'v', 'backward': True}","{'type': 'tensor', 'dtype': 'fp16', 'range_values': 'default', 'shape': [2, 4, 64], 'name': 'qv', 'backward': True}","{'type': 'tensor', 'dtype': 'int32', 'range_values': [0, 2], 'shape': [3], 'name': 'cu_seqlens_q', 'backward': True}","{'type': 'tensor', 'dtype': 'int32', 'range_values': [0, 7], 'shape': [3], 'name': 'cu_seqlens_k', 'backward': True}","{'type': 'attr', 'dtype': 'int', 'range_values': 1, 'name': 'max_seqlen_q'}","{'type': 'attr', 'dtype': 'int', 'range_values': 4, 'name': 'max_seqlen_k'}","{'type': 'attr', 'dtype': 'float', 'range_values': 0.125, 'name': 'softmax_scale'}","{'type': 'attr', 'dtype': 'bool', 'range_values': True, 'name': 'causal'}","[{'type': 'attr_tuple', 'dtype': 'int', 'range_values': -1, 'name': 'window_size'}, {'type': 'attr_tuple', 'dtype': 'int', 'range_values': -1, 'name': 'window_size'}]","{'type': 'attr', 'dtype': 'float', 'range_values': 0.0, 'name': 'softcap'}","{'type': 'attr', 'dtype': 'int', 'range_values': 0, 'name': 'num_splits'}","{'type': 'attr', 'dtype': 'bool', 'range_values': False, 'name': 'deterministic'}","{'type': 'attr', 'dtype': 'bool', 'range_values': False, 'name': 'return_lse'}","{'acc': {'cv_fused_double_benchmark': {'max_re_ratio': 2.0, 'avg_re_ratio': 1.2, 'root_mean_squared_ratio': 1.2}}, 'perf': 'not_key', 'mem': 1.1}",1
47,flash_attn_npu_4.flash_attn_varlen_func,flash_attn_varlen_func_v4_accuracy,"{'type': 'tensor', 'dtype': 'fp16', 'range_values': [-5.0, 5.0], 'shape': [4, 16, 32], 'name': 'q', 'backward': True}","{'type': 'tensor', 'dtype': 'fp16', 'range_values': [-5.0, 5.0], 'shape': [1, 16, 32], 'name': 'k', 'backward': True}","{'type': 'tensor', 'dtype': 'fp16', 'range_values': [-5.0, 5.0], 'shape': [1, 16, 32], 'name': 'v', 'backward': True}","{'type': 'tensor', 'dtype': 'fp16', 'range_values': 'default', 'shape': [4, 16, 32], 'name': 'qv', 'backward': True}","{'type': 'tensor', 'dtype': 'int32', 'range_values': [0, 4], 'shape': [2], 'name': 'cu_seqlens_q', 'backward': True}","{'type': 'tensor', 'dtype': 'int32', 'range_values': [0, 1], 'shape': [2], 'name': 'cu_seqlens_k', 'backward': True}","{'type': 'attr', 'dtype': 'int', 'range_values': 4, 'name': 'max_seqlen_q'}","{'type': 'attr', 'dtype': 'int', 'range_values': 1, 'name': 'max_seqlen_k'}","{'type': 'attr', 'dtype': 'float', 'range_values': 0.125, 'name': 'softmax_scale'}","{'type': 'attr', 'dtype': 'bool', 'range_values': False, 'name': 'causal'}","[{'type': 'attr_tuple', 'dtype': 'int', 'range_values': -1, 'name': 'window_size'}, {'type': 'attr_tuple', 'dtype': 'int', 'range_values': -1, 'name': 'window_size'}]","{'type': 'attr', 'dtype': 'float', 'range_values': 0.0, 'name': 'softcap'}","{'type': 'attr', 'dtype': 'int', 'range_values': 0, 'name': 'num_splits'}","{'type': 'attr', 'dtype': 'bool', 'range_values': False, 'name': 'deterministic'}","{'type': 'attr', 'dtype': 'bool', 'range_values': False, 'name': 'return_lse'}","{'acc': {'cv_fused_double_benchmark': {'max_re_ratio': 2.0, 'avg_re_ratio': 1.2, 'root_mean_squared_ratio': 1.2}}, 'perf': 'not_key', 'mem': 1.1}",1
48,flash_attn_npu_4.flash_attn_varlen_func,flash_attn_varlen_func_v4_accuracy,"{'type': 'tensor', 'dtype': 'bf16', 'range_values': [-5.0, 5.0], 'shape': [2, 4, 64], 'name': 'q', 'backward': True}","{'type': 'tensor', 'dtype': 'bf16', 'range_values': [-5.0, 5.0], 'shape': [8, 4, 64], 'name': 'k', 'backward': True}","{'type': 'tensor', 'dtype': 'bf16', 'range_values': [-5.0, 5.0], 'shape': [8, 4, 64], 'name': 'v', 'backward': True}","{'type': 'tensor', 'dtype': 'bf16', 'range_values': 'default', 'shape': [2, 4, 64], 'name': 'qv', 'backward': True}","{'type': 'tensor', 'dtype': 'int32', 'range_values': [0, 2], 'shape': [2], 'name': 'cu_seqlens_q', 'backward': True}","{'type': 'tensor', 'dtype': 'int32', 'range_values': [0, 8], 'shape': [2], 'name': 'cu_seqlens_k', 'backward': True}","{'type': 'attr', 'dtype': 'int', 'range_values': 2, 'name': 'max_seqlen_q'}","{'type': 'attr', 'dtype': 'int', 'range_values': 8, 'name': 'max_seqlen_k'}","{'type': 'attr', 'dtype': 'float', 'range_values': 0.125, 'name': 'softmax_scale'}","{'type': 'attr', 'dtype': 'bool', 'range_values': False, 'name': 'causal'}","[{'type': 'attr_tuple', 'dtype': 'int', 'range_values': -1, 'name': 'window_size'}, {'type': 'attr_tuple', 'dtype': 'int', 'range_values': -1, 'name': 'window_size'}]","{'type': 'attr', 'dtype': 'float', 'range_values': 0.0, 'name': 'softcap'}","{'type': 'attr', 'dtype': 'int', 'range_values': 0, 'name': 'num_splits'}","{'type': 'attr', 'dtype': 'bool', 'range_values': False, 'name': 'deterministic'}","{'type': 'attr', 'dtype': 'bool', 'range_values': False, 'name': 'return_lse'}","{'acc': {'cv_fused_double_benchmark': {'max_re_ratio': 2.0, 'avg_re_ratio': 1.2, 'root_mean_squared_ratio': 1.2}}, 'perf': 'not_key', 'mem': 1.1}",1
49,flash_attn_npu_4.flash_attn_varlen_func,flash_attn_varlen_func_v4_accuracy,"{'type': 'tensor', 'dtype': 'fp16', 'range_values': [-5.0, 5.0], 'shape': [32, 2, 16], 'name': 'q', 'backward': True}","{'type': 'tensor', 'dtype': 'fp16', 'range_values': [-5.0, 5.0], 'shape': [96, 1, 16], 'name': 'k', 'backward': True}","{'type': 'tensor', 'dtype': 'fp16', 'range_values': [-5.0, 5.0], 'shape': [96, 1, 16], 'name': 'v', 'backward': True}","{'type': 'tensor', 'dtype': 'fp16', 'range_values': 'default', 'shape': [32, 2, 16], 'name': 'qv', 'backward': True}","{'type': 'tensor', 'dtype': 'int32', 'range_values': [0, 32], 'shape': [9], 'name': 'cu_seqlens_q', 'backward': True}","{'type': 'tensor', 'dtype': 'int32', 'range_values': [0, 96], 'shape': [9], 'name': 'cu_seqlens_k', 'backward': True}","{'type': 'attr', 'dtype': 'int', 'range_values': 4, 'name': 'max_seqlen_q'}","{'type': 'attr', 'dtype': 'int', 'range_values': 12, 'name': 'max_seqlen_k'}","{'type': 'attr', 'dtype': 'float', 'range_values': 0.125, 'name': 'softmax_scale'}","{'type': 'attr', 'dtype': 'bool', 'range_values': True, 'name': 'causal'}","[{'type': 'attr_tuple', 'dtype': 'int', 'range_values': -1, 'name': 'window_size'}, {'type': 'attr_tuple', 'dtype': 'int', 'range_values': -1, 'name': 'window_size'}]","{'type': 'attr', 'dtype': 'float', 'range_values': 0.0, 'name': 'softcap'}","{'type': 'attr', 'dtype': 'int', 'range_values': 0, 'name': 'num_splits'}","{'type': 'attr', 'dtype': 'bool', 'range_values': False, 'name': 'deterministic'}","{'type': 'attr', 'dtype': 'bool', 'range_values': False, 'name': 'return_lse'}","{'acc': {'cv_fused_double_benchmark': {'max_re_ratio': 2.0, 'avg_re_ratio': 1.2, 'root_mean_squared_ratio': 1.2}}, 'perf': 'not_key', 'mem': 1.1}",1
50,flash_attn_npu_4.flash_attn_varlen_func,flash_attn_varlen_func_v4_accuracy,"{'type': 'tensor', 'dtype': 'fp16', 'range_values': [-5.0, 5.0], 'shape': [33, 4, 16], 'name': 'q', 'backward': True}","{'type': 'tensor', 'dtype': 'fp16', 'range_values': [-5.0, 5.0], 'shape': [33, 1, 16], 'name': 'k', 'backward': True}","{'type': 'tensor', 'dtype': 'fp16', 'range_values': [-5.0, 5.0], 'shape': [33, 1, 16], 'name': 'v', 'backward': True}","{'type': 'tensor', 'dtype': 'fp16', 'range_values': 'default', 'shape': [33, 4, 16], 'name': 'qv', 'backward': True}","{'type': 'tensor', 'dtype': 'int32', 'range_values': [0, 33], 'shape': [3], 'name': 'cu_seqlens_q', 'backward': True}","{'type': 'tensor', 'dtype': 'int32', 'range_values': [0, 33], 'shape': [3], 'name': 'cu_seqlens_k', 'backward': True}","{'type': 'attr', 'dtype': 'int', 'range_values': 17, 'name': 'max_seqlen_q'}","{'type': 'attr', 'dtype': 'int', 'range_values': 17, 'name': 'max_seqlen_k'}","{'type': 'attr', 'dtype': 'float', 'range_values': 0.125, 'name': 'softmax_scale'}","{'type': 'attr', 'dtype': 'bool', 'range_values': True, 'name': 'causal'}","[{'type': 'attr_tuple', 'dtype': 'int', 'range_values': -1, 'name': 'window_size'}, {'type': 'attr_tuple', 'dtype': 'int', 'range_values': -1, 'name': 'window_size'}]","{'type': 'attr', 'dtype': 'float', 'range_values': 0.0, 'name': 'softcap'}","{'type': 'attr', 'dtype': 'int', 'range_values': 0, 'name': 'num_splits'}","{'type': 'attr', 'dtype': 'bool', 'range_values': False, 'name': 'deterministic'}","{'type': 'attr', 'dtype': 'bool', 'range_values': False, 'name': 'return_lse'}","{'acc': {'cv_fused_double_benchmark': {'max_re_ratio': 2.0, 'avg_re_ratio': 1.2, 'root_mean_squared_ratio': 1.2}}, 'perf': 'not_key', 'mem': 1.1}",1
51,flash_attn_npu_4.flash_attn_varlen_func,flash_attn_varlen_func_v4_accuracy,"{'type': 'tensor', 'dtype': 'fp16', 'range_values': [-5.0, 5.0], 'shape': [7, 16, 16], 'name': 'q', 'backward': True}","{'type': 'tensor', 'dtype': 'fp16', 'range_values': [-5.0, 5.0], 'shape': [17, 4, 16], 'name': 'k', 'backward': True}","{'type': 'tensor', 'dtype': 'fp16', 'range_values': [-5.0, 5.0], 'shape': [17, 4, 16], 'name': 'v', 'backward': True}","{'type': 'tensor', 'dtype': 'fp16', 'range_values': 'default', 'shape': [7, 16, 16], 'name': 'qv', 'backward': True}","{'type': 'tensor', 'dtype': 'int32', 'range_values': [0, 7], 'shape': [2], 'name': 'cu_seqlens_q', 'backward': True}","{'type': 'tensor', 'dtype': 'int32', 'range_values': [0, 17], 'shape': [2], 'name': 'cu_seqlens_k', 'backward': True}","{'type': 'attr', 'dtype': 'int', 'range_values': 7, 'name': 'max_seqlen_q'}","{'type': 'attr', 'dtype': 'int', 'range_values': 17, 'name': 'max_seqlen_k'}","{'type': 'attr', 'dtype': 'float', 'range_values': 0.125, 'name': 'softmax_scale'}","{'type': 'attr', 'dtype': 'bool', 'range_values': False, 'name': 'causal'}","[{'type': 'attr_tuple', 'dtype': 'int', 'range_values': -1, 'name': 'window_size'}, {'type': 'attr_tuple', 'dtype': 'int', 'range_values': -1, 'name': 'window_size'}]","{'type': 'attr', 'dtype': 'float', 'range_values': 0.0, 'name': 'softcap'}","{'type': 'attr', 'dtype': 'int', 'range_values': 0, 'name': 'num_splits'}","{'type': 'attr', 'dtype': 'bool', 'range_values': False, 'name': 'deterministic'}","{'type': 'attr', 'dtype': 'bool', 'range_values': False, 'name': 'return_lse'}","{'acc': {'cv_fused_double_benchmark': {'max_re_ratio': 2.0, 'avg_re_ratio': 1.2, 'root_mean_squared_ratio': 1.2}}, 'perf': 'not_key', 'mem': 1.1}",1
52,flash_attn_npu_4.flash_attn_varlen_func,flash_attn_varlen_func_v4_accuracy,"{'type': 'tensor', 'dtype': 'fp16', 'range_values': [-5.0, 5.0], 'shape': [1, 8, 256], 'name': 'q', 'backward': True}","{'type': 'tensor', 'dtype': 'fp16', 'range_values': [-5.0, 5.0], 'shape': [1, 4, 256], 'name': 'k', 'backward': True}","{'type': 'tensor', 'dtype': 'fp16', 'range_values': [-5.0, 5.0], 'shape': [1, 4, 256], 'name': 'v', 'backward': True}","{'type': 'tensor', 'dtype': 'fp16', 'range_values': 'default', 'shape': [1, 8, 256], 'name': 'qv', 'backward': True}","{'type': 'tensor', 'dtype': 'int32', 'range_values': [0, 1], 'shape': [2], 'name': 'cu_seqlens_q', 'backward': True}","{'type': 'tensor', 'dtype': 'int32', 'range_values': [0, 1], 'shape': [2], 'name': 'cu_seqlens_k', 'backward': True}","{'type': 'attr', 'dtype': 'int', 'range_values': 1, 'name': 'max_seqlen_q'}","{'type': 'attr', 'dtype': 'int', 'range_values': 1, 'name': 'max_seqlen_k'}","{'type': 'attr', 'dtype': 'float', 'range_values': 0.125, 'name': 'softmax_scale'}","{'type': 'attr', 'dtype': 'bool', 'range_values': True, 'name': 'causal'}","[{'type': 'attr_tuple', 'dtype': 'int', 'range_values': -1, 'name': 'window_size'}, {'type': 'attr_tuple', 'dtype': 'int', 'range_values': -1, 'name': 'window_size'}]","{'type': 'attr', 'dtype': 'float', 'range_values': 0.0, 'name': 'softcap'}","{'type': 'attr', 'dtype': 'int', 'range_values': 0, 'name': 'num_splits'}","{'type': 'attr', 'dtype': 'bool', 'range_values': False, 'name': 'deterministic'}","{'type': 'attr', 'dtype': 'bool', 'range_values': False, 'name': 'return_lse'}","{'acc': {'cv_fused_double_benchmark': {'max_re_ratio': 2.0, 'avg_re_ratio': 1.2, 'root_mean_squared_ratio': 1.2}}, 'perf': 'not_key', 'mem': 1.1}",1
53,flash_attn_npu_4.flash_attn_varlen_func,flash_attn_varlen_func_v4_accuracy,"{'type': 'tensor', 'dtype': 'fp16', 'range_values': [-5.0, 5.0], 'shape': [32, 4, 16], 'name': 'q', 'backward': True}","{'type': 'tensor', 'dtype': 'fp16', 'range_values': [-5.0, 5.0], 'shape': [32, 2, 16], 'name': 'k', 'backward': True}","{'type': 'tensor', 'dtype': 'fp16', 'range_values': [-5.0, 5.0], 'shape': [32, 2, 16], 'name': 'v', 'backward': True}","{'type': 'tensor', 'dtype': 'fp16', 'range_values': 'default', 'shape': [32, 4, 16], 'name': 'qv', 'backward': True}","{'type': 'tensor', 'dtype': 'int32', 'range_values': [0, 32], 'shape': [3], 'name': 'cu_seqlens_q', 'backward': True}","{'type': 'tensor', 'dtype': 'int32', 'range_values': [0, 32], 'shape': [3], 'name': 'cu_seqlens_k', 'backward': True}","{'type': 'attr', 'dtype': 'int', 'range_values': 16, 'name': 'max_seqlen_q'}","{'type': 'attr', 'dtype': 'int', 'range_values': 16, 'name': 'max_seqlen_k'}","{'type': 'attr', 'dtype': 'float', 'range_values': 0.125, 'name': 'softmax_scale'}","{'type': 'attr', 'dtype': 'bool', 'range_values': True, 'name': 'causal'}","[{'type': 'attr_tuple', 'dtype': 'int', 'range_values': -1, 'name': 'window_size'}, {'type': 'attr_tuple', 'dtype': 'int', 'range_values': -1, 'name': 'window_size'}]","{'type': 'attr', 'dtype': 'float', 'range_values': 0.0, 'name': 'softcap'}","{'type': 'attr', 'dtype': 'int', 'range_values': 0, 'name': 'num_splits'}","{'type': 'attr', 'dtype': 'bool', 'range_values': False, 'name': 'deterministic'}","{'type': 'attr', 'dtype': 'bool', 'range_values': False, 'name': 'return_lse'}","{'acc': {'cv_fused_double_benchmark': {'max_re_ratio': 2.0, 'avg_re_ratio': 1.2, 'root_mean_squared_ratio': 1.2}}, 'perf': 'not_key', 'mem': 1.1}",1
54,flash_attn_npu_4.flash_attn_varlen_func,flash_attn_varlen_func_v4_accuracy,"{'type': 'tensor', 'dtype': 'fp16', 'range_values': [-5.0, 5.0], 'shape': [17, 1, 64], 'name': 'q', 'backward': True}","{'type': 'tensor', 'dtype': 'fp16', 'range_values': [-5.0, 5.0], 'shape': [32, 1, 64], 'name': 'k', 'backward': True}","{'type': 'tensor', 'dtype': 'fp16', 'range_values': [-5.0, 5.0], 'shape': [32, 1, 64], 'name': 'v', 'backward': True}","{'type': 'tensor', 'dtype': 'fp16', 'range_values': 'default', 'shape': [17, 1, 64], 'name': 'qv', 'backward': True}","{'type': 'tensor', 'dtype': 'int32', 'range_values': [0, 17], 'shape': [5], 'name': 'cu_seqlens_q', 'backward': True}","{'type': 'tensor', 'dtype': 'int32', 'range_values': [0, 32], 'shape': [5], 'name': 'cu_seqlens_k', 'backward': True}","{'type': 'attr', 'dtype': 'int', 'range_values': 5, 'name': 'max_seqlen_q'}","{'type': 'attr', 'dtype': 'int', 'range_values': 8, 'name': 'max_seqlen_k'}","{'type': 'attr', 'dtype': 'float', 'range_values': 0.125, 'name': 'softmax_scale'}","{'type': 'attr', 'dtype': 'bool', 'range_values': True, 'name': 'causal'}","[{'type': 'attr_tuple', 'dtype': 'int', 'range_values': -1, 'name': 'window_size'}, {'type': 'attr_tuple', 'dtype': 'int', 'range_values': -1, 'name': 'window_size'}]","{'type': 'attr', 'dtype': 'float', 'range_values': 0.0, 'name': 'softcap'}","{'type': 'attr', 'dtype': 'int', 'range_values': 0, 'name': 'num_splits'}","{'type': 'attr', 'dtype': 'bool', 'range_values': False, 'name': 'deterministic'}","{'type': 'attr', 'dtype': 'bool', 'range_values': False, 'name': 'return_lse'}","{'acc': {'cv_fused_double_benchmark': {'max_re_ratio': 2.0, 'avg_re_ratio': 1.2, 'root_mean_squared_ratio': 1.2}}, 'perf': 'not_key', 'mem': 1.1}",1
55,flash_attn_npu_4.flash_attn_varlen_func,flash_attn_varlen_func_v4_accuracy,"{'type': 'tensor', 'dtype': 'bf16', 'range_values': [-5.0, 5.0], 'shape': [17, 4, 32], 'name': 'q', 'backward': True}","{'type': 'tensor', 'dtype': 'bf16', 'range_values': [-5.0, 5.0], 'shape': [8, 4, 32], 'name': 'k', 'backward': True}","{'type': 'tensor', 'dtype': 'bf16', 'range_values': [-5.0, 5.0], 'shape': [8, 4, 32], 'name': 'v', 'backward': True}","{'type': 'tensor', 'dtype': 'bf16', 'range_values': 'default', 'shape': [17, 4, 32], 'name': 'qv', 'backward': True}","{'type': 'tensor', 'dtype': 'int32', 'range_values': [0, 17], 'shape': [5], 'name': 'cu_seqlens_q', 'backward': True}","{'type': 'tensor', 'dtype': 'int32', 'range_values': [0, 8], 'shape': [5], 'name': 'cu_seqlens_k', 'backward': True}","{'type': 'attr', 'dtype': 'int', 'range_values': 5, 'name': 'max_seqlen_q'}","{'type': 'attr', 'dtype': 'int', 'range_values': 2, 'name': 'max_seqlen_k'}","{'type': 'attr', 'dtype': 'float', 'range_values': 0.125, 'name': 'softmax_scale'}","{'type': 'attr', 'dtype': 'bool', 'range_values': False, 'name': 'causal'}","[{'type': 'attr_tuple', 'dtype': 'int', 'range_values': -1, 'name': 'window_size'}, {'type': 'attr_tuple', 'dtype': 'int', 'range_values': -1, 'name': 'window_size'}]","{'type': 'attr', 'dtype': 'float', 'range_values': 0.0, 'name': 'softcap'}","{'type': 'attr', 'dtype': 'int', 'range_values': 0, 'name': 'num_splits'}","{'type': 'attr', 'dtype': 'bool', 'range_values': False, 'name': 'deterministic'}","{'type': 'attr', 'dtype': 'bool', 'range_values': False, 'name': 'return_lse'}","{'acc': {'cv_fused_double_benchmark': {'max_re_ratio': 2.0, 'avg_re_ratio': 1.2, 'root_mean_squared_ratio': 1.2}}, 'perf': 'not_key', 'mem': 1.1}",1
56,flash_attn_npu_4.flash_attn_varlen_func,flash_attn_varlen_func_v4_accuracy,"{'type': 'tensor', 'dtype': 'fp16', 'range_values': [-5.0, 5.0], 'shape': [8, 1, 32], 'name': 'q', 'backward': True}","{'type': 'tensor', 'dtype': 'fp16', 'range_values': [-5.0, 5.0], 'shape': [96, 1, 32], 'name': 'k', 'backward': True}","{'type': 'tensor', 'dtype': 'fp16', 'range_values': [-5.0, 5.0], 'shape': [96, 1, 32], 'name': 'v', 'backward': True}","{'type': 'tensor', 'dtype': 'fp16', 'range_values': 'default', 'shape': [8, 1, 32], 'name': 'qv', 'backward': True}","{'type': 'tensor', 'dtype': 'int32', 'range_values': [0, 8], 'shape': [2], 'name': 'cu_seqlens_q', 'backward': True}","{'type': 'tensor', 'dtype': 'int32', 'range_values': [0, 96], 'shape': [2], 'name': 'cu_seqlens_k', 'backward': True}","{'type': 'attr', 'dtype': 'int', 'range_values': 8, 'name': 'max_seqlen_q'}","{'type': 'attr', 'dtype': 'int', 'range_values': 96, 'name': 'max_seqlen_k'}","{'type': 'attr', 'dtype': 'float', 'range_values': 0.125, 'name': 'softmax_scale'}","{'type': 'attr', 'dtype': 'bool', 'range_values': True, 'name': 'causal'}","[{'type': 'attr_tuple', 'dtype': 'int', 'range_values': -1, 'name': 'window_size'}, {'type': 'attr_tuple', 'dtype': 'int', 'range_values': -1, 'name': 'window_size'}]","{'type': 'attr', 'dtype': 'float', 'range_values': 0.0, 'name': 'softcap'}","{'type': 'attr', 'dtype': 'int', 'range_values': 0, 'name': 'num_splits'}","{'type': 'attr', 'dtype': 'bool', 'range_values': False, 'name': 'deterministic'}","{'type': 'attr', 'dtype': 'bool', 'range_values': False, 'name': 'return_lse'}","{'acc': {'cv_fused_double_benchmark': {'max_re_ratio': 2.0, 'avg_re_ratio': 1.2, 'root_mean_squared_ratio': 1.2}}, 'perf': 'not_key', 'mem': 1.1}",1
57,flash_attn_npu_4.flash_attn_varlen_func,flash_attn_varlen_func_v4_accuracy,"{'type': 'tensor', 'dtype': 'fp16', 'range_values': [-5.0, 5.0], 'shape': [7, 4, 64], 'name': 'q', 'backward': True}","{'type': 'tensor', 'dtype': 'fp16', 'range_values': [-5.0, 5.0], 'shape': [7, 4, 64], 'name': 'k', 'backward': True}","{'type': 'tensor', 'dtype': 'fp16', 'range_values': [-5.0, 5.0], 'shape': [7, 4, 64], 'name': 'v', 'backward': True}","{'type': 'tensor', 'dtype': 'fp16', 'range_values': 'default', 'shape': [7, 4, 64], 'name': 'qv', 'backward': True}","{'type': 'tensor', 'dtype': 'int32', 'range_values': [0, 7], 'shape': [3], 'name': 'cu_seqlens_q', 'backward': True}","{'type': 'tensor', 'dtype': 'int32', 'range_values': [0, 7], 'shape': [3], 'name': 'cu_seqlens_k', 'backward': True}","{'type': 'attr', 'dtype': 'int', 'range_values': 4, 'name': 'max_seqlen_q'}","{'type': 'attr', 'dtype': 'int', 'range_values': 4, 'name': 'max_seqlen_k'}","{'type': 'attr', 'dtype': 'float', 'range_values': 0.125, 'name': 'softmax_scale'}","{'type': 'attr', 'dtype': 'bool', 'range_values': True, 'name': 'causal'}","[{'type': 'attr_tuple', 'dtype': 'int', 'range_values': -1, 'name': 'window_size'}, {'type': 'attr_tuple', 'dtype': 'int', 'range_values': -1, 'name': 'window_size'}]","{'type': 'attr', 'dtype': 'float', 'range_values': 0.0, 'name': 'softcap'}","{'type': 'attr', 'dtype': 'int', 'range_values': 0, 'name': 'num_splits'}","{'type': 'attr', 'dtype': 'bool', 'range_values': False, 'name': 'deterministic'}","{'type': 'attr', 'dtype': 'bool', 'range_values': False, 'name': 'return_lse'}","{'acc': {'cv_fused_double_benchmark': {'max_re_ratio': 2.0, 'avg_re_ratio': 1.2, 'root_mean_squared_ratio': 1.2}}, 'perf': 'not_key', 'mem': 1.1}",1
58,flash_attn_npu_4.flash_attn_varlen_func,flash_attn_varlen_func_v4_accuracy,"{'type': 'tensor', 'dtype': 'fp16', 'range_values': [-5.0, 5.0], 'shape': [7, 2, 128], 'name': 'q', 'backward': True}","{'type': 'tensor', 'dtype': 'fp16', 'range_values': [-5.0, 5.0], 'shape': [7, 2, 128], 'name': 'k', 'backward': True}","{'type': 'tensor', 'dtype': 'fp16', 'range_values': [-5.0, 5.0], 'shape': [7, 2, 128], 'name': 'v', 'backward': True}","{'type': 'tensor', 'dtype': 'fp16', 'range_values': 'default', 'shape': [7, 2, 128], 'name': 'qv', 'backward': True}","{'type': 'tensor', 'dtype': 'int32', 'range_values': [0, 7], 'shape': [5], 'name': 'cu_seqlens_q', 'backward': True}","{'type': 'tensor', 'dtype': 'int32', 'range_values': [0, 7], 'shape': [5], 'name': 'cu_seqlens_k', 'backward': True}","{'type': 'attr', 'dtype': 'int', 'range_values': 2, 'name': 'max_seqlen_q'}","{'type': 'attr', 'dtype': 'int', 'range_values': 2, 'name': 'max_seqlen_k'}","{'type': 'attr', 'dtype': 'float', 'range_values': 0.125, 'name': 'softmax_scale'}","{'type': 'attr', 'dtype': 'bool', 'range_values': True, 'name': 'causal'}","[{'type': 'attr_tuple', 'dtype': 'int', 'range_values': -1, 'name': 'window_size'}, {'type': 'attr_tuple', 'dtype': 'int', 'range_values': -1, 'name': 'window_size'}]","{'type': 'attr', 'dtype': 'float', 'range_values': 0.0, 'name': 'softcap'}","{'type': 'attr', 'dtype': 'int', 'range_values': 0, 'name': 'num_splits'}","{'type': 'attr', 'dtype': 'bool', 'range_values': False, 'name': 'deterministic'}","{'type': 'attr', 'dtype': 'bool', 'range_values': False, 'name': 'return_lse'}","{'acc': {'cv_fused_double_benchmark': {'max_re_ratio': 2.0, 'avg_re_ratio': 1.2, 'root_mean_squared_ratio': 1.2}}, 'perf': 'not_key', 'mem': 1.1}",1
59,flash_attn_npu_4.flash_attn_varlen_func,flash_attn_varlen_func_v4_accuracy,"{'type': 'tensor', 'dtype': 'bf16', 'range_values': [-5.0, 5.0], 'shape': [15, 1, 128], 'name': 'q', 'backward': True}","{'type': 'tensor', 'dtype': 'bf16', 'range_values': [-5.0, 5.0], 'shape': [15, 1, 128], 'name': 'k', 'backward': True}","{'type': 'tensor', 'dtype': 'bf16', 'range_values': [-5.0, 5.0], 'shape': [15, 1, 128], 'name': 'v', 'backward': True}","{'type': 'tensor', 'dtype': 'bf16', 'range_values': 'default', 'shape': [15, 1, 128], 'name': 'qv', 'backward': True}","{'type': 'tensor', 'dtype': 'int32', 'range_values': [0, 15], 'shape': [2], 'name': 'cu_seqlens_q', 'backward': True}","{'type': 'tensor', 'dtype': 'int32', 'range_values': [0, 15], 'shape': [2], 'name': 'cu_seqlens_k', 'backward': True}","{'type': 'attr', 'dtype': 'int', 'range_values': 15, 'name': 'max_seqlen_q'}","{'type': 'attr', 'dtype': 'int', 'range_values': 15, 'name': 'max_seqlen_k'}","{'type': 'attr', 'dtype': 'float', 'range_values': 0.125, 'name': 'softmax_scale'}","{'type': 'attr', 'dtype': 'bool', 'range_values': True, 'name': 'causal'}","[{'type': 'attr_tuple', 'dtype': 'int', 'range_values': -1, 'name': 'window_size'}, {'type': 'attr_tuple', 'dtype': 'int', 'range_values': -1, 'name': 'window_size'}]","{'type': 'attr', 'dtype': 'float', 'range_values': 0.0, 'name': 'softcap'}","{'type': 'attr', 'dtype': 'int', 'range_values': 0, 'name': 'num_splits'}","{'type': 'attr', 'dtype': 'bool', 'range_values': False, 'name': 'deterministic'}","{'type': 'attr', 'dtype': 'bool', 'range_values': False, 'name': 'return_lse'}","{'acc': {'cv_fused_double_benchmark': {'max_re_ratio': 2.0, 'avg_re_ratio': 1.2, 'root_mean_squared_ratio': 1.2}}, 'perf': 'not_key', 'mem': 1.1}",1
60,flash_attn_npu_4.flash_attn_varlen_func,flash_attn_varlen_func_v4_accuracy,"{'type': 'tensor', 'dtype': 'bf16', 'range_values': [-5.0, 5.0], 'shape': [15, 16, 16], 'name': 'q', 'backward': True}","{'type': 'tensor', 'dtype': 'bf16', 'range_values': [-5.0, 5.0], 'shape': [1, 1, 16], 'name': 'k', 'backward': True}","{'type': 'tensor', 'dtype': 'bf16', 'range_values': [-5.0, 5.0], 'shape': [1, 1, 16], 'name': 'v', 'backward': True}","{'type': 'tensor', 'dtype': 'bf16', 'range_values': 'default', 'shape': [15, 16, 16], 'name': 'qv', 'backward': True}","{'type': 'tensor', 'dtype': 'int32', 'range_values': [0, 15], 'shape': [2], 'name': 'cu_seqlens_q', 'backward': True}","{'type': 'tensor', 'dtype': 'int32', 'range_values': [0, 1], 'shape': [2], 'name': 'cu_seqlens_k', 'backward': True}","{'type': 'attr', 'dtype': 'int', 'range_values': 15, 'name': 'max_seqlen_q'}","{'type': 'attr', 'dtype': 'int', 'range_values': 1, 'name': 'max_seqlen_k'}","{'type': 'attr', 'dtype': 'float', 'range_values': 0.125, 'name': 'softmax_scale'}","{'type': 'attr', 'dtype': 'bool', 'range_values': False, 'name': 'causal'}","[{'type': 'attr_tuple', 'dtype': 'int', 'range_values': -1, 'name': 'window_size'}, {'type': 'attr_tuple', 'dtype': 'int', 'range_values': -1, 'name': 'window_size'}]","{'type': 'attr', 'dtype': 'float', 'range_values': 0.0, 'name': 'softcap'}","{'type': 'attr', 'dtype': 'int', 'range_values': 0, 'name': 'num_splits'}","{'type': 'attr', 'dtype': 'bool', 'range_values': False, 'name': 'deterministic'}","{'type': 'attr', 'dtype': 'bool', 'range_values': False, 'name': 'return_lse'}","{'acc': {'cv_fused_double_benchmark': {'max_re_ratio': 2.0, 'avg_re_ratio': 1.2, 'root_mean_squared_ratio': 1.2}}, 'perf': 'not_key', 'mem': 1.1}",1
61,flash_attn_npu_4.flash_attn_varlen_func,flash_attn_varlen_func_v4_accuracy,"{'type': 'tensor', 'dtype': 'bf16', 'range_values': [-5.0, 5.0], 'shape': [7, 16, 32], 'name': 'q', 'backward': True}","{'type': 'tensor', 'dtype': 'bf16', 'range_values': [-5.0, 5.0], 'shape': [7, 2, 32], 'name': 'k', 'backward': True}","{'type': 'tensor', 'dtype': 'bf16', 'range_values': [-5.0, 5.0], 'shape': [7, 2, 32], 'name': 'v', 'backward': True}","{'type': 'tensor', 'dtype': 'bf16', 'range_values': 'default', 'shape': [7, 16, 32], 'name': 'qv', 'backward': True}","{'type': 'tensor', 'dtype': 'int32', 'range_values': [0, 7], 'shape': [3], 'name': 'cu_seqlens_q', 'backward': True}","{'type': 'tensor', 'dtype': 'int32', 'range_values': [0, 7], 'shape': [3], 'name': 'cu_seqlens_k', 'backward': True}","{'type': 'attr', 'dtype': 'int', 'range_values': 4, 'name': 'max_seqlen_q'}","{'type': 'attr', 'dtype': 'int', 'range_values': 4, 'name': 'max_seqlen_k'}","{'type': 'attr', 'dtype': 'float', 'range_values': 0.125, 'name': 'softmax_scale'}","{'type': 'attr', 'dtype': 'bool', 'range_values': True, 'name': 'causal'}","[{'type': 'attr_tuple', 'dtype': 'int', 'range_values': -1, 'name': 'window_size'}, {'type': 'attr_tuple', 'dtype': 'int', 'range_values': -1, 'name': 'window_size'}]","{'type': 'attr', 'dtype': 'float', 'range_values': 0.0, 'name': 'softcap'}","{'type': 'attr', 'dtype': 'int', 'range_values': 0, 'name': 'num_splits'}","{'type': 'attr', 'dtype': 'bool', 'range_values': False, 'name': 'deterministic'}","{'type': 'attr', 'dtype': 'bool', 'range_values': False, 'name': 'return_lse'}","{'acc': {'cv_fused_double_benchmark': {'max_re_ratio': 2.0, 'avg_re_ratio': 1.2, 'root_mean_squared_ratio': 1.2}}, 'perf': 'not_key', 'mem': 1.1}",1
62,flash_attn_npu_4.flash_attn_varlen_func,flash_attn_varlen_func_v4_accuracy,"{'type': 'tensor', 'dtype': 'bf16', 'range_values': [-5.0, 5.0], 'shape': [8, 2, 128], 'name': 'q', 'backward': True}","{'type': 'tensor', 'dtype': 'bf16', 'range_values': [-5.0, 5.0], 'shape': [8, 2, 128], 'name': 'k', 'backward': True}","{'type': 'tensor', 'dtype': 'bf16', 'range_values': [-5.0, 5.0], 'shape': [8, 2, 128], 'name': 'v', 'backward': True}","{'type': 'tensor', 'dtype': 'bf16', 'range_values': 'default', 'shape': [8, 2, 128], 'name': 'qv', 'backward': True}","{'type': 'tensor', 'dtype': 'int32', 'range_values': [0, 8], 'shape': [3], 'name': 'cu_seqlens_q', 'backward': True}","{'type': 'tensor', 'dtype': 'int32', 'range_values': [0, 8], 'shape': [3], 'name': 'cu_seqlens_k', 'backward': True}","{'type': 'attr', 'dtype': 'int', 'range_values': 4, 'name': 'max_seqlen_q'}","{'type': 'attr', 'dtype': 'int', 'range_values': 4, 'name': 'max_seqlen_k'}","{'type': 'attr', 'dtype': 'float', 'range_values': 0.125, 'name': 'softmax_scale'}","{'type': 'attr', 'dtype': 'bool', 'range_values': True, 'name': 'causal'}","[{'type': 'attr_tuple', 'dtype': 'int', 'range_values': -1, 'name': 'window_size'}, {'type': 'attr_tuple', 'dtype': 'int', 'range_values': -1, 'name': 'window_size'}]","{'type': 'attr', 'dtype': 'float', 'range_values': 0.0, 'name': 'softcap'}","{'type': 'attr', 'dtype': 'int', 'range_values': 0, 'name': 'num_splits'}","{'type': 'attr', 'dtype': 'bool', 'range_values': False, 'name': 'deterministic'}","{'type': 'attr', 'dtype': 'bool', 'range_values': False, 'name': 'return_lse'}","{'acc': {'cv_fused_double_benchmark': {'max_re_ratio': 2.0, 'avg_re_ratio': 1.2, 'root_mean_squared_ratio': 1.2}}, 'perf': 'not_key', 'mem': 1.1}",1
63,flash_attn_npu_4.flash_attn_varlen_func,flash_attn_varlen_func_v4_accuracy,"{'type': 'tensor', 'dtype': 'fp16', 'range_values': [-5.0, 5.0], 'shape': [16, 4, 32], 'name': 'q', 'backward': True}","{'type': 'tensor', 'dtype': 'fp16', 'range_values': [-5.0, 5.0], 'shape': [16, 4, 32], 'name': 'k', 'backward': True}","{'type': 'tensor', 'dtype': 'fp16', 'range_values': [-5.0, 5.0], 'shape': [16, 4, 32], 'name': 'v', 'backward': True}","{'type': 'tensor', 'dtype': 'fp16', 'range_values': 'default', 'shape': [16, 4, 32], 'name': 'qv', 'backward': True}","{'type': 'tensor', 'dtype': 'int32', 'range_values': [0, 16], 'shape': [3], 'name': 'cu_seqlens_q', 'backward': True}","{'type': 'tensor', 'dtype': 'int32', 'range_values': [0, 16], 'shape': [3], 'name': 'cu_seqlens_k', 'backward': True}","{'type': 'attr', 'dtype': 'int', 'range_values': 8, 'name': 'max_seqlen_q'}","{'type': 'attr', 'dtype': 'int', 'range_values': 8, 'name': 'max_seqlen_k'}","{'type': 'attr', 'dtype': 'float', 'range_values': 0.125, 'name': 'softmax_scale'}","{'type': 'attr', 'dtype': 'bool', 'range_values': False, 'name': 'causal'}","[{'type': 'attr_tuple', 'dtype': 'int', 'range_values': -1, 'name': 'window_size'}, {'type': 'attr_tuple', 'dtype': 'int', 'range_values': -1, 'name': 'window_size'}]","{'type': 'attr', 'dtype': 'float', 'range_values': 0.0, 'name': 'softcap'}","{'type': 'attr', 'dtype': 'int', 'range_values': 0, 'name': 'num_splits'}","{'type': 'attr', 'dtype': 'bool', 'range_values': False, 'name': 'deterministic'}","{'type': 'attr', 'dtype': 'bool', 'range_values': False, 'name': 'return_lse'}","{'acc': {'cv_fused_double_benchmark': {'max_re_ratio': 2.0, 'avg_re_ratio': 1.2, 'root_mean_squared_ratio': 1.2}}, 'perf': 'not_key', 'mem': 1.1}",1
64,flash_attn_npu_4.flash_attn_varlen_func,flash_attn_varlen_func_v4_accuracy,"{'type': 'tensor', 'dtype': 'bf16', 'range_values': [-5.0, 5.0], 'shape': [4, 16, 32], 'name': 'q', 'backward': True}","{'type': 'tensor', 'dtype': 'bf16', 'range_values': [-5.0, 5.0], 'shape': [8, 8, 32], 'name': 'k', 'backward': True}","{'type': 'tensor', 'dtype': 'bf16', 'range_values': [-5.0, 5.0], 'shape': [8, 8, 32], 'name': 'v', 'backward': True}","{'type': 'tensor', 'dtype': 'bf16', 'range_values': 'default', 'shape': [4, 16, 32], 'name': 'qv', 'backward': True}","{'type': 'tensor', 'dtype': 'int32', 'range_values': [0, 4], 'shape': [5], 'name': 'cu_seqlens_q', 'backward': True}","{'type': 'tensor', 'dtype': 'int32', 'range_values': [0, 8], 'shape': [5], 'name': 'cu_seqlens_k', 'backward': True}","{'type': 'attr', 'dtype': 'int', 'range_values': 1, 'name': 'max_seqlen_q'}","{'type': 'attr', 'dtype': 'int', 'range_values': 2, 'name': 'max_seqlen_k'}","{'type': 'attr', 'dtype': 'float', 'range_values': 0.125, 'name': 'softmax_scale'}","{'type': 'attr', 'dtype': 'bool', 'range_values': True, 'name': 'causal'}","[{'type': 'attr_tuple', 'dtype': 'int', 'range_values': -1, 'name': 'window_size'}, {'type': 'attr_tuple', 'dtype': 'int', 'range_values': -1, 'name': 'window_size'}]","{'type': 'attr', 'dtype': 'float', 'range_values': 0.0, 'name': 'softcap'}","{'type': 'attr', 'dtype': 'int', 'range_values': 0, 'name': 'num_splits'}","{'type': 'attr', 'dtype': 'bool', 'range_values': False, 'name': 'deterministic'}","{'type': 'attr', 'dtype': 'bool', 'range_values': False, 'name': 'return_lse'}","{'acc': {'cv_fused_double_benchmark': {'max_re_ratio': 2.0, 'avg_re_ratio': 1.2, 'root_mean_squared_ratio': 1.2}}, 'perf': 'not_key', 'mem': 1.1}",1
65,flash_attn_npu_4.flash_attn_varlen_func,flash_attn_varlen_func_v4_accuracy,"{'type': 'tensor', 'dtype': 'bf16', 'range_values': [-5.0, 5.0], 'shape': [128, 1, 16], 'name': 'q', 'backward': True}","{'type': 'tensor', 'dtype': 'bf16', 'range_values': [-5.0, 5.0], 'shape': [128, 1, 16], 'name': 'k', 'backward': True}","{'type': 'tensor', 'dtype': 'bf16', 'range_values': [-5.0, 5.0], 'shape': [128, 1, 16], 'name': 'v', 'backward': True}","{'type': 'tensor', 'dtype': 'bf16', 'range_values': 'default', 'shape': [128, 1, 16], 'name': 'qv', 'backward': True}","{'type': 'tensor', 'dtype': 'int32', 'range_values': [0, 128], 'shape': [9], 'name': 'cu_seqlens_q', 'backward': True}","{'type': 'tensor', 'dtype': 'int32', 'range_values': [0, 128], 'shape': [9], 'name': 'cu_seqlens_k', 'backward': True}","{'type': 'attr', 'dtype': 'int', 'range_values': 16, 'name': 'max_seqlen_q'}","{'type': 'attr', 'dtype': 'int', 'range_values': 16, 'name': 'max_seqlen_k'}","{'type': 'attr', 'dtype': 'float', 'range_values': 0.125, 'name': 'softmax_scale'}","{'type': 'attr', 'dtype': 'bool', 'range_values': True, 'name': 'causal'}","[{'type': 'attr_tuple', 'dtype': 'int', 'range_values': -1, 'name': 'window_size'}, {'type': 'attr_tuple', 'dtype': 'int', 'range_values': -1, 'name': 'window_size'}]","{'type': 'attr', 'dtype': 'float', 'range_values': 0.0, 'name': 'softcap'}","{'type': 'attr', 'dtype': 'int', 'range_values': 0, 'name': 'num_splits'}","{'type': 'attr', 'dtype': 'bool', 'range_values': False, 'name': 'deterministic'}","{'type': 'attr', 'dtype': 'bool', 'range_values': False, 'name': 'return_lse'}","{'acc': {'cv_fused_double_benchmark': {'max_re_ratio': 2.0, 'avg_re_ratio': 1.2, 'root_mean_squared_ratio': 1.2}}, 'perf': 'not_key', 'mem': 1.1}",1
66,flash_attn_npu_4.flash_attn_varlen_func,flash_attn_varlen_func_v4_accuracy,"{'type': 'tensor', 'dtype': 'fp16', 'range_values': [-5.0, 5.0], 'shape': [16, 4, 64], 'name': 'q', 'backward': True}","{'type': 'tensor', 'dtype': 'fp16', 'range_values': [-5.0, 5.0], 'shape': [1, 2, 64], 'name': 'k', 'backward': True}","{'type': 'tensor', 'dtype': 'fp16', 'range_values': [-5.0, 5.0], 'shape': [1, 2, 64], 'name': 'v', 'backward': True}","{'type': 'tensor', 'dtype': 'fp16', 'range_values': 'default', 'shape': [16, 4, 64], 'name': 'qv', 'backward': True}","{'type': 'tensor', 'dtype': 'int32', 'range_values': [0, 16], 'shape': [2], 'name': 'cu_seqlens_q', 'backward': True}","{'type': 'tensor', 'dtype': 'int32', 'range_values': [0, 1], 'shape': [2], 'name': 'cu_seqlens_k', 'backward': True}","{'type': 'attr', 'dtype': 'int', 'range_values': 16, 'name': 'max_seqlen_q'}","{'type': 'attr', 'dtype': 'int', 'range_values': 1, 'name': 'max_seqlen_k'}","{'type': 'attr', 'dtype': 'float', 'range_values': 0.125, 'name': 'softmax_scale'}","{'type': 'attr', 'dtype': 'bool', 'range_values': False, 'name': 'causal'}","[{'type': 'attr_tuple', 'dtype': 'int', 'range_values': -1, 'name': 'window_size'}, {'type': 'attr_tuple', 'dtype': 'int', 'range_values': -1, 'name': 'window_size'}]","{'type': 'attr', 'dtype': 'float', 'range_values': 0.0, 'name': 'softcap'}","{'type': 'attr', 'dtype': 'int', 'range_values': 0, 'name': 'num_splits'}","{'type': 'attr', 'dtype': 'bool', 'range_values': False, 'name': 'deterministic'}","{'type': 'attr', 'dtype': 'bool', 'range_values': False, 'name': 'return_lse'}","{'acc': {'cv_fused_double_benchmark': {'max_re_ratio': 2.0, 'avg_re_ratio': 1.2, 'root_mean_squared_ratio': 1.2}}, 'perf': 'not_key', 'mem': 1.1}",1
67,flash_attn_npu_4.flash_attn_varlen_func,flash_attn_varlen_func_v4_accuracy,"{'type': 'tensor', 'dtype': 'bf16', 'range_values': [-5.0, 5.0], 'shape': [16, 2, 64], 'name': 'q', 'backward': True}","{'type': 'tensor', 'dtype': 'bf16', 'range_values': [-5.0, 5.0], 'shape': [17, 2, 64], 'name': 'k', 'backward': True}","{'type': 'tensor', 'dtype': 'bf16', 'range_values': [-5.0, 5.0], 'shape': [17, 2, 64], 'name': 'v', 'backward': True}","{'type': 'tensor', 'dtype': 'bf16', 'range_values': 'default', 'shape': [16, 2, 64], 'name': 'qv', 'backward': True}","{'type': 'tensor', 'dtype': 'int32', 'range_values': [0, 16], 'shape': [3], 'name': 'cu_seqlens_q', 'backward': True}","{'type': 'tensor', 'dtype': 'int32', 'range_values': [0, 17], 'shape': [3], 'name': 'cu_seqlens_k', 'backward': True}","{'type': 'attr', 'dtype': 'int', 'range_values': 8, 'name': 'max_seqlen_q'}","{'type': 'attr', 'dtype': 'int', 'range_values': 9, 'name': 'max_seqlen_k'}","{'type': 'attr', 'dtype': 'float', 'range_values': 0.125, 'name': 'softmax_scale'}","{'type': 'attr', 'dtype': 'bool', 'range_values': False, 'name': 'causal'}","[{'type': 'attr_tuple', 'dtype': 'int', 'range_values': -1, 'name': 'window_size'}, {'type': 'attr_tuple', 'dtype': 'int', 'range_values': -1, 'name': 'window_size'}]","{'type': 'attr', 'dtype': 'float', 'range_values': 0.0, 'name': 'softcap'}","{'type': 'attr', 'dtype': 'int', 'range_values': 0, 'name': 'num_splits'}","{'type': 'attr', 'dtype': 'bool', 'range_values': False, 'name': 'deterministic'}","{'type': 'attr', 'dtype': 'bool', 'range_values': False, 'name': 'return_lse'}","{'acc': {'cv_fused_double_benchmark': {'max_re_ratio': 2.0, 'avg_re_ratio': 1.2, 'root_mean_squared_ratio': 1.2}}, 'perf': 'not_key', 'mem': 1.1}",1
68,flash_attn_npu_4.flash_attn_varlen_func,flash_attn_varlen_func_v4_accuracy,"{'type': 'tensor', 'dtype': 'fp16', 'range_values': [-5.0, 5.0], 'shape': [17, 4, 32], 'name': 'q', 'backward': True}","{'type': 'tensor', 'dtype': 'fp16', 'range_values': [-5.0, 5.0], 'shape': [17, 4, 32], 'name': 'k', 'backward': True}","{'type': 'tensor', 'dtype': 'fp16', 'range_values': [-5.0, 5.0], 'shape': [17, 4, 32], 'name': 'v', 'backward': True}","{'type': 'tensor', 'dtype': 'fp16', 'range_values': 'default', 'shape': [17, 4, 32], 'name': 'qv', 'backward': True}","{'type': 'tensor', 'dtype': 'int32', 'range_values': [0, 17], 'shape': [2], 'name': 'cu_seqlens_q', 'backward': True}","{'type': 'tensor', 'dtype': 'int32', 'range_values': [0, 17], 'shape': [2], 'name': 'cu_seqlens_k', 'backward': True}","{'type': 'attr', 'dtype': 'int', 'range_values': 17, 'name': 'max_seqlen_q'}","{'type': 'attr', 'dtype': 'int', 'range_values': 17, 'name': 'max_seqlen_k'}","{'type': 'attr', 'dtype': 'float', 'range_values': 0.125, 'name': 'softmax_scale'}","{'type': 'attr', 'dtype': 'bool', 'range_values': True, 'name': 'causal'}","[{'type': 'attr_tuple', 'dtype': 'int', 'range_values': -1, 'name': 'window_size'}, {'type': 'attr_tuple', 'dtype': 'int', 'range_values': -1, 'name': 'window_size'}]","{'type': 'attr', 'dtype': 'float', 'range_values': 0.0, 'name': 'softcap'}","{'type': 'attr', 'dtype': 'int', 'range_values': 0, 'name': 'num_splits'}","{'type': 'attr', 'dtype': 'bool', 'range_values': False, 'name': 'deterministic'}","{'type': 'attr', 'dtype': 'bool', 'range_values': False, 'name': 'return_lse'}","{'acc': {'cv_fused_double_benchmark': {'max_re_ratio': 2.0, 'avg_re_ratio': 1.2, 'root_mean_squared_ratio': 1.2}}, 'perf': 'not_key', 'mem': 1.1}",1
69,flash_attn_npu_4.flash_attn_varlen_func,flash_attn_varlen_func_v4_accuracy,"{'type': 'tensor', 'dtype': 'bf16', 'range_values': [-5.0, 5.0], 'shape': [1, 16, 256], 'name': 'q', 'backward': True}","{'type': 'tensor', 'dtype': 'bf16', 'range_values': [-5.0, 5.0], 'shape': [1, 1, 256], 'name': 'k', 'backward': True}","{'type': 'tensor', 'dtype': 'bf16', 'range_values': [-5.0, 5.0], 'shape': [1, 1, 256], 'name': 'v', 'backward': True}","{'type': 'tensor', 'dtype': 'bf16', 'range_values': 'default', 'shape': [1, 16, 256], 'name': 'qv', 'backward': True}","{'type': 'tensor', 'dtype': 'int32', 'range_values': [0, 1], 'shape': [2], 'name': 'cu_seqlens_q', 'backward': True}","{'type': 'tensor', 'dtype': 'int32', 'range_values': [0, 1], 'shape': [2], 'name': 'cu_seqlens_k', 'backward': True}","{'type': 'attr', 'dtype': 'int', 'range_values': 1, 'name': 'max_seqlen_q'}","{'type': 'attr', 'dtype': 'int', 'range_values': 1, 'name': 'max_seqlen_k'}","{'type': 'attr', 'dtype': 'float', 'range_values': 0.125, 'name': 'softmax_scale'}","{'type': 'attr', 'dtype': 'bool', 'range_values': True, 'name': 'causal'}","[{'type': 'attr_tuple', 'dtype': 'int', 'range_values': -1, 'name': 'window_size'}, {'type': 'attr_tuple', 'dtype': 'int', 'range_values': -1, 'name': 'window_size'}]","{'type': 'attr', 'dtype': 'float', 'range_values': 0.0, 'name': 'softcap'}","{'type': 'attr', 'dtype': 'int', 'range_values': 0, 'name': 'num_splits'}","{'type': 'attr', 'dtype': 'bool', 'range_values': False, 'name': 'deterministic'}","{'type': 'attr', 'dtype': 'bool', 'range_values': False, 'name': 'return_lse'}","{'acc': {'cv_fused_double_benchmark': {'max_re_ratio': 2.0, 'avg_re_ratio': 1.2, 'root_mean_squared_ratio': 1.2}}, 'perf': 'not_key', 'mem': 1.1}",1
70,flash_attn_npu_4.flash_attn_varlen_func,flash_attn_varlen_func_v4_accuracy,"{'type': 'tensor', 'dtype': 'fp16', 'range_values': [-5.0, 5.0], 'shape': [64, 1, 64], 'name': 'q', 'backward': True}","{'type': 'tensor', 'dtype': 'fp16', 'range_values': [-5.0, 5.0], 'shape': [4, 1, 64], 'name': 'k', 'backward': True}","{'type': 'tensor', 'dtype': 'fp16', 'range_values': [-5.0, 5.0], 'shape': [4, 1, 64], 'name': 'v', 'backward': True}","{'type': 'tensor', 'dtype': 'fp16', 'range_values': 'default', 'shape': [64, 1, 64], 'name': 'qv', 'backward': True}","{'type': 'tensor', 'dtype': 'int32', 'range_values': [0, 64], 'shape': [3], 'name': 'cu_seqlens_q', 'backward': True}","{'type': 'tensor', 'dtype': 'int32', 'range_values': [0, 4], 'shape': [3], 'name': 'cu_seqlens_k', 'backward': True}","{'type': 'attr', 'dtype': 'int', 'range_values': 32, 'name': 'max_seqlen_q'}","{'type': 'attr', 'dtype': 'int', 'range_values': 2, 'name': 'max_seqlen_k'}","{'type': 'attr', 'dtype': 'float', 'range_values': 0.125, 'name': 'softmax_scale'}","{'type': 'attr', 'dtype': 'bool', 'range_values': False, 'name': 'causal'}","[{'type': 'attr_tuple', 'dtype': 'int', 'range_values': -1, 'name': 'window_size'}, {'type': 'attr_tuple', 'dtype': 'int', 'range_values': -1, 'name': 'window_size'}]","{'type': 'attr', 'dtype': 'float', 'range_values': 0.0, 'name': 'softcap'}","{'type': 'attr', 'dtype': 'int', 'range_values': 0, 'name': 'num_splits'}","{'type': 'attr', 'dtype': 'bool', 'range_values': False, 'name': 'deterministic'}","{'type': 'attr', 'dtype': 'bool', 'range_values': False, 'name': 'return_lse'}","{'acc': {'cv_fused_double_benchmark': {'max_re_ratio': 2.0, 'avg_re_ratio': 1.2, 'root_mean_squared_ratio': 1.2}}, 'perf': 'not_key', 'mem': 1.1}",1
71,flash_attn_npu_4.flash_attn_varlen_func,flash_attn_varlen_func_v4_accuracy,"{'type': 'tensor', 'dtype': 'bf16', 'range_values': [-5.0, 5.0], 'shape': [2, 4, 32], 'name': 'q', 'backward': True}","{'type': 'tensor', 'dtype': 'bf16', 'range_values': [-5.0, 5.0], 'shape': [129, 1, 32], 'name': 'k', 'backward': True}","{'type': 'tensor', 'dtype': 'bf16', 'range_values': [-5.0, 5.0], 'shape': [129, 1, 32], 'name': 'v', 'backward': True}","{'type': 'tensor', 'dtype': 'bf16', 'range_values': 'default', 'shape': [2, 4, 32], 'name': 'qv', 'backward': True}","{'type': 'tensor', 'dtype': 'int32', 'range_values': [0, 2], 'shape': [3], 'name': 'cu_seqlens_q', 'backward': True}","{'type': 'tensor', 'dtype': 'int32', 'range_values': [0, 129], 'shape': [3], 'name': 'cu_seqlens_k', 'backward': True}","{'type': 'attr', 'dtype': 'int', 'range_values': 1, 'name': 'max_seqlen_q'}","{'type': 'attr', 'dtype': 'int', 'range_values': 65, 'name': 'max_seqlen_k'}","{'type': 'attr', 'dtype': 'float', 'range_values': 0.125, 'name': 'softmax_scale'}","{'type': 'attr', 'dtype': 'bool', 'range_values': False, 'name': 'causal'}","[{'type': 'attr_tuple', 'dtype': 'int', 'range_values': -1, 'name': 'window_size'}, {'type': 'attr_tuple', 'dtype': 'int', 'range_values': -1, 'name': 'window_size'}]","{'type': 'attr', 'dtype': 'float', 'range_values': 0.0, 'name': 'softcap'}","{'type': 'attr', 'dtype': 'int', 'range_values': 0, 'name': 'num_splits'}","{'type': 'attr', 'dtype': 'bool', 'range_values': False, 'name': 'deterministic'}","{'type': 'attr', 'dtype': 'bool', 'range_values': False, 'name': 'return_lse'}","{'acc': {'cv_fused_double_benchmark': {'max_re_ratio': 2.0, 'avg_re_ratio': 1.2, 'root_mean_squared_ratio': 1.2}}, 'perf': 'not_key', 'mem': 1.1}",1
72,flash_attn_npu_4.flash_attn_varlen_func,flash_attn_varlen_func_v4_accuracy,"{'type': 'tensor', 'dtype': 'bf16', 'range_values': [-5.0, 5.0], 'shape': [1, 1, 256], 'name': 'q', 'backward': True}","{'type': 'tensor', 'dtype': 'bf16', 'range_values': [-5.0, 5.0], 'shape': [17, 1, 256], 'name': 'k', 'backward': True}","{'type': 'tensor', 'dtype': 'bf16', 'range_values': [-5.0, 5.0], 'shape': [17, 1, 256], 'name': 'v', 'backward': True}","{'type': 'tensor', 'dtype': 'bf16', 'range_values': 'default', 'shape': [1, 1, 256], 'name': 'qv', 'backward': True}","{'type': 'tensor', 'dtype': 'int32', 'range_values': [0, 1], 'shape': [2], 'name': 'cu_seqlens_q', 'backward': True}","{'type': 'tensor', 'dtype': 'int32', 'range_values': [0, 17], 'shape': [2], 'name': 'cu_seqlens_k', 'backward': True}","{'type': 'attr', 'dtype': 'int', 'range_values': 1, 'name': 'max_seqlen_q'}","{'type': 'attr', 'dtype': 'int', 'range_values': 17, 'name': 'max_seqlen_k'}","{'type': 'attr', 'dtype': 'float', 'range_values': 0.125, 'name': 'softmax_scale'}","{'type': 'attr', 'dtype': 'bool', 'range_values': True, 'name': 'causal'}","[{'type': 'attr_tuple', 'dtype': 'int', 'range_values': -1, 'name': 'window_size'}, {'type': 'attr_tuple', 'dtype': 'int', 'range_values': -1, 'name': 'window_size'}]","{'type': 'attr', 'dtype': 'float', 'range_values': 0.0, 'name': 'softcap'}","{'type': 'attr', 'dtype': 'int', 'range_values': 0, 'name': 'num_splits'}","{'type': 'attr', 'dtype': 'bool', 'range_values': False, 'name': 'deterministic'}","{'type': 'attr', 'dtype': 'bool', 'range_values': False, 'name': 'return_lse'}","{'acc': {'cv_fused_double_benchmark': {'max_re_ratio': 2.0, 'avg_re_ratio': 1.2, 'root_mean_squared_ratio': 1.2}}, 'perf': 'not_key', 'mem': 1.1}",1
73,flash_attn_npu_4.flash_attn_varlen_func,flash_attn_varlen_func_v4_accuracy,"{'type': 'tensor', 'dtype': 'bf16', 'range_values': [-5.0, 5.0], 'shape': [17, 16, 16], 'name': 'q', 'backward': True}","{'type': 'tensor', 'dtype': 'bf16', 'range_values': [-5.0, 5.0], 'shape': [17, 1, 16], 'name': 'k', 'backward': True}","{'type': 'tensor', 'dtype': 'bf16', 'range_values': [-5.0, 5.0], 'shape': [17, 1, 16], 'name': 'v', 'backward': True}","{'type': 'tensor', 'dtype': 'bf16', 'range_values': 'default', 'shape': [17, 16, 16], 'name': 'qv', 'backward': True}","{'type': 'tensor', 'dtype': 'int32', 'range_values': [0, 17], 'shape': [3], 'name': 'cu_seqlens_q', 'backward': True}","{'type': 'tensor', 'dtype': 'int32', 'range_values': [0, 17], 'shape': [3], 'name': 'cu_seqlens_k', 'backward': True}","{'type': 'attr', 'dtype': 'int', 'range_values': 9, 'name': 'max_seqlen_q'}","{'type': 'attr', 'dtype': 'int', 'range_values': 9, 'name': 'max_seqlen_k'}","{'type': 'attr', 'dtype': 'float', 'range_values': 0.125, 'name': 'softmax_scale'}","{'type': 'attr', 'dtype': 'bool', 'range_values': True, 'name': 'causal'}","[{'type': 'attr_tuple', 'dtype': 'int', 'range_values': -1, 'name': 'window_size'}, {'type': 'attr_tuple', 'dtype': 'int', 'range_values': -1, 'name': 'window_size'}]","{'type': 'attr', 'dtype': 'float', 'range_values': 0.0, 'name': 'softcap'}","{'type': 'attr', 'dtype': 'int', 'range_values': 0, 'name': 'num_splits'}","{'type': 'attr', 'dtype': 'bool', 'range_values': False, 'name': 'deterministic'}","{'type': 'attr', 'dtype': 'bool', 'range_values': False, 'name': 'return_lse'}","{'acc': {'cv_fused_double_benchmark': {'max_re_ratio': 2.0, 'avg_re_ratio': 1.2, 'root_mean_squared_ratio': 1.2}}, 'perf': 'not_key', 'mem': 1.1}",1
74,flash_attn_npu_4.flash_attn_varlen_func,flash_attn_varlen_func_v4_accuracy,"{'type': 'tensor', 'dtype': 'fp16', 'range_values': [-5.0, 5.0], 'shape': [2, 4, 64], 'name': 'q', 'backward': True}","{'type': 'tensor', 'dtype': 'fp16', 'range_values': [-5.0, 5.0], 'shape': [33, 2, 64], 'name': 'k', 'backward': True}","{'type': 'tensor', 'dtype': 'fp16', 'range_values': [-5.0, 5.0], 'shape': [33, 2, 64], 'name': 'v', 'backward': True}","{'type': 'tensor', 'dtype': 'fp16', 'range_values': 'default', 'shape': [2, 4, 64], 'name': 'qv', 'backward': True}","{'type': 'tensor', 'dtype': 'int32', 'range_values': [0, 2], 'shape': [3], 'name': 'cu_seqlens_q', 'backward': True}","{'type': 'tensor', 'dtype': 'int32', 'range_values': [0, 33], 'shape': [3], 'name': 'cu_seqlens_k', 'backward': True}","{'type': 'attr', 'dtype': 'int', 'range_values': 1, 'name': 'max_seqlen_q'}","{'type': 'attr', 'dtype': 'int', 'range_values': 17, 'name': 'max_seqlen_k'}","{'type': 'attr', 'dtype': 'float', 'range_values': 0.125, 'name': 'softmax_scale'}","{'type': 'attr', 'dtype': 'bool', 'range_values': False, 'name': 'causal'}","[{'type': 'attr_tuple', 'dtype': 'int', 'range_values': -1, 'name': 'window_size'}, {'type': 'attr_tuple', 'dtype': 'int', 'range_values': -1, 'name': 'window_size'}]","{'type': 'attr', 'dtype': 'float', 'range_values': 0.0, 'name': 'softcap'}","{'type': 'attr', 'dtype': 'int', 'range_values': 0, 'name': 'num_splits'}","{'type': 'attr', 'dtype': 'bool', 'range_values': False, 'name': 'deterministic'}","{'type': 'attr', 'dtype': 'bool', 'range_values': False, 'name': 'return_lse'}","{'acc': {'cv_fused_double_benchmark': {'max_re_ratio': 2.0, 'avg_re_ratio': 1.2, 'root_mean_squared_ratio': 1.2}}, 'perf': 'not_key', 'mem': 1.1}",1
75,flash_attn_npu_4.flash_attn_varlen_func,flash_attn_varlen_func_v4_accuracy,"{'type': 'tensor', 'dtype': 'fp16', 'range_values': [-5.0, 5.0], 'shape': [257, 1, 16], 'name': 'q', 'backward': True}","{'type': 'tensor', 'dtype': 'fp16', 'range_values': [-5.0, 5.0], 'shape': [65, 1, 16], 'name': 'k', 'backward': True}","{'type': 'tensor', 'dtype': 'fp16', 'range_values': [-5.0, 5.0], 'shape': [65, 1, 16], 'name': 'v', 'backward': True}","{'type': 'tensor', 'dtype': 'fp16', 'range_values': 'default', 'shape': [257, 1, 16], 'name': 'qv', 'backward': True}","{'type': 'tensor', 'dtype': 'int32', 'range_values': [0, 257], 'shape': [9], 'name': 'cu_seqlens_q', 'backward': True}","{'type': 'tensor', 'dtype': 'int32', 'range_values': [0, 65], 'shape': [9], 'name': 'cu_seqlens_k', 'backward': True}","{'type': 'attr', 'dtype': 'int', 'range_values': 33, 'name': 'max_seqlen_q'}","{'type': 'attr', 'dtype': 'int', 'range_values': 9, 'name': 'max_seqlen_k'}","{'type': 'attr', 'dtype': 'float', 'range_values': 0.125, 'name': 'softmax_scale'}","{'type': 'attr', 'dtype': 'bool', 'range_values': False, 'name': 'causal'}","[{'type': 'attr_tuple', 'dtype': 'int', 'range_values': -1, 'name': 'window_size'}, {'type': 'attr_tuple', 'dtype': 'int', 'range_values': -1, 'name': 'window_size'}]","{'type': 'attr', 'dtype': 'float', 'range_values': 0.0, 'name': 'softcap'}","{'type': 'attr', 'dtype': 'int', 'range_values': 0, 'name': 'num_splits'}","{'type': 'attr', 'dtype': 'bool', 'range_values': False, 'name': 'deterministic'}","{'type': 'attr', 'dtype': 'bool', 'range_values': False, 'name': 'return_lse'}","{'acc': {'cv_fused_double_benchmark': {'max_re_ratio': 2.0, 'avg_re_ratio': 1.2, 'root_mean_squared_ratio': 1.2}}, 'perf': 'not_key', 'mem': 1.1}",1
76,flash_attn_npu_4.flash_attn_varlen_func,flash_attn_varlen_func_v4_accuracy,"{'type': 'tensor', 'dtype': 'fp16', 'range_values': [-5.0, 5.0], 'shape': [7, 4, 128], 'name': 'q', 'backward': True}","{'type': 'tensor', 'dtype': 'fp16', 'range_values': [-5.0, 5.0], 'shape': [7, 2, 128], 'name': 'k', 'backward': True}","{'type': 'tensor', 'dtype': 'fp16', 'range_values': [-5.0, 5.0], 'shape': [7, 2, 128], 'name': 'v', 'backward': True}","{'type': 'tensor', 'dtype': 'fp16', 'range_values': 'default', 'shape': [7, 4, 128], 'name': 'qv', 'backward': True}","{'type': 'tensor', 'dtype': 'int32', 'range_values': [0, 7], 'shape': [2], 'name': 'cu_seqlens_q', 'backward': True}","{'type': 'tensor', 'dtype': 'int32', 'range_values': [0, 7], 'shape': [2], 'name': 'cu_seqlens_k', 'backward': True}","{'type': 'attr', 'dtype': 'int', 'range_values': 7, 'name': 'max_seqlen_q'}","{'type': 'attr', 'dtype': 'int', 'range_values': 7, 'name': 'max_seqlen_k'}","{'type': 'attr', 'dtype': 'float', 'range_values': 0.125, 'name': 'softmax_scale'}","{'type': 'attr', 'dtype': 'bool', 'range_values': True, 'name': 'causal'}","[{'type': 'attr_tuple', 'dtype': 'int', 'range_values': -1, 'name': 'window_size'}, {'type': 'attr_tuple', 'dtype': 'int', 'range_values': -1, 'name': 'window_size'}]","{'type': 'attr', 'dtype': 'float', 'range_values': 0.0, 'name': 'softcap'}","{'type': 'attr', 'dtype': 'int', 'range_values': 0, 'name': 'num_splits'}","{'type': 'attr', 'dtype': 'bool', 'range_values': False, 'name': 'deterministic'}","{'type': 'attr', 'dtype': 'bool', 'range_values': False, 'name': 'return_lse'}","{'acc': {'cv_fused_double_benchmark': {'max_re_ratio': 2.0, 'avg_re_ratio': 1.2, 'root_mean_squared_ratio': 1.2}}, 'perf': 'not_key', 'mem': 1.1}",1
77,flash_attn_npu_4.flash_attn_varlen_func,flash_attn_varlen_func_v4_accuracy,"{'type': 'tensor', 'dtype': 'fp16', 'range_values': [-5.0, 5.0], 'shape': [7, 2, 256], 'name': 'q', 'backward': True}","{'type': 'tensor', 'dtype': 'fp16', 'range_values': [-5.0, 5.0], 'shape': [4, 2, 256], 'name': 'k', 'backward': True}","{'type': 'tensor', 'dtype': 'fp16', 'range_values': [-5.0, 5.0], 'shape': [4, 2, 256], 'name': 'v', 'backward': True}","{'type': 'tensor', 'dtype': 'fp16', 'range_values': 'default', 'shape': [7, 2, 256], 'name': 'qv', 'backward': True}","{'type': 'tensor', 'dtype': 'int32', 'range_values': [0, 7], 'shape': [5], 'name': 'cu_seqlens_q', 'backward': True}","{'type': 'tensor', 'dtype': 'int32', 'range_values': [0, 4], 'shape': [5], 'name': 'cu_seqlens_k', 'backward': True}","{'type': 'attr', 'dtype': 'int', 'range_values': 2, 'name': 'max_seqlen_q'}","{'type': 'attr', 'dtype': 'int', 'range_values': 1, 'name': 'max_seqlen_k'}","{'type': 'attr', 'dtype': 'float', 'range_values': 0.125, 'name': 'softmax_scale'}","{'type': 'attr', 'dtype': 'bool', 'range_values': False, 'name': 'causal'}","[{'type': 'attr_tuple', 'dtype': 'int', 'range_values': -1, 'name': 'window_size'}, {'type': 'attr_tuple', 'dtype': 'int', 'range_values': -1, 'name': 'window_size'}]","{'type': 'attr', 'dtype': 'float', 'range_values': 0.0, 'name': 'softcap'}","{'type': 'attr', 'dtype': 'int', 'range_values': 0, 'name': 'num_splits'}","{'type': 'attr', 'dtype': 'bool', 'range_values': False, 'name': 'deterministic'}","{'type': 'attr', 'dtype': 'bool', 'range_values': False, 'name': 'return_lse'}","{'acc': {'cv_fused_double_benchmark': {'max_re_ratio': 2.0, 'avg_re_ratio': 1.2, 'root_mean_squared_ratio': 1.2}}, 'perf': 'not_key', 'mem': 1.1}",1
78,flash_attn_npu_4.flash_attn_varlen_func,flash_attn_varlen_func_v4_accuracy,"{'type': 'tensor', 'dtype': 'bf16', 'range_values': [-5.0, 5.0], 'shape': [8, 2, 128], 'name': 'q', 'backward': True}","{'type': 'tensor', 'dtype': 'bf16', 'range_values': [-5.0, 5.0], 'shape': [15, 2, 128], 'name': 'k', 'backward': True}","{'type': 'tensor', 'dtype': 'bf16', 'range_values': [-5.0, 5.0], 'shape': [15, 2, 128], 'name': 'v', 'backward': True}","{'type': 'tensor', 'dtype': 'bf16', 'range_values': 'default', 'shape': [8, 2, 128], 'name': 'qv', 'backward': True}","{'type': 'tensor', 'dtype': 'int32', 'range_values': [0, 8], 'shape': [2], 'name': 'cu_seqlens_q', 'backward': True}","{'type': 'tensor', 'dtype': 'int32', 'range_values': [0, 15], 'shape': [2], 'name': 'cu_seqlens_k', 'backward': True}","{'type': 'attr', 'dtype': 'int', 'range_values': 8, 'name': 'max_seqlen_q'}","{'type': 'attr', 'dtype': 'int', 'range_values': 15, 'name': 'max_seqlen_k'}","{'type': 'attr', 'dtype': 'float', 'range_values': 0.125, 'name': 'softmax_scale'}","{'type': 'attr', 'dtype': 'bool', 'range_values': True, 'name': 'causal'}","[{'type': 'attr_tuple', 'dtype': 'int', 'range_values': -1, 'name': 'window_size'}, {'type': 'attr_tuple', 'dtype': 'int', 'range_values': -1, 'name': 'window_size'}]","{'type': 'attr', 'dtype': 'float', 'range_values': 0.0, 'name': 'softcap'}","{'type': 'attr', 'dtype': 'int', 'range_values': 0, 'name': 'num_splits'}","{'type': 'attr', 'dtype': 'bool', 'range_values': False, 'name': 'deterministic'}","{'type': 'attr', 'dtype': 'bool', 'range_values': False, 'name': 'return_lse'}","{'acc': {'cv_fused_double_benchmark': {'max_re_ratio': 2.0, 'avg_re_ratio': 1.2, 'root_mean_squared_ratio': 1.2}}, 'perf': 'not_key', 'mem': 1.1}",1
79,flash_attn_npu_4.flash_attn_varlen_func,flash_attn_varlen_func_v4_accuracy,"{'type': 'tensor', 'dtype': 'bf16', 'range_values': [-5.0, 5.0], 'shape': [15, 8, 16], 'name': 'q', 'backward': True}","{'type': 'tensor', 'dtype': 'bf16', 'range_values': [-5.0, 5.0], 'shape': [256, 1, 16], 'name': 'k', 'backward': True}","{'type': 'tensor', 'dtype': 'bf16', 'range_values': [-5.0, 5.0], 'shape': [256, 1, 16], 'name': 'v', 'backward': True}","{'type': 'tensor', 'dtype': 'bf16', 'range_values': 'default', 'shape': [15, 8, 16], 'name': 'qv', 'backward': True}","{'type': 'tensor', 'dtype': 'int32', 'range_values': [0, 15], 'shape': [3], 'name': 'cu_seqlens_q', 'backward': True}","{'type': 'tensor', 'dtype': 'int32', 'range_values': [0, 256], 'shape': [3], 'name': 'cu_seqlens_k', 'backward': True}","{'type': 'attr', 'dtype': 'int', 'range_values': 8, 'name': 'max_seqlen_q'}","{'type': 'attr', 'dtype': 'int', 'range_values': 128, 'name': 'max_seqlen_k'}","{'type': 'attr', 'dtype': 'float', 'range_values': 0.125, 'name': 'softmax_scale'}","{'type': 'attr', 'dtype': 'bool', 'range_values': True, 'name': 'causal'}","[{'type': 'attr_tuple', 'dtype': 'int', 'range_values': -1, 'name': 'window_size'}, {'type': 'attr_tuple', 'dtype': 'int', 'range_values': -1, 'name': 'window_size'}]","{'type': 'attr', 'dtype': 'float', 'range_values': 0.0, 'name': 'softcap'}","{'type': 'attr', 'dtype': 'int', 'range_values': 0, 'name': 'num_splits'}","{'type': 'attr', 'dtype': 'bool', 'range_values': False, 'name': 'deterministic'}","{'type': 'attr', 'dtype': 'bool', 'range_values': False, 'name': 'return_lse'}","{'acc': {'cv_fused_double_benchmark': {'max_re_ratio': 2.0, 'avg_re_ratio': 1.2, 'root_mean_squared_ratio': 1.2}}, 'perf': 'not_key', 'mem': 1.1}",1
80,flash_attn_npu_4.flash_attn_varlen_func,flash_attn_varlen_func_v4_accuracy,"{'type': 'tensor', 'dtype': 'bf16', 'range_values': [-5.0, 5.0], 'shape': [7, 2, 128], 'name': 'q', 'backward': True}","{'type': 'tensor', 'dtype': 'bf16', 'range_values': [-5.0, 5.0], 'shape': [33, 1, 128], 'name': 'k', 'backward': True}","{'type': 'tensor', 'dtype': 'bf16', 'range_values': [-5.0, 5.0], 'shape': [33, 1, 128], 'name': 'v', 'backward': True}","{'type': 'tensor', 'dtype': 'bf16', 'range_values': 'default', 'shape': [7, 2, 128], 'name': 'qv', 'backward': True}","{'type': 'tensor', 'dtype': 'int32', 'range_values': [0, 7], 'shape': [5], 'name': 'cu_seqlens_q', 'backward': True}","{'type': 'tensor', 'dtype': 'int32', 'range_values': [0, 33], 'shape': [5], 'name': 'cu_seqlens_k', 'backward': True}","{'type': 'attr', 'dtype': 'int', 'range_values': 2, 'name': 'max_seqlen_q'}","{'type': 'attr', 'dtype': 'int', 'range_values': 9, 'name': 'max_seqlen_k'}","{'type': 'attr', 'dtype': 'float', 'range_values': 0.125, 'name': 'softmax_scale'}","{'type': 'attr', 'dtype': 'bool', 'range_values': False, 'name': 'causal'}","[{'type': 'attr_tuple', 'dtype': 'int', 'range_values': -1, 'name': 'window_size'}, {'type': 'attr_tuple', 'dtype': 'int', 'range_values': -1, 'name': 'window_size'}]","{'type': 'attr', 'dtype': 'float', 'range_values': 0.0, 'name': 'softcap'}","{'type': 'attr', 'dtype': 'int', 'range_values': 0, 'name': 'num_splits'}","{'type': 'attr', 'dtype': 'bool', 'range_values': False, 'name': 'deterministic'}","{'type': 'attr', 'dtype': 'bool', 'range_values': False, 'name': 'return_lse'}","{'acc': {'cv_fused_double_benchmark': {'max_re_ratio': 2.0, 'avg_re_ratio': 1.2, 'root_mean_squared_ratio': 1.2}}, 'perf': 'not_key', 'mem': 1.1}",1
81,flash_attn_npu_4.flash_attn_varlen_func,flash_attn_varlen_func_v4_accuracy,"{'type': 'tensor', 'dtype': 'fp16', 'range_values': [-5.0, 5.0], 'shape': [31, 2, 32], 'name': 'q', 'backward': True}","{'type': 'tensor', 'dtype': 'fp16', 'range_values': [-5.0, 5.0], 'shape': [64, 2, 32], 'name': 'k', 'backward': True}","{'type': 'tensor', 'dtype': 'fp16', 'range_values': [-5.0, 5.0], 'shape': [64, 2, 32], 'name': 'v', 'backward': True}","{'type': 'tensor', 'dtype': 'fp16', 'range_values': 'default', 'shape': [31, 2, 32], 'name': 'qv', 'backward': True}","{'type': 'tensor', 'dtype': 'int32', 'range_values': [0, 31], 'shape': [9], 'name': 'cu_seqlens_q', 'backward': True}","{'type': 'tensor', 'dtype': 'int32', 'range_values': [0, 64], 'shape': [9], 'name': 'cu_seqlens_k', 'backward': True}","{'type': 'attr', 'dtype': 'int', 'range_values': 4, 'name': 'max_seqlen_q'}","{'type': 'attr', 'dtype': 'int', 'range_values': 8, 'name': 'max_seqlen_k'}","{'type': 'attr', 'dtype': 'float', 'range_values': 0.125, 'name': 'softmax_scale'}","{'type': 'attr', 'dtype': 'bool', 'range_values': True, 'name': 'causal'}","[{'type': 'attr_tuple', 'dtype': 'int', 'range_values': -1, 'name': 'window_size'}, {'type': 'attr_tuple', 'dtype': 'int', 'range_values': -1, 'name': 'window_size'}]","{'type': 'attr', 'dtype': 'float', 'range_values': 0.0, 'name': 'softcap'}","{'type': 'attr', 'dtype': 'int', 'range_values': 0, 'name': 'num_splits'}","{'type': 'attr', 'dtype': 'bool', 'range_values': False, 'name': 'deterministic'}","{'type': 'attr', 'dtype': 'bool', 'range_values': False, 'name': 'return_lse'}","{'acc': {'cv_fused_double_benchmark': {'max_re_ratio': 2.0, 'avg_re_ratio': 1.2, 'root_mean_squared_ratio': 1.2}}, 'perf': 'not_key', 'mem': 1.1}",1
82,flash_attn_npu_4.flash_attn_varlen_func,flash_attn_varlen_func_v4_accuracy,"{'type': 'tensor', 'dtype': 'bf16', 'range_values': [-5.0, 5.0], 'shape': [8, 16, 32], 'name': 'q', 'backward': True}","{'type': 'tensor', 'dtype': 'bf16', 'range_values': [-5.0, 5.0], 'shape': [8, 8, 32], 'name': 'k', 'backward': True}","{'type': 'tensor', 'dtype': 'bf16', 'range_values': [-5.0, 5.0], 'shape': [8, 8, 32], 'name': 'v', 'backward': True}","{'type': 'tensor', 'dtype': 'bf16', 'range_values': 'default', 'shape': [8, 16, 32], 'name': 'qv', 'backward': True}","{'type': 'tensor', 'dtype': 'int32', 'range_values': [0, 8], 'shape': [2], 'name': 'cu_seqlens_q', 'backward': True}","{'type': 'tensor', 'dtype': 'int32', 'range_values': [0, 8], 'shape': [2], 'name': 'cu_seqlens_k', 'backward': True}","{'type': 'attr', 'dtype': 'int', 'range_values': 8, 'name': 'max_seqlen_q'}","{'type': 'attr', 'dtype': 'int', 'range_values': 8, 'name': 'max_seqlen_k'}","{'type': 'attr', 'dtype': 'float', 'range_values': 0.125, 'name': 'softmax_scale'}","{'type': 'attr', 'dtype': 'bool', 'range_values': True, 'name': 'causal'}","[{'type': 'attr_tuple', 'dtype': 'int', 'range_values': -1, 'name': 'window_size'}, {'type': 'attr_tuple', 'dtype': 'int', 'range_values': -1, 'name': 'window_size'}]","{'type': 'attr', 'dtype': 'float', 'range_values': 0.0, 'name': 'softcap'}","{'type': 'attr', 'dtype': 'int', 'range_values': 0, 'name': 'num_splits'}","{'type': 'attr', 'dtype': 'bool', 'range_values': False, 'name': 'deterministic'}","{'type': 'attr', 'dtype': 'bool', 'range_values': False, 'name': 'return_lse'}","{'acc': {'cv_fused_double_benchmark': {'max_re_ratio': 2.0, 'avg_re_ratio': 1.2, 'root_mean_squared_ratio': 1.2}}, 'perf': 'not_key', 'mem': 1.1}",1
83,flash_attn_npu_4.flash_attn_varlen_func,flash_attn_varlen_func_v4_accuracy,"{'type': 'tensor', 'dtype': 'fp16', 'range_values': [-5.0, 5.0], 'shape': [16, 16, 16], 'name': 'q', 'backward': True}","{'type': 'tensor', 'dtype': 'fp16', 'range_values': [-5.0, 5.0], 'shape': [64, 2, 16], 'name': 'k', 'backward': True}","{'type': 'tensor', 'dtype': 'fp16', 'range_values': [-5.0, 5.0], 'shape': [64, 2, 16], 'name': 'v', 'backward': True}","{'type': 'tensor', 'dtype': 'fp16', 'range_values': 'default', 'shape': [16, 16, 16], 'name': 'qv', 'backward': True}","{'type': 'tensor', 'dtype': 'int32', 'range_values': [0, 16], 'shape': [5], 'name': 'cu_seqlens_q', 'backward': True}","{'type': 'tensor', 'dtype': 'int32', 'range_values': [0, 64], 'shape': [5], 'name': 'cu_seqlens_k', 'backward': True}","{'type': 'attr', 'dtype': 'int', 'range_values': 4, 'name': 'max_seqlen_q'}","{'type': 'attr', 'dtype': 'int', 'range_values': 16, 'name': 'max_seqlen_k'}","{'type': 'attr', 'dtype': 'float', 'range_values': 0.125, 'name': 'softmax_scale'}","{'type': 'attr', 'dtype': 'bool', 'range_values': False, 'name': 'causal'}","[{'type': 'attr_tuple', 'dtype': 'int', 'range_values': -1, 'name': 'window_size'}, {'type': 'attr_tuple', 'dtype': 'int', 'range_values': -1, 'name': 'window_size'}]","{'type': 'attr', 'dtype': 'float', 'range_values': 0.0, 'name': 'softcap'}","{'type': 'attr', 'dtype': 'int', 'range_values': 0, 'name': 'num_splits'}","{'type': 'attr', 'dtype': 'bool', 'range_values': False, 'name': 'deterministic'}","{'type': 'attr', 'dtype': 'bool', 'range_values': False, 'name': 'return_lse'}","{'acc': {'cv_fused_double_benchmark': {'max_re_ratio': 2.0, 'avg_re_ratio': 1.2, 'root_mean_squared_ratio': 1.2}}, 'perf': 'not_key', 'mem': 1.1}",1
84,flash_attn_npu_4.flash_attn_varlen_func,flash_attn_varlen_func_v4_accuracy,"{'type': 'tensor', 'dtype': 'bf16', 'range_values': [-5.0, 5.0], 'shape': [16, 2, 128], 'name': 'q', 'backward': True}","{'type': 'tensor', 'dtype': 'bf16', 'range_values': [-5.0, 5.0], 'shape': [8, 2, 128], 'name': 'k', 'backward': True}","{'type': 'tensor', 'dtype': 'bf16', 'range_values': [-5.0, 5.0], 'shape': [8, 2, 128], 'name': 'v', 'backward': True}","{'type': 'tensor', 'dtype': 'bf16', 'range_values': 'default', 'shape': [16, 2, 128], 'name': 'qv', 'backward': True}","{'type': 'tensor', 'dtype': 'int32', 'range_values': [0, 16], 'shape': [9], 'name': 'cu_seqlens_q', 'backward': True}","{'type': 'tensor', 'dtype': 'int32', 'range_values': [0, 8], 'shape': [9], 'name': 'cu_seqlens_k', 'backward': True}","{'type': 'attr', 'dtype': 'int', 'range_values': 2, 'name': 'max_seqlen_q'}","{'type': 'attr', 'dtype': 'int', 'range_values': 1, 'name': 'max_seqlen_k'}","{'type': 'attr', 'dtype': 'float', 'range_values': 0.125, 'name': 'softmax_scale'}","{'type': 'attr', 'dtype': 'bool', 'range_values': False, 'name': 'causal'}","[{'type': 'attr_tuple', 'dtype': 'int', 'range_values': -1, 'name': 'window_size'}, {'type': 'attr_tuple', 'dtype': 'int', 'range_values': -1, 'name': 'window_size'}]","{'type': 'attr', 'dtype': 'float', 'range_values': 0.0, 'name': 'softcap'}","{'type': 'attr', 'dtype': 'int', 'range_values': 0, 'name': 'num_splits'}","{'type': 'attr', 'dtype': 'bool', 'range_values': False, 'name': 'deterministic'}","{'type': 'attr', 'dtype': 'bool', 'range_values': False, 'name': 'return_lse'}","{'acc': {'cv_fused_double_benchmark': {'max_re_ratio': 2.0, 'avg_re_ratio': 1.2, 'root_mean_squared_ratio': 1.2}}, 'perf': 'not_key', 'mem': 1.1}",1
85,flash_attn_npu_4.flash_attn_varlen_func,flash_attn_varlen_func_v4_accuracy,"{'type': 'tensor', 'dtype': 'fp16', 'range_values': [-5.0, 5.0], 'shape': [17, 4, 32], 'name': 'q', 'backward': True}","{'type': 'tensor', 'dtype': 'fp16', 'range_values': [-5.0, 5.0], 'shape': [32, 4, 32], 'name': 'k', 'backward': True}","{'type': 'tensor', 'dtype': 'fp16', 'range_values': [-5.0, 5.0], 'shape': [32, 4, 32], 'name': 'v', 'backward': True}","{'type': 'tensor', 'dtype': 'fp16', 'range_values': 'default', 'shape': [17, 4, 32], 'name': 'qv', 'backward': True}","{'type': 'tensor', 'dtype': 'int32', 'range_values': [0, 17], 'shape': [2], 'name': 'cu_seqlens_q', 'backward': True}","{'type': 'tensor', 'dtype': 'int32', 'range_values': [0, 32], 'shape': [2], 'name': 'cu_seqlens_k', 'backward': True}","{'type': 'attr', 'dtype': 'int', 'range_values': 17, 'name': 'max_seqlen_q'}","{'type': 'attr', 'dtype': 'int', 'range_values': 32, 'name': 'max_seqlen_k'}","{'type': 'attr', 'dtype': 'float', 'range_values': 0.125, 'name': 'softmax_scale'}","{'type': 'attr', 'dtype': 'bool', 'range_values': True, 'name': 'causal'}","[{'type': 'attr_tuple', 'dtype': 'int', 'range_values': -1, 'name': 'window_size'}, {'type': 'attr_tuple', 'dtype': 'int', 'range_values': -1, 'name': 'window_size'}]","{'type': 'attr', 'dtype': 'float', 'range_values': 0.0, 'name': 'softcap'}","{'type': 'attr', 'dtype': 'int', 'range_values': 0, 'name': 'num_splits'}","{'type': 'attr', 'dtype': 'bool', 'range_values': False, 'name': 'deterministic'}","{'type': 'attr', 'dtype': 'bool', 'range_values': False, 'name': 'return_lse'}","{'acc': {'cv_fused_double_benchmark': {'max_re_ratio': 2.0, 'avg_re_ratio': 1.2, 'root_mean_squared_ratio': 1.2}}, 'perf': 'not_key', 'mem': 1.1}",1
86,flash_attn_npu_4.flash_attn_varlen_func,flash_attn_varlen_func_v4_accuracy,"{'type': 'tensor', 'dtype': 'fp16', 'range_values': [-5.0, 5.0], 'shape': [65, 2, 32], 'name': 'q', 'backward': True}","{'type': 'tensor', 'dtype': 'fp16', 'range_values': [-5.0, 5.0], 'shape': [33, 2, 32], 'name': 'k', 'backward': True}","{'type': 'tensor', 'dtype': 'fp16', 'range_values': [-5.0, 5.0], 'shape': [33, 2, 32], 'name': 'v', 'backward': True}","{'type': 'tensor', 'dtype': 'fp16', 'range_values': 'default', 'shape': [65, 2, 32], 'name': 'qv', 'backward': True}","{'type': 'tensor', 'dtype': 'int32', 'range_values': [0, 65], 'shape': [9], 'name': 'cu_seqlens_q', 'backward': True}","{'type': 'tensor', 'dtype': 'int32', 'range_values': [0, 33], 'shape': [9], 'name': 'cu_seqlens_k', 'backward': True}","{'type': 'attr', 'dtype': 'int', 'range_values': 9, 'name': 'max_seqlen_q'}","{'type': 'attr', 'dtype': 'int', 'range_values': 5, 'name': 'max_seqlen_k'}","{'type': 'attr', 'dtype': 'float', 'range_values': 0.125, 'name': 'softmax_scale'}","{'type': 'attr', 'dtype': 'bool', 'range_values': False, 'name': 'causal'}","[{'type': 'attr_tuple', 'dtype': 'int', 'range_values': -1, 'name': 'window_size'}, {'type': 'attr_tuple', 'dtype': 'int', 'range_values': -1, 'name': 'window_size'}]","{'type': 'attr', 'dtype': 'float', 'range_values': 0.0, 'name': 'softcap'}","{'type': 'attr', 'dtype': 'int', 'range_values': 0, 'name': 'num_splits'}","{'type': 'attr', 'dtype': 'bool', 'range_values': False, 'name': 'deterministic'}","{'type': 'attr', 'dtype': 'bool', 'range_values': False, 'name': 'return_lse'}","{'acc': {'cv_fused_double_benchmark': {'max_re_ratio': 2.0, 'avg_re_ratio': 1.2, 'root_mean_squared_ratio': 1.2}}, 'perf': 'not_key', 'mem': 1.1}",1
87,flash_attn_npu_4.flash_attn_varlen_func,flash_attn_varlen_func_v4_accuracy,"{'type': 'tensor', 'dtype': 'fp16', 'range_values': [-5.0, 5.0], 'shape': [15, 4, 16], 'name': 'q', 'backward': True}","{'type': 'tensor', 'dtype': 'fp16', 'range_values': [-5.0, 5.0], 'shape': [96, 4, 16], 'name': 'k', 'backward': True}","{'type': 'tensor', 'dtype': 'fp16', 'range_values': [-5.0, 5.0], 'shape': [96, 4, 16], 'name': 'v', 'backward': True}","{'type': 'tensor', 'dtype': 'fp16', 'range_values': 'default', 'shape': [15, 4, 16], 'name': 'qv', 'backward': True}","{'type': 'tensor', 'dtype': 'int32', 'range_values': [0, 15], 'shape': [3], 'name': 'cu_seqlens_q', 'backward': True}","{'type': 'tensor', 'dtype': 'int32', 'range_values': [0, 96], 'shape': [3], 'name': 'cu_seqlens_k', 'backward': True}","{'type': 'attr', 'dtype': 'int', 'range_values': 8, 'name': 'max_seqlen_q'}","{'type': 'attr', 'dtype': 'int', 'range_values': 48, 'name': 'max_seqlen_k'}","{'type': 'attr', 'dtype': 'float', 'range_values': 0.125, 'name': 'softmax_scale'}","{'type': 'attr', 'dtype': 'bool', 'range_values': True, 'name': 'causal'}","[{'type': 'attr_tuple', 'dtype': 'int', 'range_values': -1, 'name': 'window_size'}, {'type': 'attr_tuple', 'dtype': 'int', 'range_values': -1, 'name': 'window_size'}]","{'type': 'attr', 'dtype': 'float', 'range_values': 0.0, 'name': 'softcap'}","{'type': 'attr', 'dtype': 'int', 'range_values': 0, 'name': 'num_splits'}","{'type': 'attr', 'dtype': 'bool', 'range_values': False, 'name': 'deterministic'}","{'type': 'attr', 'dtype': 'bool', 'range_values': False, 'name': 'return_lse'}","{'acc': {'cv_fused_double_benchmark': {'max_re_ratio': 2.0, 'avg_re_ratio': 1.2, 'root_mean_squared_ratio': 1.2}}, 'perf': 'not_key', 'mem': 1.1}",1
88,flash_attn_npu_4.flash_attn_varlen_func,flash_attn_varlen_func_v4_accuracy,"{'type': 'tensor', 'dtype': 'fp16', 'range_values': [-5.0, 5.0], 'shape': [7, 4, 128], 'name': 'q', 'backward': True}","{'type': 'tensor', 'dtype': 'fp16', 'range_values': [-5.0, 5.0], 'shape': [7, 4, 128], 'name': 'k', 'backward': True}","{'type': 'tensor', 'dtype': 'fp16', 'range_values': [-5.0, 5.0], 'shape': [7, 4, 128], 'name': 'v', 'backward': True}","{'type': 'tensor', 'dtype': 'fp16', 'range_values': 'default', 'shape': [7, 4, 128], 'name': 'qv', 'backward': True}","{'type': 'tensor', 'dtype': 'int32', 'range_values': [0, 7], 'shape': [5], 'name': 'cu_seqlens_q', 'backward': True}","{'type': 'tensor', 'dtype': 'int32', 'range_values': [0, 7], 'shape': [5], 'name': 'cu_seqlens_k', 'backward': True}","{'type': 'attr', 'dtype': 'int', 'range_values': 2, 'name': 'max_seqlen_q'}","{'type': 'attr', 'dtype': 'int', 'range_values': 2, 'name': 'max_seqlen_k'}","{'type': 'attr', 'dtype': 'float', 'range_values': 0.125, 'name': 'softmax_scale'}","{'type': 'attr', 'dtype': 'bool', 'range_values': True, 'name': 'causal'}","[{'type': 'attr_tuple', 'dtype': 'int', 'range_values': -1, 'name': 'window_size'}, {'type': 'attr_tuple', 'dtype': 'int', 'range_values': -1, 'name': 'window_size'}]","{'type': 'attr', 'dtype': 'float', 'range_values': 0.0, 'name': 'softcap'}","{'type': 'attr', 'dtype': 'int', 'range_values': 0, 'name': 'num_splits'}","{'type': 'attr', 'dtype': 'bool', 'range_values': False, 'name': 'deterministic'}","{'type': 'attr', 'dtype': 'bool', 'range_values': False, 'name': 'return_lse'}","{'acc': {'cv_fused_double_benchmark': {'max_re_ratio': 2.0, 'avg_re_ratio': 1.2, 'root_mean_squared_ratio': 1.2}}, 'perf': 'not_key', 'mem': 1.1}",1
89,flash_attn_npu_4.flash_attn_varlen_func,flash_attn_varlen_func_v4_accuracy,"{'type': 'tensor', 'dtype': 'bf16', 'range_values': [-5.0, 5.0], 'shape': [7, 16, 64], 'name': 'q', 'backward': True}","{'type': 'tensor', 'dtype': 'bf16', 'range_values': [-5.0, 5.0], 'shape': [7, 2, 64], 'name': 'k', 'backward': True}","{'type': 'tensor', 'dtype': 'bf16', 'range_values': [-5.0, 5.0], 'shape': [7, 2, 64], 'name': 'v', 'backward': True}","{'type': 'tensor', 'dtype': 'bf16', 'range_values': 'default', 'shape': [7, 16, 64], 'name': 'qv', 'backward': True}","{'type': 'tensor', 'dtype': 'int32', 'range_values': [0, 7], 'shape': [5], 'name': 'cu_seqlens_q', 'backward': True}","{'type': 'tensor', 'dtype': 'int32', 'range_values': [0, 7], 'shape': [5], 'name': 'cu_seqlens_k', 'backward': True}","{'type': 'attr', 'dtype': 'int', 'range_values': 2, 'name': 'max_seqlen_q'}","{'type': 'attr', 'dtype': 'int', 'range_values': 2, 'name': 'max_seqlen_k'}","{'type': 'attr', 'dtype': 'float', 'range_values': 0.125, 'name': 'softmax_scale'}","{'type': 'attr', 'dtype': 'bool', 'range_values': True, 'name': 'causal'}","[{'type': 'attr_tuple', 'dtype': 'int', 'range_values': -1, 'name': 'window_size'}, {'type': 'attr_tuple', 'dtype': 'int', 'range_values': -1, 'name': 'window_size'}]","{'type': 'attr', 'dtype': 'float', 'range_values': 0.0, 'name': 'softcap'}","{'type': 'attr', 'dtype': 'int', 'range_values': 0, 'name': 'num_splits'}","{'type': 'attr', 'dtype': 'bool', 'range_values': False, 'name': 'deterministic'}","{'type': 'attr', 'dtype': 'bool', 'range_values': False, 'name': 'return_lse'}","{'acc': {'cv_fused_double_benchmark': {'max_re_ratio': 2.0, 'avg_re_ratio': 1.2, 'root_mean_squared_ratio': 1.2}}, 'perf': 'not_key', 'mem': 1.1}",1
90,flash_attn_npu_4.flash_attn_varlen_func,flash_attn_varlen_func_v4_accuracy,"{'type': 'tensor', 'dtype': 'bf16', 'range_values': [-5.0, 5.0], 'shape': [8, 8, 64], 'name': 'q', 'backward': True}","{'type': 'tensor', 'dtype': 'bf16', 'range_values': [-5.0, 5.0], 'shape': [8, 8, 64], 'name': 'k', 'backward': True}","{'type': 'tensor', 'dtype': 'bf16', 'range_values': [-5.0, 5.0], 'shape': [8, 8, 64], 'name': 'v', 'backward': True}","{'type': 'tensor', 'dtype': 'bf16', 'range_values': 'default', 'shape': [8, 8, 64], 'name': 'qv', 'backward': True}","{'type': 'tensor', 'dtype': 'int32', 'range_values': [0, 8], 'shape': [2], 'name': 'cu_seqlens_q', 'backward': True}","{'type': 'tensor', 'dtype': 'int32', 'range_values': [0, 8], 'shape': [2], 'name': 'cu_seqlens_k', 'backward': True}","{'type': 'attr', 'dtype': 'int', 'range_values': 8, 'name': 'max_seqlen_q'}","{'type': 'attr', 'dtype': 'int', 'range_values': 8, 'name': 'max_seqlen_k'}","{'type': 'attr', 'dtype': 'float', 'range_values': 0.125, 'name': 'softmax_scale'}","{'type': 'attr', 'dtype': 'bool', 'range_values': True, 'name': 'causal'}","[{'type': 'attr_tuple', 'dtype': 'int', 'range_values': -1, 'name': 'window_size'}, {'type': 'attr_tuple', 'dtype': 'int', 'range_values': -1, 'name': 'window_size'}]","{'type': 'attr', 'dtype': 'float', 'range_values': 0.0, 'name': 'softcap'}","{'type': 'attr', 'dtype': 'int', 'range_values': 0, 'name': 'num_splits'}","{'type': 'attr', 'dtype': 'bool', 'range_values': False, 'name': 'deterministic'}","{'type': 'attr', 'dtype': 'bool', 'range_values': False, 'name': 'return_lse'}","{'acc': {'cv_fused_double_benchmark': {'max_re_ratio': 2.0, 'avg_re_ratio': 1.2, 'root_mean_squared_ratio': 1.2}}, 'perf': 'not_key', 'mem': 1.1}",1
91,flash_attn_npu_4.flash_attn_varlen_func,flash_attn_varlen_func_v4_accuracy,"{'type': 'tensor', 'dtype': 'bf16', 'range_values': [-5.0, 5.0], 'shape': [32, 2, 64], 'name': 'q', 'backward': True}","{'type': 'tensor', 'dtype': 'bf16', 'range_values': [-5.0, 5.0], 'shape': [32, 2, 64], 'name': 'k', 'backward': True}","{'type': 'tensor', 'dtype': 'bf16', 'range_values': [-5.0, 5.0], 'shape': [32, 2, 64], 'name': 'v', 'backward': True}","{'type': 'tensor', 'dtype': 'bf16', 'range_values': 'default', 'shape': [32, 2, 64], 'name': 'qv', 'backward': True}","{'type': 'tensor', 'dtype': 'int32', 'range_values': [0, 32], 'shape': [9], 'name': 'cu_seqlens_q', 'backward': True}","{'type': 'tensor', 'dtype': 'int32', 'range_values': [0, 32], 'shape': [9], 'name': 'cu_seqlens_k', 'backward': True}","{'type': 'attr', 'dtype': 'int', 'range_values': 4, 'name': 'max_seqlen_q'}","{'type': 'attr', 'dtype': 'int', 'range_values': 4, 'name': 'max_seqlen_k'}","{'type': 'attr', 'dtype': 'float', 'range_values': 0.125, 'name': 'softmax_scale'}","{'type': 'attr', 'dtype': 'bool', 'range_values': True, 'name': 'causal'}","[{'type': 'attr_tuple', 'dtype': 'int', 'range_values': -1, 'name': 'window_size'}, {'type': 'attr_tuple', 'dtype': 'int', 'range_values': -1, 'name': 'window_size'}]","{'type': 'attr', 'dtype': 'float', 'range_values': 0.0, 'name': 'softcap'}","{'type': 'attr', 'dtype': 'int', 'range_values': 0, 'name': 'num_splits'}","{'type': 'attr', 'dtype': 'bool', 'range_values': False, 'name': 'deterministic'}","{'type': 'attr', 'dtype': 'bool', 'range_values': False, 'name': 'return_lse'}","{'acc': {'cv_fused_double_benchmark': {'max_re_ratio': 2.0, 'avg_re_ratio': 1.2, 'root_mean_squared_ratio': 1.2}}, 'perf': 'not_key', 'mem': 1.1}",1
92,flash_attn_npu_4.flash_attn_varlen_func,flash_attn_varlen_func_v4_accuracy,"{'type': 'tensor', 'dtype': 'fp16', 'range_values': [-5.0, 5.0], 'shape': [8, 4, 128], 'name': 'q', 'backward': True}","{'type': 'tensor', 'dtype': 'fp16', 'range_values': [-5.0, 5.0], 'shape': [8, 4, 128], 'name': 'k', 'backward': True}","{'type': 'tensor', 'dtype': 'fp16', 'range_values': [-5.0, 5.0], 'shape': [8, 4, 128], 'name': 'v', 'backward': True}","{'type': 'tensor', 'dtype': 'fp16', 'range_values': 'default', 'shape': [8, 4, 128], 'name': 'qv', 'backward': True}","{'type': 'tensor', 'dtype': 'int32', 'range_values': [0, 8], 'shape': [9], 'name': 'cu_seqlens_q', 'backward': True}","{'type': 'tensor', 'dtype': 'int32', 'range_values': [0, 8], 'shape': [9], 'name': 'cu_seqlens_k', 'backward': True}","{'type': 'attr', 'dtype': 'int', 'range_values': 1, 'name': 'max_seqlen_q'}","{'type': 'attr', 'dtype': 'int', 'range_values': 1, 'name': 'max_seqlen_k'}","{'type': 'attr', 'dtype': 'float', 'range_values': 0.125, 'name': 'softmax_scale'}","{'type': 'attr', 'dtype': 'bool', 'range_values': True, 'name': 'causal'}","[{'type': 'attr_tuple', 'dtype': 'int', 'range_values': -1, 'name': 'window_size'}, {'type': 'attr_tuple', 'dtype': 'int', 'range_values': -1, 'name': 'window_size'}]","{'type': 'attr', 'dtype': 'float', 'range_values': 0.0, 'name': 'softcap'}","{'type': 'attr', 'dtype': 'int', 'range_values': 0, 'name': 'num_splits'}","{'type': 'attr', 'dtype': 'bool', 'range_values': False, 'name': 'deterministic'}","{'type': 'attr', 'dtype': 'bool', 'range_values': False, 'name': 'return_lse'}","{'acc': {'cv_fused_double_benchmark': {'max_re_ratio': 2.0, 'avg_re_ratio': 1.2, 'root_mean_squared_ratio': 1.2}}, 'perf': 'not_key', 'mem': 1.1}",1
93,flash_attn_npu_4.flash_attn_varlen_func,flash_attn_varlen_func_v4_accuracy,"{'type': 'tensor', 'dtype': 'bf16', 'range_values': [-5.0, 5.0], 'shape': [64, 1, 64], 'name': 'q', 'backward': True}","{'type': 'tensor', 'dtype': 'bf16', 'range_values': [-5.0, 5.0], 'shape': [65, 1, 64], 'name': 'k', 'backward': True}","{'type': 'tensor', 'dtype': 'bf16', 'range_values': [-5.0, 5.0], 'shape': [65, 1, 64], 'name': 'v', 'backward': True}","{'type': 'tensor', 'dtype': 'bf16', 'range_values': 'default', 'shape': [64, 1, 64], 'name': 'qv', 'backward': True}","{'type': 'tensor', 'dtype': 'int32', 'range_values': [0, 64], 'shape': [5], 'name': 'cu_seqlens_q', 'backward': True}","{'type': 'tensor', 'dtype': 'int32', 'range_values': [0, 65], 'shape': [5], 'name': 'cu_seqlens_k', 'backward': True}","{'type': 'attr', 'dtype': 'int', 'range_values': 16, 'name': 'max_seqlen_q'}","{'type': 'attr', 'dtype': 'int', 'range_values': 17, 'name': 'max_seqlen_k'}","{'type': 'attr', 'dtype': 'float', 'range_values': 0.125, 'name': 'softmax_scale'}","{'type': 'attr', 'dtype': 'bool', 'range_values': True, 'name': 'causal'}","[{'type': 'attr_tuple', 'dtype': 'int', 'range_values': -1, 'name': 'window_size'}, {'type': 'attr_tuple', 'dtype': 'int', 'range_values': -1, 'name': 'window_size'}]","{'type': 'attr', 'dtype': 'float', 'range_values': 0.0, 'name': 'softcap'}","{'type': 'attr', 'dtype': 'int', 'range_values': 0, 'name': 'num_splits'}","{'type': 'attr', 'dtype': 'bool', 'range_values': False, 'name': 'deterministic'}","{'type': 'attr', 'dtype': 'bool', 'range_values': False, 'name': 'return_lse'}","{'acc': {'cv_fused_double_benchmark': {'max_re_ratio': 2.0, 'avg_re_ratio': 1.2, 'root_mean_squared_ratio': 1.2}}, 'perf': 'not_key', 'mem': 1.1}",1
94,flash_attn_npu_4.flash_attn_varlen_func,flash_attn_varlen_func_v4_accuracy,"{'type': 'tensor', 'dtype': 'fp16', 'range_values': [-5.0, 5.0], 'shape': [1, 4, 256], 'name': 'q', 'backward': True}","{'type': 'tensor', 'dtype': 'fp16', 'range_values': [-5.0, 5.0], 'shape': [31, 1, 256], 'name': 'k', 'backward': True}","{'type': 'tensor', 'dtype': 'fp16', 'range_values': [-5.0, 5.0], 'shape': [31, 1, 256], 'name': 'v', 'backward': True}","{'type': 'tensor', 'dtype': 'fp16', 'range_values': 'default', 'shape': [1, 4, 256], 'name': 'qv', 'backward': True}","{'type': 'tensor', 'dtype': 'int32', 'range_values': [0, 1], 'shape': [2], 'name': 'cu_seqlens_q', 'backward': True}","{'type': 'tensor', 'dtype': 'int32', 'range_values': [0, 31], 'shape': [2], 'name': 'cu_seqlens_k', 'backward': True}","{'type': 'attr', 'dtype': 'int', 'range_values': 1, 'name': 'max_seqlen_q'}","{'type': 'attr', 'dtype': 'int', 'range_values': 31, 'name': 'max_seqlen_k'}","{'type': 'attr', 'dtype': 'float', 'range_values': 0.125, 'name': 'softmax_scale'}","{'type': 'attr', 'dtype': 'bool', 'range_values': True, 'name': 'causal'}","[{'type': 'attr_tuple', 'dtype': 'int', 'range_values': -1, 'name': 'window_size'}, {'type': 'attr_tuple', 'dtype': 'int', 'range_values': -1, 'name': 'window_size'}]","{'type': 'attr', 'dtype': 'float', 'range_values': 0.0, 'name': 'softcap'}","{'type': 'attr', 'dtype': 'int', 'range_values': 0, 'name': 'num_splits'}","{'type': 'attr', 'dtype': 'bool', 'range_values': False, 'name': 'deterministic'}","{'type': 'attr', 'dtype': 'bool', 'range_values': False, 'name': 'return_lse'}","{'acc': {'cv_fused_double_benchmark': {'max_re_ratio': 2.0, 'avg_re_ratio': 1.2, 'root_mean_squared_ratio': 1.2}}, 'perf': 'not_key', 'mem': 1.1}",1
95,flash_attn_npu_4.flash_attn_varlen_func,flash_attn_varlen_func_v4_accuracy,"{'type': 'tensor', 'dtype': 'fp16', 'range_values': [-5.0, 5.0], 'shape': [2, 2, 256], 'name': 'q', 'backward': True}","{'type': 'tensor', 'dtype': 'fp16', 'range_values': [-5.0, 5.0], 'shape': [16, 2, 256], 'name': 'k', 'backward': True}","{'type': 'tensor', 'dtype': 'fp16', 'range_values': [-5.0, 5.0], 'shape': [16, 2, 256], 'name': 'v', 'backward': True}","{'type': 'tensor', 'dtype': 'fp16', 'range_values': 'default', 'shape': [2, 2, 256], 'name': 'qv', 'backward': True}","{'type': 'tensor', 'dtype': 'int32', 'range_values': [0, 2], 'shape': [3], 'name': 'cu_seqlens_q', 'backward': True}","{'type': 'tensor', 'dtype': 'int32', 'range_values': [0, 16], 'shape': [3], 'name': 'cu_seqlens_k', 'backward': True}","{'type': 'attr', 'dtype': 'int', 'range_values': 1, 'name': 'max_seqlen_q'}","{'type': 'attr', 'dtype': 'int', 'range_values': 8, 'name': 'max_seqlen_k'}","{'type': 'attr', 'dtype': 'float', 'range_values': 0.125, 'name': 'softmax_scale'}","{'type': 'attr', 'dtype': 'bool', 'range_values': True, 'name': 'causal'}","[{'type': 'attr_tuple', 'dtype': 'int', 'range_values': -1, 'name': 'window_size'}, {'type': 'attr_tuple', 'dtype': 'int', 'range_values': -1, 'name': 'window_size'}]","{'type': 'attr', 'dtype': 'float', 'range_values': 0.0, 'name': 'softcap'}","{'type': 'attr', 'dtype': 'int', 'range_values': 0, 'name': 'num_splits'}","{'type': 'attr', 'dtype': 'bool', 'range_values': False, 'name': 'deterministic'}","{'type': 'attr', 'dtype': 'bool', 'range_values': False, 'name': 'return_lse'}","{'acc': {'cv_fused_double_benchmark': {'max_re_ratio': 2.0, 'avg_re_ratio': 1.2, 'root_mean_squared_ratio': 1.2}}, 'perf': 'not_key', 'mem': 1.1}",1
96,flash_attn_npu_4.flash_attn_varlen_func,flash_attn_varlen_func_v4_accuracy,"{'type': 'tensor', 'dtype': 'bf16', 'range_values': [-5.0, 5.0], 'shape': [7, 4, 32], 'name': 'q', 'backward': True}","{'type': 'tensor', 'dtype': 'bf16', 'range_values': [-5.0, 5.0], 'shape': [65, 4, 32], 'name': 'k', 'backward': True}","{'type': 'tensor', 'dtype': 'bf16', 'range_values': [-5.0, 5.0], 'shape': [65, 4, 32], 'name': 'v', 'backward': True}","{'type': 'tensor', 'dtype': 'bf16', 'range_values': 'default', 'shape': [7, 4, 32], 'name': 'qv', 'backward': True}","{'type': 'tensor', 'dtype': 'int32', 'range_values': [0, 7], 'shape': [5], 'name': 'cu_seqlens_q', 'backward': True}","{'type': 'tensor', 'dtype': 'int32', 'range_values': [0, 65], 'shape': [5], 'name': 'cu_seqlens_k', 'backward': True}","{'type': 'attr', 'dtype': 'int', 'range_values': 2, 'name': 'max_seqlen_q'}","{'type': 'attr', 'dtype': 'int', 'range_values': 17, 'name': 'max_seqlen_k'}","{'type': 'attr', 'dtype': 'float', 'range_values': 0.125, 'name': 'softmax_scale'}","{'type': 'attr', 'dtype': 'bool', 'range_values': False, 'name': 'causal'}","[{'type': 'attr_tuple', 'dtype': 'int', 'range_values': -1, 'name': 'window_size'}, {'type': 'attr_tuple', 'dtype': 'int', 'range_values': -1, 'name': 'window_size'}]","{'type': 'attr', 'dtype': 'float', 'range_values': 0.0, 'name': 'softcap'}","{'type': 'attr', 'dtype': 'int', 'range_values': 0, 'name': 'num_splits'}","{'type': 'attr', 'dtype': 'bool', 'range_values': False, 'name': 'deterministic'}","{'type': 'attr', 'dtype': 'bool', 'range_values': False, 'name': 'return_lse'}","{'acc': {'cv_fused_double_benchmark': {'max_re_ratio': 2.0, 'avg_re_ratio': 1.2, 'root_mean_squared_ratio': 1.2}}, 'perf': 'not_key', 'mem': 1.1}",1
97,flash_attn_npu_4.flash_attn_varlen_func,flash_attn_varlen_func_v4_accuracy,"{'type': 'tensor', 'dtype': 'fp16', 'range_values': [-5.0, 5.0], 'shape': [65, 1, 128], 'name': 'q', 'backward': True}","{'type': 'tensor', 'dtype': 'fp16', 'range_values': [-5.0, 5.0], 'shape': [7, 1, 128], 'name': 'k', 'backward': True}","{'type': 'tensor', 'dtype': 'fp16', 'range_values': [-5.0, 5.0], 'shape': [7, 1, 128], 'name': 'v', 'backward': True}","{'type': 'tensor', 'dtype': 'fp16', 'range_values': 'default', 'shape': [65, 1, 128], 'name': 'qv', 'backward': True}","{'type': 'tensor', 'dtype': 'int32', 'range_values': [0, 65], 'shape': [5], 'name': 'cu_seqlens_q', 'backward': True}","{'type': 'tensor', 'dtype': 'int32', 'range_values': [0, 7], 'shape': [5], 'name': 'cu_seqlens_k', 'backward': True}","{'type': 'attr', 'dtype': 'int', 'range_values': 17, 'name': 'max_seqlen_q'}","{'type': 'attr', 'dtype': 'int', 'range_values': 2, 'name': 'max_seqlen_k'}","{'type': 'attr', 'dtype': 'float', 'range_values': 0.125, 'name': 'softmax_scale'}","{'type': 'attr', 'dtype': 'bool', 'range_values': False, 'name': 'causal'}","[{'type': 'attr_tuple', 'dtype': 'int', 'range_values': -1, 'name': 'window_size'}, {'type': 'attr_tuple', 'dtype': 'int', 'range_values': -1, 'name': 'window_size'}]","{'type': 'attr', 'dtype': 'float', 'range_values': 0.0, 'name': 'softcap'}","{'type': 'attr', 'dtype': 'int', 'range_values': 0, 'name': 'num_splits'}","{'type': 'attr', 'dtype': 'bool', 'range_values': False, 'name': 'deterministic'}","{'type': 'attr', 'dtype': 'bool', 'range_values': False, 'name': 'return_lse'}","{'acc': {'cv_fused_double_benchmark': {'max_re_ratio': 2.0, 'avg_re_ratio': 1.2, 'root_mean_squared_ratio': 1.2}}, 'perf': 'not_key', 'mem': 1.1}",1
98,flash_attn_npu_4.flash_attn_varlen_func,flash_attn_varlen_func_v4_accuracy,"{'type': 'tensor', 'dtype': 'bf16', 'range_values': [-5.0, 5.0], 'shape': [16, 16, 32], 'name': 'q', 'backward': True}","{'type': 'tensor', 'dtype': 'bf16', 'range_values': [-5.0, 5.0], 'shape': [33, 1, 32], 'name': 'k', 'backward': True}","{'type': 'tensor', 'dtype': 'bf16', 'range_values': [-5.0, 5.0], 'shape': [33, 1, 32], 'name': 'v', 'backward': True}","{'type': 'tensor', 'dtype': 'bf16', 'range_values': 'default', 'shape': [16, 16, 32], 'name': 'qv', 'backward': True}","{'type': 'tensor', 'dtype': 'int32', 'range_values': [0, 16], 'shape': [9], 'name': 'cu_seqlens_q', 'backward': True}","{'type': 'tensor', 'dtype': 'int32', 'range_values': [0, 33], 'shape': [9], 'name': 'cu_seqlens_k', 'backward': True}","{'type': 'attr', 'dtype': 'int', 'range_values': 2, 'name': 'max_seqlen_q'}","{'type': 'attr', 'dtype': 'int', 'range_values': 5, 'name': 'max_seqlen_k'}","{'type': 'attr', 'dtype': 'float', 'range_values': 0.125, 'name': 'softmax_scale'}","{'type': 'attr', 'dtype': 'bool', 'range_values': False, 'name': 'causal'}","[{'type': 'attr_tuple', 'dtype': 'int', 'range_values': -1, 'name': 'window_size'}, {'type': 'attr_tuple', 'dtype': 'int', 'range_values': -1, 'name': 'window_size'}]","{'type': 'attr', 'dtype': 'float', 'range_values': 0.0, 'name': 'softcap'}","{'type': 'attr', 'dtype': 'int', 'range_values': 0, 'name': 'num_splits'}","{'type': 'attr', 'dtype': 'bool', 'range_values': False, 'name': 'deterministic'}","{'type': 'attr', 'dtype': 'bool', 'range_values': False, 'name': 'return_lse'}","{'acc': {'cv_fused_double_benchmark': {'max_re_ratio': 2.0, 'avg_re_ratio': 1.2, 'root_mean_squared_ratio': 1.2}}, 'perf': 'not_key', 'mem': 1.1}",1
99,flash_attn_npu_4.flash_attn_varlen_func,flash_attn_varlen_func_v4_accuracy,"{'type': 'tensor', 'dtype': 'bf16', 'range_values': [-5.0, 5.0], 'shape': [128, 1, 64], 'name': 'q', 'backward': True}","{'type': 'tensor', 'dtype': 'bf16', 'range_values': [-5.0, 5.0], 'shape': [17, 1, 64], 'name': 'k', 'backward': True}","{'type': 'tensor', 'dtype': 'bf16', 'range_values': [-5.0, 5.0], 'shape': [17, 1, 64], 'name': 'v', 'backward': True}","{'type': 'tensor', 'dtype': 'bf16', 'range_values': 'default', 'shape': [128, 1, 64], 'name': 'qv', 'backward': True}","{'type': 'tensor', 'dtype': 'int32', 'range_values': [0, 128], 'shape': [3], 'name': 'cu_seqlens_q', 'backward': True}","{'type': 'tensor', 'dtype': 'int32', 'range_values': [0, 17], 'shape': [3], 'name': 'cu_seqlens_k', 'backward': True}","{'type': 'attr', 'dtype': 'int', 'range_values': 64, 'name': 'max_seqlen_q'}","{'type': 'attr', 'dtype': 'int', 'range_values': 9, 'name': 'max_seqlen_k'}","{'type': 'attr', 'dtype': 'float', 'range_values': 0.125, 'name': 'softmax_scale'}","{'type': 'attr', 'dtype': 'bool', 'range_values': False, 'name': 'causal'}","[{'type': 'attr_tuple', 'dtype': 'int', 'range_values': -1, 'name': 'window_size'}, {'type': 'attr_tuple', 'dtype': 'int', 'range_values': -1, 'name': 'window_size'}]","{'type': 'attr', 'dtype': 'float', 'range_values': 0.0, 'name': 'softcap'}","{'type': 'attr', 'dtype': 'int', 'range_values': 0, 'name': 'num_splits'}","{'type': 'attr', 'dtype': 'bool', 'range_values': False, 'name': 'deterministic'}","{'type': 'attr', 'dtype': 'bool', 'range_values': False, 'name': 'return_lse'}","{'acc': {'cv_fused_double_benchmark': {'max_re_ratio': 2.0, 'avg_re_ratio': 1.2, 'root_mean_squared_ratio': 1.2}}, 'perf': 'not_key', 'mem': 1.1}",1
100,flash_attn_npu_4.flash_attn_varlen_func,flash_attn_varlen_func_v4_accuracy,"{'type': 'tensor', 'dtype': 'fp16', 'range_values': [-5.0, 5.0], 'shape': [15, 8, 64], 'name': 'q', 'backward': True}","{'type': 'tensor', 'dtype': 'fp16', 'range_values': [-5.0, 5.0], 'shape': [15, 2, 64], 'name': 'k', 'backward': True}","{'type': 'tensor', 'dtype': 'fp16', 'range_values': [-5.0, 5.0], 'shape': [15, 2, 64], 'name': 'v', 'backward': True}","{'type': 'tensor', 'dtype': 'fp16', 'range_values': 'default', 'shape': [15, 8, 64], 'name': 'qv', 'backward': True}","{'type': 'tensor', 'dtype': 'int32', 'range_values': [0, 15], 'shape': [9], 'name': 'cu_seqlens_q', 'backward': True}","{'type': 'tensor', 'dtype': 'int32', 'range_values': [0, 15], 'shape': [9], 'name': 'cu_seqlens_k', 'backward': True}","{'type': 'attr', 'dtype': 'int', 'range_values': 2, 'name': 'max_seqlen_q'}","{'type': 'attr', 'dtype': 'int', 'range_values': 2, 'name': 'max_seqlen_k'}","{'type': 'attr', 'dtype': 'float', 'range_values': 0.125, 'name': 'softmax_scale'}","{'type': 'attr', 'dtype': 'bool', 'range_values': True, 'name': 'causal'}","[{'type': 'attr_tuple', 'dtype': 'int', 'range_values': -1, 'name': 'window_size'}, {'type': 'attr_tuple', 'dtype': 'int', 'range_values': -1, 'name': 'window_size'}]","{'type': 'attr', 'dtype': 'float', 'range_values': 0.0, 'name': 'softcap'}","{'type': 'attr', 'dtype': 'int', 'range_values': 0, 'name': 'num_splits'}","{'type': 'attr', 'dtype': 'bool', 'range_values': False, 'name': 'deterministic'}","{'type': 'attr', 'dtype': 'bool', 'range_values': False, 'name': 'return_lse'}","{'acc': {'cv_fused_double_benchmark': {'max_re_ratio': 2.0, 'avg_re_ratio': 1.2, 'root_mean_squared_ratio': 1.2}}, 'perf': 'not_key', 'mem': 1.1}",1
101,flash_attn_npu_4.flash_attn_varlen_func,flash_attn_varlen_func_v4_accuracy,"{'type': 'tensor', 'dtype': 'fp16', 'range_values': [-5.0, 5.0], 'shape': [31, 1, 256], 'name': 'q', 'backward': True}","{'type': 'tensor', 'dtype': 'fp16', 'range_values': [-5.0, 5.0], 'shape': [7, 1, 256], 'name': 'k', 'backward': True}","{'type': 'tensor', 'dtype': 'fp16', 'range_values': [-5.0, 5.0], 'shape': [7, 1, 256], 'name': 'v', 'backward': True}","{'type': 'tensor', 'dtype': 'fp16', 'range_values': 'default', 'shape': [31, 1, 256], 'name': 'qv', 'backward': True}","{'type': 'tensor', 'dtype': 'int32', 'range_values': [0, 31], 'shape': [2], 'name': 'cu_seqlens_q', 'backward': True}","{'type': 'tensor', 'dtype': 'int32', 'range_values': [0, 7], 'shape': [2], 'name': 'cu_seqlens_k', 'backward': True}","{'type': 'attr', 'dtype': 'int', 'range_values': 31, 'name': 'max_seqlen_q'}","{'type': 'attr', 'dtype': 'int', 'range_values': 7, 'name': 'max_seqlen_k'}","{'type': 'attr', 'dtype': 'float', 'range_values': 0.125, 'name': 'softmax_scale'}","{'type': 'attr', 'dtype': 'bool', 'range_values': False, 'name': 'causal'}","[{'type': 'attr_tuple', 'dtype': 'int', 'range_values': -1, 'name': 'window_size'}, {'type': 'attr_tuple', 'dtype': 'int', 'range_values': -1, 'name': 'window_size'}]","{'type': 'attr', 'dtype': 'float', 'range_values': 0.0, 'name': 'softcap'}","{'type': 'attr', 'dtype': 'int', 'range_values': 0, 'name': 'num_splits'}","{'type': 'attr', 'dtype': 'bool', 'range_values': False, 'name': 'deterministic'}","{'type': 'attr', 'dtype': 'bool', 'range_values': False, 'name': 'return_lse'}","{'acc': {'cv_fused_double_benchmark': {'max_re_ratio': 2.0, 'avg_re_ratio': 1.2, 'root_mean_squared_ratio': 1.2}}, 'perf': 'not_key', 'mem': 1.1}",1
102,flash_attn_npu_4.flash_attn_varlen_func,flash_attn_varlen_func_v4_accuracy,"{'type': 'tensor', 'dtype': 'bf16', 'range_values': [-5.0, 5.0], 'shape': [15, 16, 32], 'name': 'q', 'backward': True}","{'type': 'tensor', 'dtype': 'bf16', 'range_values': [-5.0, 5.0], 'shape': [17, 4, 32], 'name': 'k', 'backward': True}","{'type': 'tensor', 'dtype': 'bf16', 'range_values': [-5.0, 5.0], 'shape': [17, 4, 32], 'name': 'v', 'backward': True}","{'type': 'tensor', 'dtype': 'bf16', 'range_values': 'default', 'shape': [15, 16, 32], 'name': 'qv', 'backward': True}","{'type': 'tensor', 'dtype': 'int32', 'range_values': [0, 15], 'shape': [9], 'name': 'cu_seqlens_q', 'backward': True}","{'type': 'tensor', 'dtype': 'int32', 'range_values': [0, 17], 'shape': [9], 'name': 'cu_seqlens_k', 'backward': True}","{'type': 'attr', 'dtype': 'int', 'range_values': 2, 'name': 'max_seqlen_q'}","{'type': 'attr', 'dtype': 'int', 'range_values': 3, 'name': 'max_seqlen_k'}","{'type': 'attr', 'dtype': 'float', 'range_values': 0.125, 'name': 'softmax_scale'}","{'type': 'attr', 'dtype': 'bool', 'range_values': False, 'name': 'causal'}","[{'type': 'attr_tuple', 'dtype': 'int', 'range_values': -1, 'name': 'window_size'}, {'type': 'attr_tuple', 'dtype': 'int', 'range_values': -1, 'name': 'window_size'}]","{'type': 'attr', 'dtype': 'float', 'range_values': 0.0, 'name': 'softcap'}","{'type': 'attr', 'dtype': 'int', 'range_values': 0, 'name': 'num_splits'}","{'type': 'attr', 'dtype': 'bool', 'range_values': False, 'name': 'deterministic'}","{'type': 'attr', 'dtype': 'bool', 'range_values': False, 'name': 'return_lse'}","{'acc': {'cv_fused_double_benchmark': {'max_re_ratio': 2.0, 'avg_re_ratio': 1.2, 'root_mean_squared_ratio': 1.2}}, 'perf': 'not_key', 'mem': 1.1}",1
103,flash_attn_npu_4.flash_attn_varlen_func,flash_attn_varlen_func_v4_accuracy,"{'type': 'tensor', 'dtype': 'bf16', 'range_values': [-5.0, 5.0], 'shape': [7, 16, 16], 'name': 'q', 'backward': True}","{'type': 'tensor', 'dtype': 'bf16', 'range_values': [-5.0, 5.0], 'shape': [129, 4, 16], 'name': 'k', 'backward': True}","{'type': 'tensor', 'dtype': 'bf16', 'range_values': [-5.0, 5.0], 'shape': [129, 4, 16], 'name': 'v', 'backward': True}","{'type': 'tensor', 'dtype': 'bf16', 'range_values': 'default', 'shape': [7, 16, 16], 'name': 'qv', 'backward': True}","{'type': 'tensor', 'dtype': 'int32', 'range_values': [0, 7], 'shape': [5], 'name': 'cu_seqlens_q', 'backward': True}","{'type': 'tensor', 'dtype': 'int32', 'range_values': [0, 129], 'shape': [5], 'name': 'cu_seqlens_k', 'backward': True}","{'type': 'attr', 'dtype': 'int', 'range_values': 2, 'name': 'max_seqlen_q'}","{'type': 'attr', 'dtype': 'int', 'range_values': 33, 'name': 'max_seqlen_k'}","{'type': 'attr', 'dtype': 'float', 'range_values': 0.125, 'name': 'softmax_scale'}","{'type': 'attr', 'dtype': 'bool', 'range_values': False, 'name': 'causal'}","[{'type': 'attr_tuple', 'dtype': 'int', 'range_values': -1, 'name': 'window_size'}, {'type': 'attr_tuple', 'dtype': 'int', 'range_values': -1, 'name': 'window_size'}]","{'type': 'attr', 'dtype': 'float', 'range_values': 0.0, 'name': 'softcap'}","{'type': 'attr', 'dtype': 'int', 'range_values': 0, 'name': 'num_splits'}","{'type': 'attr', 'dtype': 'bool', 'range_values': False, 'name': 'deterministic'}","{'type': 'attr', 'dtype': 'bool', 'range_values': False, 'name': 'return_lse'}","{'acc': {'cv_fused_double_benchmark': {'max_re_ratio': 2.0, 'avg_re_ratio': 1.2, 'root_mean_squared_ratio': 1.2}}, 'perf': 'not_key', 'mem': 1.1}",1
104,flash_attn_npu_4.flash_attn_varlen_func,flash_attn_varlen_func_v4_accuracy,"{'type': 'tensor', 'dtype': 'fp16', 'range_values': [-5.0, 5.0], 'shape': [15, 2, 64], 'name': 'q', 'backward': True}","{'type': 'tensor', 'dtype': 'fp16', 'range_values': [-5.0, 5.0], 'shape': [64, 2, 64], 'name': 'k', 'backward': True}","{'type': 'tensor', 'dtype': 'fp16', 'range_values': [-5.0, 5.0], 'shape': [64, 2, 64], 'name': 'v', 'backward': True}","{'type': 'tensor', 'dtype': 'fp16', 'range_values': 'default', 'shape': [15, 2, 64], 'name': 'qv', 'backward': True}","{'type': 'tensor', 'dtype': 'int32', 'range_values': [0, 15], 'shape': [5], 'name': 'cu_seqlens_q', 'backward': True}","{'type': 'tensor', 'dtype': 'int32', 'range_values': [0, 64], 'shape': [5], 'name': 'cu_seqlens_k', 'backward': True}","{'type': 'attr', 'dtype': 'int', 'range_values': 4, 'name': 'max_seqlen_q'}","{'type': 'attr', 'dtype': 'int', 'range_values': 16, 'name': 'max_seqlen_k'}","{'type': 'attr', 'dtype': 'float', 'range_values': 0.125, 'name': 'softmax_scale'}","{'type': 'attr', 'dtype': 'bool', 'range_values': False, 'name': 'causal'}","[{'type': 'attr_tuple', 'dtype': 'int', 'range_values': -1, 'name': 'window_size'}, {'type': 'attr_tuple', 'dtype': 'int', 'range_values': -1, 'name': 'window_size'}]","{'type': 'attr', 'dtype': 'float', 'range_values': 0.0, 'name': 'softcap'}","{'type': 'attr', 'dtype': 'int', 'range_values': 0, 'name': 'num_splits'}","{'type': 'attr', 'dtype': 'bool', 'range_values': False, 'name': 'deterministic'}","{'type': 'attr', 'dtype': 'bool', 'range_values': False, 'name': 'return_lse'}","{'acc': {'cv_fused_double_benchmark': {'max_re_ratio': 2.0, 'avg_re_ratio': 1.2, 'root_mean_squared_ratio': 1.2}}, 'perf': 'not_key', 'mem': 1.1}",1
105,flash_attn_npu_4.flash_attn_varlen_func,flash_attn_varlen_func_v4_accuracy,"{'type': 'tensor', 'dtype': 'fp16', 'range_values': [-5.0, 5.0], 'shape': [16, 16, 32], 'name': 'q', 'backward': True}","{'type': 'tensor', 'dtype': 'fp16', 'range_values': [-5.0, 5.0], 'shape': [31, 2, 32], 'name': 'k', 'backward': True}","{'type': 'tensor', 'dtype': 'fp16', 'range_values': [-5.0, 5.0], 'shape': [31, 2, 32], 'name': 'v', 'backward': True}","{'type': 'tensor', 'dtype': 'fp16', 'range_values': 'default', 'shape': [16, 16, 32], 'name': 'qv', 'backward': True}","{'type': 'tensor', 'dtype': 'int32', 'range_values': [0, 16], 'shape': [3], 'name': 'cu_seqlens_q', 'backward': True}","{'type': 'tensor', 'dtype': 'int32', 'range_values': [0, 31], 'shape': [3], 'name': 'cu_seqlens_k', 'backward': True}","{'type': 'attr', 'dtype': 'int', 'range_values': 8, 'name': 'max_seqlen_q'}","{'type': 'attr', 'dtype': 'int', 'range_values': 16, 'name': 'max_seqlen_k'}","{'type': 'attr', 'dtype': 'float', 'range_values': 0.125, 'name': 'softmax_scale'}","{'type': 'attr', 'dtype': 'bool', 'range_values': True, 'name': 'causal'}","[{'type': 'attr_tuple', 'dtype': 'int', 'range_values': -1, 'name': 'window_size'}, {'type': 'attr_tuple', 'dtype': 'int', 'range_values': -1, 'name': 'window_size'}]","{'type': 'attr', 'dtype': 'float', 'range_values': 0.0, 'name': 'softcap'}","{'type': 'attr', 'dtype': 'int', 'range_values': 0, 'name': 'num_splits'}","{'type': 'attr', 'dtype': 'bool', 'range_values': False, 'name': 'deterministic'}","{'type': 'attr', 'dtype': 'bool', 'range_values': False, 'name': 'return_lse'}","{'acc': {'cv_fused_double_benchmark': {'max_re_ratio': 2.0, 'avg_re_ratio': 1.2, 'root_mean_squared_ratio': 1.2}}, 'perf': 'not_key', 'mem': 1.1}",1
106,flash_attn_npu_4.flash_attn_varlen_func,flash_attn_varlen_func_v4_accuracy,"{'type': 'tensor', 'dtype': 'bf16', 'range_values': [-5.0, 5.0], 'shape': [16, 8, 64], 'name': 'q', 'backward': True}","{'type': 'tensor', 'dtype': 'bf16', 'range_values': [-5.0, 5.0], 'shape': [4, 8, 64], 'name': 'k', 'backward': True}","{'type': 'tensor', 'dtype': 'bf16', 'range_values': [-5.0, 5.0], 'shape': [4, 8, 64], 'name': 'v', 'backward': True}","{'type': 'tensor', 'dtype': 'bf16', 'range_values': 'default', 'shape': [16, 8, 64], 'name': 'qv', 'backward': True}","{'type': 'tensor', 'dtype': 'int32', 'range_values': [0, 16], 'shape': [2], 'name': 'cu_seqlens_q', 'backward': True}","{'type': 'tensor', 'dtype': 'int32', 'range_values': [0, 4], 'shape': [2], 'name': 'cu_seqlens_k', 'backward': True}","{'type': 'attr', 'dtype': 'int', 'range_values': 16, 'name': 'max_seqlen_q'}","{'type': 'attr', 'dtype': 'int', 'range_values': 4, 'name': 'max_seqlen_k'}","{'type': 'attr', 'dtype': 'float', 'range_values': 0.125, 'name': 'softmax_scale'}","{'type': 'attr', 'dtype': 'bool', 'range_values': False, 'name': 'causal'}","[{'type': 'attr_tuple', 'dtype': 'int', 'range_values': -1, 'name': 'window_size'}, {'type': 'attr_tuple', 'dtype': 'int', 'range_values': -1, 'name': 'window_size'}]","{'type': 'attr', 'dtype': 'float', 'range_values': 0.0, 'name': 'softcap'}","{'type': 'attr', 'dtype': 'int', 'range_values': 0, 'name': 'num_splits'}","{'type': 'attr', 'dtype': 'bool', 'range_values': False, 'name': 'deterministic'}","{'type': 'attr', 'dtype': 'bool', 'range_values': False, 'name': 'return_lse'}","{'acc': {'cv_fused_double_benchmark': {'max_re_ratio': 2.0, 'avg_re_ratio': 1.2, 'root_mean_squared_ratio': 1.2}}, 'perf': 'not_key', 'mem': 1.1}",1
107,flash_attn_npu_4.flash_attn_varlen_func,flash_attn_varlen_func_v4_accuracy,"{'type': 'tensor', 'dtype': 'bf16', 'range_values': [-5.0, 5.0], 'shape': [1, 8, 256], 'name': 'q', 'backward': True}","{'type': 'tensor', 'dtype': 'bf16', 'range_values': [-5.0, 5.0], 'shape': [16, 2, 256], 'name': 'k', 'backward': True}","{'type': 'tensor', 'dtype': 'bf16', 'range_values': [-5.0, 5.0], 'shape': [16, 2, 256], 'name': 'v', 'backward': True}","{'type': 'tensor', 'dtype': 'bf16', 'range_values': 'default', 'shape': [1, 8, 256], 'name': 'qv', 'backward': True}","{'type': 'tensor', 'dtype': 'int32', 'range_values': [0, 1], 'shape': [2], 'name': 'cu_seqlens_q', 'backward': True}","{'type': 'tensor', 'dtype': 'int32', 'range_values': [0, 16], 'shape': [2], 'name': 'cu_seqlens_k', 'backward': True}","{'type': 'attr', 'dtype': 'int', 'range_values': 1, 'name': 'max_seqlen_q'}","{'type': 'attr', 'dtype': 'int', 'range_values': 16, 'name': 'max_seqlen_k'}","{'type': 'attr', 'dtype': 'float', 'range_values': 0.125, 'name': 'softmax_scale'}","{'type': 'attr', 'dtype': 'bool', 'range_values': False, 'name': 'causal'}","[{'type': 'attr_tuple', 'dtype': 'int', 'range_values': -1, 'name': 'window_size'}, {'type': 'attr_tuple', 'dtype': 'int', 'range_values': -1, 'name': 'window_size'}]","{'type': 'attr', 'dtype': 'float', 'range_values': 0.0, 'name': 'softcap'}","{'type': 'attr', 'dtype': 'int', 'range_values': 0, 'name': 'num_splits'}","{'type': 'attr', 'dtype': 'bool', 'range_values': False, 'name': 'deterministic'}","{'type': 'attr', 'dtype': 'bool', 'range_values': False, 'name': 'return_lse'}","{'acc': {'cv_fused_double_benchmark': {'max_re_ratio': 2.0, 'avg_re_ratio': 1.2, 'root_mean_squared_ratio': 1.2}}, 'perf': 'not_key', 'mem': 1.1}",1
108,flash_attn_npu_4.flash_attn_varlen_func,flash_attn_varlen_func_v4_accuracy,"{'type': 'tensor', 'dtype': 'bf16', 'range_values': [-5.0, 5.0], 'shape': [16, 16, 32], 'name': 'q', 'backward': True}","{'type': 'tensor', 'dtype': 'bf16', 'range_values': [-5.0, 5.0], 'shape': [17, 4, 32], 'name': 'k', 'backward': True}","{'type': 'tensor', 'dtype': 'bf16', 'range_values': [-5.0, 5.0], 'shape': [17, 4, 32], 'name': 'v', 'backward': True}","{'type': 'tensor', 'dtype': 'bf16', 'range_values': 'default', 'shape': [16, 16, 32], 'name': 'qv', 'backward': True}","{'type': 'tensor', 'dtype': 'int32', 'range_values': [0, 16], 'shape': [2], 'name': 'cu_seqlens_q', 'backward': True}","{'type': 'tensor', 'dtype': 'int32', 'range_values': [0, 17], 'shape': [2], 'name': 'cu_seqlens_k', 'backward': True}","{'type': 'attr', 'dtype': 'int', 'range_values': 16, 'name': 'max_seqlen_q'}","{'type': 'attr', 'dtype': 'int', 'range_values': 17, 'name': 'max_seqlen_k'}","{'type': 'attr', 'dtype': 'float', 'range_values': 0.125, 'name': 'softmax_scale'}","{'type': 'attr', 'dtype': 'bool', 'range_values': True, 'name': 'causal'}","[{'type': 'attr_tuple', 'dtype': 'int', 'range_values': -1, 'name': 'window_size'}, {'type': 'attr_tuple', 'dtype': 'int', 'range_values': -1, 'name': 'window_size'}]","{'type': 'attr', 'dtype': 'float', 'range_values': 0.0, 'name': 'softcap'}","{'type': 'attr', 'dtype': 'int', 'range_values': 0, 'name': 'num_splits'}","{'type': 'attr', 'dtype': 'bool', 'range_values': False, 'name': 'deterministic'}","{'type': 'attr', 'dtype': 'bool', 'range_values': False, 'name': 'return_lse'}","{'acc': {'cv_fused_double_benchmark': {'max_re_ratio': 2.0, 'avg_re_ratio': 1.2, 'root_mean_squared_ratio': 1.2}}, 'perf': 'not_key', 'mem': 1.1}",1
109,flash_attn_npu_4.flash_attn_varlen_func,flash_attn_varlen_func_v4_accuracy,"{'type': 'tensor', 'dtype': 'bf16', 'range_values': [-5.0, 5.0], 'shape': [15, 16, 32], 'name': 'q', 'backward': True}","{'type': 'tensor', 'dtype': 'bf16', 'range_values': [-5.0, 5.0], 'shape': [65, 2, 32], 'name': 'k', 'backward': True}","{'type': 'tensor', 'dtype': 'bf16', 'range_values': [-5.0, 5.0], 'shape': [65, 2, 32], 'name': 'v', 'backward': True}","{'type': 'tensor', 'dtype': 'bf16', 'range_values': 'default', 'shape': [15, 16, 32], 'name': 'qv', 'backward': True}","{'type': 'tensor', 'dtype': 'int32', 'range_values': [0, 15], 'shape': [5], 'name': 'cu_seqlens_q', 'backward': True}","{'type': 'tensor', 'dtype': 'int32', 'range_values': [0, 65], 'shape': [5], 'name': 'cu_seqlens_k', 'backward': True}","{'type': 'attr', 'dtype': 'int', 'range_values': 4, 'name': 'max_seqlen_q'}","{'type': 'attr', 'dtype': 'int', 'range_values': 17, 'name': 'max_seqlen_k'}","{'type': 'attr', 'dtype': 'float', 'range_values': 0.125, 'name': 'softmax_scale'}","{'type': 'attr', 'dtype': 'bool', 'range_values': False, 'name': 'causal'}","[{'type': 'attr_tuple', 'dtype': 'int', 'range_values': -1, 'name': 'window_size'}, {'type': 'attr_tuple', 'dtype': 'int', 'range_values': -1, 'name': 'window_size'}]","{'type': 'attr', 'dtype': 'float', 'range_values': 0.0, 'name': 'softcap'}","{'type': 'attr', 'dtype': 'int', 'range_values': 0, 'name': 'num_splits'}","{'type': 'attr', 'dtype': 'bool', 'range_values': False, 'name': 'deterministic'}","{'type': 'attr', 'dtype': 'bool', 'range_values': False, 'name': 'return_lse'}","{'acc': {'cv_fused_double_benchmark': {'max_re_ratio': 2.0, 'avg_re_ratio': 1.2, 'root_mean_squared_ratio': 1.2}}, 'perf': 'not_key', 'mem': 1.1}",1
110,flash_attn_npu_4.flash_attn_varlen_func,flash_attn_varlen_func_v4_accuracy,"{'type': 'tensor', 'dtype': 'bf16', 'range_values': [-5.0, 5.0], 'shape': [31, 4, 32], 'name': 'q', 'backward': True}","{'type': 'tensor', 'dtype': 'bf16', 'range_values': [-5.0, 5.0], 'shape': [129, 2, 32], 'name': 'k', 'backward': True}","{'type': 'tensor', 'dtype': 'bf16', 'range_values': [-5.0, 5.0], 'shape': [129, 2, 32], 'name': 'v', 'backward': True}","{'type': 'tensor', 'dtype': 'bf16', 'range_values': 'default', 'shape': [31, 4, 32], 'name': 'qv', 'backward': True}","{'type': 'tensor', 'dtype': 'int32', 'range_values': [0, 31], 'shape': [2], 'name': 'cu_seqlens_q', 'backward': True}","{'type': 'tensor', 'dtype': 'int32', 'range_values': [0, 129], 'shape': [2], 'name': 'cu_seqlens_k', 'backward': True}","{'type': 'attr', 'dtype': 'int', 'range_values': 31, 'name': 'max_seqlen_q'}","{'type': 'attr', 'dtype': 'int', 'range_values': 129, 'name': 'max_seqlen_k'}","{'type': 'attr', 'dtype': 'float', 'range_values': 0.125, 'name': 'softmax_scale'}","{'type': 'attr', 'dtype': 'bool', 'range_values': False, 'name': 'causal'}","[{'type': 'attr_tuple', 'dtype': 'int', 'range_values': -1, 'name': 'window_size'}, {'type': 'attr_tuple', 'dtype': 'int', 'range_values': -1, 'name': 'window_size'}]","{'type': 'attr', 'dtype': 'float', 'range_values': 0.0, 'name': 'softcap'}","{'type': 'attr', 'dtype': 'int', 'range_values': 0, 'name': 'num_splits'}","{'type': 'attr', 'dtype': 'bool', 'range_values': False, 'name': 'deterministic'}","{'type': 'attr', 'dtype': 'bool', 'range_values': False, 'name': 'return_lse'}","{'acc': {'cv_fused_double_benchmark': {'max_re_ratio': 2.0, 'avg_re_ratio': 1.2, 'root_mean_squared_ratio': 1.2}}, 'perf': 'not_key', 'mem': 1.1}",1
111,flash_attn_npu_4.flash_attn_varlen_func,flash_attn_varlen_func_v4_accuracy,"{'type': 'tensor', 'dtype': 'bf16', 'range_values': [-5.0, 5.0], 'shape': [8, 4, 256], 'name': 'q', 'backward': True}","{'type': 'tensor', 'dtype': 'bf16', 'range_values': [-5.0, 5.0], 'shape': [8, 2, 256], 'name': 'k', 'backward': True}","{'type': 'tensor', 'dtype': 'bf16', 'range_values': [-5.0, 5.0], 'shape': [8, 2, 256], 'name': 'v', 'backward': True}","{'type': 'tensor', 'dtype': 'bf16', 'range_values': 'default', 'shape': [8, 4, 256], 'name': 'qv', 'backward': True}","{'type': 'tensor', 'dtype': 'int32', 'range_values': [0, 8], 'shape': [2], 'name': 'cu_seqlens_q', 'backward': True}","{'type': 'tensor', 'dtype': 'int32', 'range_values': [0, 8], 'shape': [2], 'name': 'cu_seqlens_k', 'backward': True}","{'type': 'attr', 'dtype': 'int', 'range_values': 8, 'name': 'max_seqlen_q'}","{'type': 'attr', 'dtype': 'int', 'range_values': 8, 'name': 'max_seqlen_k'}","{'type': 'attr', 'dtype': 'float', 'range_values': 0.125, 'name': 'softmax_scale'}","{'type': 'attr', 'dtype': 'bool', 'range_values': False, 'name': 'causal'}","[{'type': 'attr_tuple', 'dtype': 'int', 'range_values': -1, 'name': 'window_size'}, {'type': 'attr_tuple', 'dtype': 'int', 'range_values': -1, 'name': 'window_size'}]","{'type': 'attr', 'dtype': 'float', 'range_values': 0.0, 'name': 'softcap'}","{'type': 'attr', 'dtype': 'int', 'range_values': 0, 'name': 'num_splits'}","{'type': 'attr', 'dtype': 'bool', 'range_values': False, 'name': 'deterministic'}","{'type': 'attr', 'dtype': 'bool', 'range_values': False, 'name': 'return_lse'}","{'acc': {'cv_fused_double_benchmark': {'max_re_ratio': 2.0, 'avg_re_ratio': 1.2, 'root_mean_squared_ratio': 1.2}}, 'perf': 'not_key', 'mem': 1.1}",1
112,flash_attn_npu_4.flash_attn_varlen_func,flash_attn_varlen_func_v4_accuracy,"{'type': 'tensor', 'dtype': 'bf16', 'range_values': [-5.0, 5.0], 'shape': [16, 16, 16], 'name': 'q', 'backward': True}","{'type': 'tensor', 'dtype': 'bf16', 'range_values': [-5.0, 5.0], 'shape': [64, 8, 16], 'name': 'k', 'backward': True}","{'type': 'tensor', 'dtype': 'bf16', 'range_values': [-5.0, 5.0], 'shape': [64, 8, 16], 'name': 'v', 'backward': True}","{'type': 'tensor', 'dtype': 'bf16', 'range_values': 'default', 'shape': [16, 16, 16], 'name': 'qv', 'backward': True}","{'type': 'tensor', 'dtype': 'int32', 'range_values': [0, 16], 'shape': [2], 'name': 'cu_seqlens_q', 'backward': True}","{'type': 'tensor', 'dtype': 'int32', 'range_values': [0, 64], 'shape': [2], 'name': 'cu_seqlens_k', 'backward': True}","{'type': 'attr', 'dtype': 'int', 'range_values': 16, 'name': 'max_seqlen_q'}","{'type': 'attr', 'dtype': 'int', 'range_values': 64, 'name': 'max_seqlen_k'}","{'type': 'attr', 'dtype': 'float', 'range_values': 0.125, 'name': 'softmax_scale'}","{'type': 'attr', 'dtype': 'bool', 'range_values': False, 'name': 'causal'}","[{'type': 'attr_tuple', 'dtype': 'int', 'range_values': -1, 'name': 'window_size'}, {'type': 'attr_tuple', 'dtype': 'int', 'range_values': -1, 'name': 'window_size'}]","{'type': 'attr', 'dtype': 'float', 'range_values': 0.0, 'name': 'softcap'}","{'type': 'attr', 'dtype': 'int', 'range_values': 0, 'name': 'num_splits'}","{'type': 'attr', 'dtype': 'bool', 'range_values': False, 'name': 'deterministic'}","{'type': 'attr', 'dtype': 'bool', 'range_values': False, 'name': 'return_lse'}","{'acc': {'cv_fused_double_benchmark': {'max_re_ratio': 2.0, 'avg_re_ratio': 1.2, 'root_mean_squared_ratio': 1.2}}, 'perf': 'not_key', 'mem': 1.1}",1
113,flash_attn_npu_4.flash_attn_varlen_func,flash_attn_varlen_func_v4_accuracy,"{'type': 'tensor', 'dtype': 'fp16', 'range_values': [-5.0, 5.0], 'shape': [64, 2, 64], 'name': 'q', 'backward': True}","{'type': 'tensor', 'dtype': 'fp16', 'range_values': [-5.0, 5.0], 'shape': [32, 2, 64], 'name': 'k', 'backward': True}","{'type': 'tensor', 'dtype': 'fp16', 'range_values': [-5.0, 5.0], 'shape': [32, 2, 64], 'name': 'v', 'backward': True}","{'type': 'tensor', 'dtype': 'fp16', 'range_values': 'default', 'shape': [64, 2, 64], 'name': 'qv', 'backward': True}","{'type': 'tensor', 'dtype': 'int32', 'range_values': [0, 64], 'shape': [2], 'name': 'cu_seqlens_q', 'backward': True}","{'type': 'tensor', 'dtype': 'int32', 'range_values': [0, 32], 'shape': [2], 'name': 'cu_seqlens_k', 'backward': True}","{'type': 'attr', 'dtype': 'int', 'range_values': 64, 'name': 'max_seqlen_q'}","{'type': 'attr', 'dtype': 'int', 'range_values': 32, 'name': 'max_seqlen_k'}","{'type': 'attr', 'dtype': 'float', 'range_values': 0.125, 'name': 'softmax_scale'}","{'type': 'attr', 'dtype': 'bool', 'range_values': False, 'name': 'causal'}","[{'type': 'attr_tuple', 'dtype': 'int', 'range_values': -1, 'name': 'window_size'}, {'type': 'attr_tuple', 'dtype': 'int', 'range_values': -1, 'name': 'window_size'}]","{'type': 'attr', 'dtype': 'float', 'range_values': 0.0, 'name': 'softcap'}","{'type': 'attr', 'dtype': 'int', 'range_values': 0, 'name': 'num_splits'}","{'type': 'attr', 'dtype': 'bool', 'range_values': False, 'name': 'deterministic'}","{'type': 'attr', 'dtype': 'bool', 'range_values': False, 'name': 'return_lse'}","{'acc': {'cv_fused_double_benchmark': {'max_re_ratio': 2.0, 'avg_re_ratio': 1.2, 'root_mean_squared_ratio': 1.2}}, 'perf': 'not_key', 'mem': 1.1}",1
114,flash_attn_npu_4.flash_attn_varlen_func,flash_attn_varlen_func_v4_accuracy,"{'type': 'tensor', 'dtype': 'fp16', 'range_values': [-5.0, 5.0], 'shape': [17, 2, 128], 'name': 'q', 'backward': True}","{'type': 'tensor', 'dtype': 'fp16', 'range_values': [-5.0, 5.0], 'shape': [32, 2, 128], 'name': 'k', 'backward': True}","{'type': 'tensor', 'dtype': 'fp16', 'range_values': [-5.0, 5.0], 'shape': [32, 2, 128], 'name': 'v', 'backward': True}","{'type': 'tensor', 'dtype': 'fp16', 'range_values': 'default', 'shape': [17, 2, 128], 'name': 'qv', 'backward': True}","{'type': 'tensor', 'dtype': 'int32', 'range_values': [0, 17], 'shape': [5], 'name': 'cu_seqlens_q', 'backward': True}","{'type': 'tensor', 'dtype': 'int32', 'range_values': [0, 32], 'shape': [5], 'name': 'cu_seqlens_k', 'backward': True}","{'type': 'attr', 'dtype': 'int', 'range_values': 5, 'name': 'max_seqlen_q'}","{'type': 'attr', 'dtype': 'int', 'range_values': 8, 'name': 'max_seqlen_k'}","{'type': 'attr', 'dtype': 'float', 'range_values': 0.125, 'name': 'softmax_scale'}","{'type': 'attr', 'dtype': 'bool', 'range_values': True, 'name': 'causal'}","[{'type': 'attr_tuple', 'dtype': 'int', 'range_values': -1, 'name': 'window_size'}, {'type': 'attr_tuple', 'dtype': 'int', 'range_values': -1, 'name': 'window_size'}]","{'type': 'attr', 'dtype': 'float', 'range_values': 0.0, 'name': 'softcap'}","{'type': 'attr', 'dtype': 'int', 'range_values': 0, 'name': 'num_splits'}","{'type': 'attr', 'dtype': 'bool', 'range_values': False, 'name': 'deterministic'}","{'type': 'attr', 'dtype': 'bool', 'range_values': False, 'name': 'return_lse'}","{'acc': {'cv_fused_double_benchmark': {'max_re_ratio': 2.0, 'avg_re_ratio': 1.2, 'root_mean_squared_ratio': 1.2}}, 'perf': 'not_key', 'mem': 1.1}",1
115,flash_attn_npu_4.flash_attn_varlen_func,flash_attn_varlen_func_v4_accuracy,"{'type': 'tensor', 'dtype': 'bf16', 'range_values': [-5.0, 5.0], 'shape': [7, 1, 128], 'name': 'q', 'backward': True}","{'type': 'tensor', 'dtype': 'bf16', 'range_values': [-5.0, 5.0], 'shape': [96, 1, 128], 'name': 'k', 'backward': True}","{'type': 'tensor', 'dtype': 'bf16', 'range_values': [-5.0, 5.0], 'shape': [96, 1, 128], 'name': 'v', 'backward': True}","{'type': 'tensor', 'dtype': 'bf16', 'range_values': 'default', 'shape': [7, 1, 128], 'name': 'qv', 'backward': True}","{'type': 'tensor', 'dtype': 'int32', 'range_values': [0, 7], 'shape': [5], 'name': 'cu_seqlens_q', 'backward': True}","{'type': 'tensor', 'dtype': 'int32', 'range_values': [0, 96], 'shape': [5], 'name': 'cu_seqlens_k', 'backward': True}","{'type': 'attr', 'dtype': 'int', 'range_values': 2, 'name': 'max_seqlen_q'}","{'type': 'attr', 'dtype': 'int', 'range_values': 24, 'name': 'max_seqlen_k'}","{'type': 'attr', 'dtype': 'float', 'range_values': 0.125, 'name': 'softmax_scale'}","{'type': 'attr', 'dtype': 'bool', 'range_values': True, 'name': 'causal'}","[{'type': 'attr_tuple', 'dtype': 'int', 'range_values': -1, 'name': 'window_size'}, {'type': 'attr_tuple', 'dtype': 'int', 'range_values': -1, 'name': 'window_size'}]","{'type': 'attr', 'dtype': 'float', 'range_values': 0.0, 'name': 'softcap'}","{'type': 'attr', 'dtype': 'int', 'range_values': 0, 'name': 'num_splits'}","{'type': 'attr', 'dtype': 'bool', 'range_values': False, 'name': 'deterministic'}","{'type': 'attr', 'dtype': 'bool', 'range_values': False, 'name': 'return_lse'}","{'acc': {'cv_fused_double_benchmark': {'max_re_ratio': 2.0, 'avg_re_ratio': 1.2, 'root_mean_squared_ratio': 1.2}}, 'perf': 'not_key', 'mem': 1.1}",1
116,flash_attn_npu_4.flash_attn_varlen_func,flash_attn_varlen_func_v4_accuracy,"{'type': 'tensor', 'dtype': 'bf16', 'range_values': [-5.0, 5.0], 'shape': [96, 8, 16], 'name': 'q', 'backward': True}","{'type': 'tensor', 'dtype': 'bf16', 'range_values': [-5.0, 5.0], 'shape': [96, 1, 16], 'name': 'k', 'backward': True}","{'type': 'tensor', 'dtype': 'bf16', 'range_values': [-5.0, 5.0], 'shape': [96, 1, 16], 'name': 'v', 'backward': True}","{'type': 'tensor', 'dtype': 'bf16', 'range_values': 'default', 'shape': [96, 8, 16], 'name': 'qv', 'backward': True}","{'type': 'tensor', 'dtype': 'int32', 'range_values': [0, 96], 'shape': [5], 'name': 'cu_seqlens_q', 'backward': True}","{'type': 'tensor', 'dtype': 'int32', 'range_values': [0, 96], 'shape': [5], 'name': 'cu_seqlens_k', 'backward': True}","{'type': 'attr', 'dtype': 'int', 'range_values': 24, 'name': 'max_seqlen_q'}","{'type': 'attr', 'dtype': 'int', 'range_values': 24, 'name': 'max_seqlen_k'}","{'type': 'attr', 'dtype': 'float', 'range_values': 0.125, 'name': 'softmax_scale'}","{'type': 'attr', 'dtype': 'bool', 'range_values': True, 'name': 'causal'}","[{'type': 'attr_tuple', 'dtype': 'int', 'range_values': -1, 'name': 'window_size'}, {'type': 'attr_tuple', 'dtype': 'int', 'range_values': -1, 'name': 'window_size'}]","{'type': 'attr', 'dtype': 'float', 'range_values': 0.0, 'name': 'softcap'}","{'type': 'attr', 'dtype': 'int', 'range_values': 0, 'name': 'num_splits'}","{'type': 'attr', 'dtype': 'bool', 'range_values': False, 'name': 'deterministic'}","{'type': 'attr', 'dtype': 'bool', 'range_values': False, 'name': 'return_lse'}","{'acc': {'cv_fused_double_benchmark': {'max_re_ratio': 2.0, 'avg_re_ratio': 1.2, 'root_mean_squared_ratio': 1.2}}, 'perf': 'not_key', 'mem': 1.1}",1
117,flash_attn_npu_4.flash_attn_varlen_func,flash_attn_varlen_func_v4_accuracy,"{'type': 'tensor', 'dtype': 'bf16', 'range_values': [-5.0, 5.0], 'shape': [15, 2, 256], 'name': 'q', 'backward': True}","{'type': 'tensor', 'dtype': 'bf16', 'range_values': [-5.0, 5.0], 'shape': [15, 2, 256], 'name': 'k', 'backward': True}","{'type': 'tensor', 'dtype': 'bf16', 'range_values': [-5.0, 5.0], 'shape': [15, 2, 256], 'name': 'v', 'backward': True}","{'type': 'tensor', 'dtype': 'bf16', 'range_values': 'default', 'shape': [15, 2, 256], 'name': 'qv', 'backward': True}","{'type': 'tensor', 'dtype': 'int32', 'range_values': [0, 15], 'shape': [2], 'name': 'cu_seqlens_q', 'backward': True}","{'type': 'tensor', 'dtype': 'int32', 'range_values': [0, 15], 'shape': [2], 'name': 'cu_seqlens_k', 'backward': True}","{'type': 'attr', 'dtype': 'int', 'range_values': 15, 'name': 'max_seqlen_q'}","{'type': 'attr', 'dtype': 'int', 'range_values': 15, 'name': 'max_seqlen_k'}","{'type': 'attr', 'dtype': 'float', 'range_values': 0.125, 'name': 'softmax_scale'}","{'type': 'attr', 'dtype': 'bool', 'range_values': True, 'name': 'causal'}","[{'type': 'attr_tuple', 'dtype': 'int', 'range_values': -1, 'name': 'window_size'}, {'type': 'attr_tuple', 'dtype': 'int', 'range_values': -1, 'name': 'window_size'}]","{'type': 'attr', 'dtype': 'float', 'range_values': 0.0, 'name': 'softcap'}","{'type': 'attr', 'dtype': 'int', 'range_values': 0, 'name': 'num_splits'}","{'type': 'attr', 'dtype': 'bool', 'range_values': False, 'name': 'deterministic'}","{'type': 'attr', 'dtype': 'bool', 'range_values': False, 'name': 'return_lse'}","{'acc': {'cv_fused_double_benchmark': {'max_re_ratio': 2.0, 'avg_re_ratio': 1.2, 'root_mean_squared_ratio': 1.2}}, 'perf': 'not_key', 'mem': 1.1}",1
118,flash_attn_npu_4.flash_attn_varlen_func,flash_attn_varlen_func_v4_accuracy,"{'type': 'tensor', 'dtype': 'fp16', 'range_values': [-5.0, 5.0], 'shape': [15, 2, 256], 'name': 'q', 'backward': True}","{'type': 'tensor', 'dtype': 'fp16', 'range_values': [-5.0, 5.0], 'shape': [15, 2, 256], 'name': 'k', 'backward': True}","{'type': 'tensor', 'dtype': 'fp16', 'range_values': [-5.0, 5.0], 'shape': [15, 2, 256], 'name': 'v', 'backward': True}","{'type': 'tensor', 'dtype': 'fp16', 'range_values': 'default', 'shape': [15, 2, 256], 'name': 'qv', 'backward': True}","{'type': 'tensor', 'dtype': 'int32', 'range_values': [0, 15], 'shape': [5], 'name': 'cu_seqlens_q', 'backward': True}","{'type': 'tensor', 'dtype': 'int32', 'range_values': [0, 15], 'shape': [5], 'name': 'cu_seqlens_k', 'backward': True}","{'type': 'attr', 'dtype': 'int', 'range_values': 4, 'name': 'max_seqlen_q'}","{'type': 'attr', 'dtype': 'int', 'range_values': 4, 'name': 'max_seqlen_k'}","{'type': 'attr', 'dtype': 'float', 'range_values': 0.125, 'name': 'softmax_scale'}","{'type': 'attr', 'dtype': 'bool', 'range_values': True, 'name': 'causal'}","[{'type': 'attr_tuple', 'dtype': 'int', 'range_values': -1, 'name': 'window_size'}, {'type': 'attr_tuple', 'dtype': 'int', 'range_values': -1, 'name': 'window_size'}]","{'type': 'attr', 'dtype': 'float', 'range_values': 0.0, 'name': 'softcap'}","{'type': 'attr', 'dtype': 'int', 'range_values': 0, 'name': 'num_splits'}","{'type': 'attr', 'dtype': 'bool', 'range_values': False, 'name': 'deterministic'}","{'type': 'attr', 'dtype': 'bool', 'range_values': False, 'name': 'return_lse'}","{'acc': {'cv_fused_double_benchmark': {'max_re_ratio': 2.0, 'avg_re_ratio': 1.2, 'root_mean_squared_ratio': 1.2}}, 'perf': 'not_key', 'mem': 1.1}",1
119,flash_attn_npu_4.flash_attn_varlen_func,flash_attn_varlen_func_v4_accuracy,"{'type': 'tensor', 'dtype': 'bf16', 'range_values': [-5.0, 5.0], 'shape': [31, 16, 16], 'name': 'q', 'backward': True}","{'type': 'tensor', 'dtype': 'bf16', 'range_values': [-5.0, 5.0], 'shape': [256, 2, 16], 'name': 'k', 'backward': True}","{'type': 'tensor', 'dtype': 'bf16', 'range_values': [-5.0, 5.0], 'shape': [256, 2, 16], 'name': 'v', 'backward': True}","{'type': 'tensor', 'dtype': 'bf16', 'range_values': 'default', 'shape': [31, 16, 16], 'name': 'qv', 'backward': True}","{'type': 'tensor', 'dtype': 'int32', 'range_values': [0, 31], 'shape': [9], 'name': 'cu_seqlens_q', 'backward': True}","{'type': 'tensor', 'dtype': 'int32', 'range_values': [0, 256], 'shape': [9], 'name': 'cu_seqlens_k', 'backward': True}","{'type': 'attr', 'dtype': 'int', 'range_values': 4, 'name': 'max_seqlen_q'}","{'type': 'attr', 'dtype': 'int', 'range_values': 32, 'name': 'max_seqlen_k'}","{'type': 'attr', 'dtype': 'float', 'range_values': 0.125, 'name': 'softmax_scale'}","{'type': 'attr', 'dtype': 'bool', 'range_values': False, 'name': 'causal'}","[{'type': 'attr_tuple', 'dtype': 'int', 'range_values': -1, 'name': 'window_size'}, {'type': 'attr_tuple', 'dtype': 'int', 'range_values': -1, 'name': 'window_size'}]","{'type': 'attr', 'dtype': 'float', 'range_values': 0.0, 'name': 'softcap'}","{'type': 'attr', 'dtype': 'int', 'range_values': 0, 'name': 'num_splits'}","{'type': 'attr', 'dtype': 'bool', 'range_values': False, 'name': 'deterministic'}","{'type': 'attr', 'dtype': 'bool', 'range_values': False, 'name': 'return_lse'}","{'acc': {'cv_fused_double_benchmark': {'max_re_ratio': 2.0, 'avg_re_ratio': 1.2, 'root_mean_squared_ratio': 1.2}}, 'perf': 'not_key', 'mem': 1.1}",1
120,flash_attn_npu_4.flash_attn_varlen_func,flash_attn_varlen_func_v4_accuracy,"{'type': 'tensor', 'dtype': 'fp16', 'range_values': [-5.0, 5.0], 'shape': [15, 16, 64], 'name': 'q', 'backward': True}","{'type': 'tensor', 'dtype': 'fp16', 'range_values': [-5.0, 5.0], 'shape': [15, 1, 64], 'name': 'k', 'backward': True}","{'type': 'tensor', 'dtype': 'fp16', 'range_values': [-5.0, 5.0], 'shape': [15, 1, 64], 'name': 'v', 'backward': True}","{'type': 'tensor', 'dtype': 'fp16', 'range_values': 'default', 'shape': [15, 16, 64], 'name': 'qv', 'backward': True}","{'type': 'tensor', 'dtype': 'int32', 'range_values': [0, 15], 'shape': [2], 'name': 'cu_seqlens_q', 'backward': True}","{'type': 'tensor', 'dtype': 'int32', 'range_values': [0, 15], 'shape': [2], 'name': 'cu_seqlens_k', 'backward': True}","{'type': 'attr', 'dtype': 'int', 'range_values': 15, 'name': 'max_seqlen_q'}","{'type': 'attr', 'dtype': 'int', 'range_values': 15, 'name': 'max_seqlen_k'}","{'type': 'attr', 'dtype': 'float', 'range_values': 0.125, 'name': 'softmax_scale'}","{'type': 'attr', 'dtype': 'bool', 'range_values': False, 'name': 'causal'}","[{'type': 'attr_tuple', 'dtype': 'int', 'range_values': -1, 'name': 'window_size'}, {'type': 'attr_tuple', 'dtype': 'int', 'range_values': -1, 'name': 'window_size'}]","{'type': 'attr', 'dtype': 'float', 'range_values': 0.0, 'name': 'softcap'}","{'type': 'attr', 'dtype': 'int', 'range_values': 0, 'name': 'num_splits'}","{'type': 'attr', 'dtype': 'bool', 'range_values': False, 'name': 'deterministic'}","{'type': 'attr', 'dtype': 'bool', 'range_values': False, 'name': 'return_lse'}","{'acc': {'cv_fused_double_benchmark': {'max_re_ratio': 2.0, 'avg_re_ratio': 1.2, 'root_mean_squared_ratio': 1.2}}, 'perf': 'not_key', 'mem': 1.1}",1
121,flash_attn_npu_4.flash_attn_varlen_func,flash_attn_varlen_func_v4_accuracy,"{'type': 'tensor', 'dtype': 'fp16', 'range_values': [-5.0, 5.0], 'shape': [32, 4, 64], 'name': 'q', 'backward': True}","{'type': 'tensor', 'dtype': 'fp16', 'range_values': [-5.0, 5.0], 'shape': [129, 1, 64], 'name': 'k', 'backward': True}","{'type': 'tensor', 'dtype': 'fp16', 'range_values': [-5.0, 5.0], 'shape': [129, 1, 64], 'name': 'v', 'backward': True}","{'type': 'tensor', 'dtype': 'fp16', 'range_values': 'default', 'shape': [32, 4, 64], 'name': 'qv', 'backward': True}","{'type': 'tensor', 'dtype': 'int32', 'range_values': [0, 32], 'shape': [2], 'name': 'cu_seqlens_q', 'backward': True}","{'type': 'tensor', 'dtype': 'int32', 'range_values': [0, 129], 'shape': [2], 'name': 'cu_seqlens_k', 'backward': True}","{'type': 'attr', 'dtype': 'int', 'range_values': 32, 'name': 'max_seqlen_q'}","{'type': 'attr', 'dtype': 'int', 'range_values': 129, 'name': 'max_seqlen_k'}","{'type': 'attr', 'dtype': 'float', 'range_values': 0.125, 'name': 'softmax_scale'}","{'type': 'attr', 'dtype': 'bool', 'range_values': True, 'name': 'causal'}","[{'type': 'attr_tuple', 'dtype': 'int', 'range_values': -1, 'name': 'window_size'}, {'type': 'attr_tuple', 'dtype': 'int', 'range_values': -1, 'name': 'window_size'}]","{'type': 'attr', 'dtype': 'float', 'range_values': 0.0, 'name': 'softcap'}","{'type': 'attr', 'dtype': 'int', 'range_values': 0, 'name': 'num_splits'}","{'type': 'attr', 'dtype': 'bool', 'range_values': False, 'name': 'deterministic'}","{'type': 'attr', 'dtype': 'bool', 'range_values': False, 'name': 'return_lse'}","{'acc': {'cv_fused_double_benchmark': {'max_re_ratio': 2.0, 'avg_re_ratio': 1.2, 'root_mean_squared_ratio': 1.2}}, 'perf': 'not_key', 'mem': 1.1}",1
122,flash_attn_npu_4.flash_attn_varlen_func,flash_attn_varlen_func_v4_accuracy,"{'type': 'tensor', 'dtype': 'bf16', 'range_values': [-5.0, 5.0], 'shape': [32, 2, 256], 'name': 'q', 'backward': True}","{'type': 'tensor', 'dtype': 'bf16', 'range_values': [-5.0, 5.0], 'shape': [1, 1, 256], 'name': 'k', 'backward': True}","{'type': 'tensor', 'dtype': 'bf16', 'range_values': [-5.0, 5.0], 'shape': [1, 1, 256], 'name': 'v', 'backward': True}","{'type': 'tensor', 'dtype': 'bf16', 'range_values': 'default', 'shape': [32, 2, 256], 'name': 'qv', 'backward': True}","{'type': 'tensor', 'dtype': 'int32', 'range_values': [0, 32], 'shape': [2], 'name': 'cu_seqlens_q', 'backward': True}","{'type': 'tensor', 'dtype': 'int32', 'range_values': [0, 1], 'shape': [2], 'name': 'cu_seqlens_k', 'backward': True}","{'type': 'attr', 'dtype': 'int', 'range_values': 32, 'name': 'max_seqlen_q'}","{'type': 'attr', 'dtype': 'int', 'range_values': 1, 'name': 'max_seqlen_k'}","{'type': 'attr', 'dtype': 'float', 'range_values': 0.125, 'name': 'softmax_scale'}","{'type': 'attr', 'dtype': 'bool', 'range_values': False, 'name': 'causal'}","[{'type': 'attr_tuple', 'dtype': 'int', 'range_values': -1, 'name': 'window_size'}, {'type': 'attr_tuple', 'dtype': 'int', 'range_values': -1, 'name': 'window_size'}]","{'type': 'attr', 'dtype': 'float', 'range_values': 0.0, 'name': 'softcap'}","{'type': 'attr', 'dtype': 'int', 'range_values': 0, 'name': 'num_splits'}","{'type': 'attr', 'dtype': 'bool', 'range_values': False, 'name': 'deterministic'}","{'type': 'attr', 'dtype': 'bool', 'range_values': False, 'name': 'return_lse'}","{'acc': {'cv_fused_double_benchmark': {'max_re_ratio': 2.0, 'avg_re_ratio': 1.2, 'root_mean_squared_ratio': 1.2}}, 'perf': 'not_key', 'mem': 1.1}",1
123,flash_attn_npu_4.flash_attn_varlen_func,flash_attn_varlen_func_v4_accuracy,"{'type': 'tensor', 'dtype': 'fp16', 'range_values': [-5.0, 5.0], 'shape': [64, 8, 32], 'name': 'q', 'backward': True}","{'type': 'tensor', 'dtype': 'fp16', 'range_values': [-5.0, 5.0], 'shape': [4, 2, 32], 'name': 'k', 'backward': True}","{'type': 'tensor', 'dtype': 'fp16', 'range_values': [-5.0, 5.0], 'shape': [4, 2, 32], 'name': 'v', 'backward': True}","{'type': 'tensor', 'dtype': 'fp16', 'range_values': 'default', 'shape': [64, 8, 32], 'name': 'qv', 'backward': True}","{'type': 'tensor', 'dtype': 'int32', 'range_values': [0, 64], 'shape': [5], 'name': 'cu_seqlens_q', 'backward': True}","{'type': 'tensor', 'dtype': 'int32', 'range_values': [0, 4], 'shape': [5], 'name': 'cu_seqlens_k', 'backward': True}","{'type': 'attr', 'dtype': 'int', 'range_values': 16, 'name': 'max_seqlen_q'}","{'type': 'attr', 'dtype': 'int', 'range_values': 1, 'name': 'max_seqlen_k'}","{'type': 'attr', 'dtype': 'float', 'range_values': 0.125, 'name': 'softmax_scale'}","{'type': 'attr', 'dtype': 'bool', 'range_values': False, 'name': 'causal'}","[{'type': 'attr_tuple', 'dtype': 'int', 'range_values': -1, 'name': 'window_size'}, {'type': 'attr_tuple', 'dtype': 'int', 'range_values': -1, 'name': 'window_size'}]","{'type': 'attr', 'dtype': 'float', 'range_values': 0.0, 'name': 'softcap'}","{'type': 'attr', 'dtype': 'int', 'range_values': 0, 'name': 'num_splits'}","{'type': 'attr', 'dtype': 'bool', 'range_values': False, 'name': 'deterministic'}","{'type': 'attr', 'dtype': 'bool', 'range_values': False, 'name': 'return_lse'}","{'acc': {'cv_fused_double_benchmark': {'max_re_ratio': 2.0, 'avg_re_ratio': 1.2, 'root_mean_squared_ratio': 1.2}}, 'perf': 'not_key', 'mem': 1.1}",1
124,flash_attn_npu_4.flash_attn_varlen_func,flash_attn_varlen_func_v4_accuracy,"{'type': 'tensor', 'dtype': 'fp16', 'range_values': [-5.0, 5.0], 'shape': [65, 1, 256], 'name': 'q', 'backward': True}","{'type': 'tensor', 'dtype': 'fp16', 'range_values': [-5.0, 5.0], 'shape': [1, 1, 256], 'name': 'k', 'backward': True}","{'type': 'tensor', 'dtype': 'fp16', 'range_values': [-5.0, 5.0], 'shape': [1, 1, 256], 'name': 'v', 'backward': True}","{'type': 'tensor', 'dtype': 'fp16', 'range_values': 'default', 'shape': [65, 1, 256], 'name': 'qv', 'backward': True}","{'type': 'tensor', 'dtype': 'int32', 'range_values': [0, 65], 'shape': [2], 'name': 'cu_seqlens_q', 'backward': True}","{'type': 'tensor', 'dtype': 'int32', 'range_values': [0, 1], 'shape': [2], 'name': 'cu_seqlens_k', 'backward': True}","{'type': 'attr', 'dtype': 'int', 'range_values': 65, 'name': 'max_seqlen_q'}","{'type': 'attr', 'dtype': 'int', 'range_values': 1, 'name': 'max_seqlen_k'}","{'type': 'attr', 'dtype': 'float', 'range_values': 0.125, 'name': 'softmax_scale'}","{'type': 'attr', 'dtype': 'bool', 'range_values': False, 'name': 'causal'}","[{'type': 'attr_tuple', 'dtype': 'int', 'range_values': -1, 'name': 'window_size'}, {'type': 'attr_tuple', 'dtype': 'int', 'range_values': -1, 'name': 'window_size'}]","{'type': 'attr', 'dtype': 'float', 'range_values': 0.0, 'name': 'softcap'}","{'type': 'attr', 'dtype': 'int', 'range_values': 0, 'name': 'num_splits'}","{'type': 'attr', 'dtype': 'bool', 'range_values': False, 'name': 'deterministic'}","{'type': 'attr', 'dtype': 'bool', 'range_values': False, 'name': 'return_lse'}","{'acc': {'cv_fused_double_benchmark': {'max_re_ratio': 2.0, 'avg_re_ratio': 1.2, 'root_mean_squared_ratio': 1.2}}, 'perf': 'not_key', 'mem': 1.1}",1
125,flash_attn_npu_4.flash_attn_varlen_func,flash_attn_varlen_func_v4_accuracy,"{'type': 'tensor', 'dtype': 'fp16', 'range_values': [-5.0, 5.0], 'shape': [33, 2, 128], 'name': 'q', 'backward': True}","{'type': 'tensor', 'dtype': 'fp16', 'range_values': [-5.0, 5.0], 'shape': [33, 2, 128], 'name': 'k', 'backward': True}","{'type': 'tensor', 'dtype': 'fp16', 'range_values': [-5.0, 5.0], 'shape': [33, 2, 128], 'name': 'v', 'backward': True}","{'type': 'tensor', 'dtype': 'fp16', 'range_values': 'default', 'shape': [33, 2, 128], 'name': 'qv', 'backward': True}","{'type': 'tensor', 'dtype': 'int32', 'range_values': [0, 33], 'shape': [9], 'name': 'cu_seqlens_q', 'backward': True}","{'type': 'tensor', 'dtype': 'int32', 'range_values': [0, 33], 'shape': [9], 'name': 'cu_seqlens_k', 'backward': True}","{'type': 'attr', 'dtype': 'int', 'range_values': 5, 'name': 'max_seqlen_q'}","{'type': 'attr', 'dtype': 'int', 'range_values': 5, 'name': 'max_seqlen_k'}","{'type': 'attr', 'dtype': 'float', 'range_values': 0.125, 'name': 'softmax_scale'}","{'type': 'attr', 'dtype': 'bool', 'range_values': False, 'name': 'causal'}","[{'type': 'attr_tuple', 'dtype': 'int', 'range_values': -1, 'name': 'window_size'}, {'type': 'attr_tuple', 'dtype': 'int', 'range_values': -1, 'name': 'window_size'}]","{'type': 'attr', 'dtype': 'float', 'range_values': 0.0, 'name': 'softcap'}","{'type': 'attr', 'dtype': 'int', 'range_values': 0, 'name': 'num_splits'}","{'type': 'attr', 'dtype': 'bool', 'range_values': False, 'name': 'deterministic'}","{'type': 'attr', 'dtype': 'bool', 'range_values': False, 'name': 'return_lse'}","{'acc': {'cv_fused_double_benchmark': {'max_re_ratio': 2.0, 'avg_re_ratio': 1.2, 'root_mean_squared_ratio': 1.2}}, 'perf': 'not_key', 'mem': 1.1}",1
126,flash_attn_npu_4.flash_attn_varlen_func,flash_attn_varlen_func_v4_accuracy,"{'type': 'tensor', 'dtype': 'fp16', 'range_values': [-5.0, 5.0], 'shape': [64, 16, 16], 'name': 'q', 'backward': True}","{'type': 'tensor', 'dtype': 'fp16', 'range_values': [-5.0, 5.0], 'shape': [17, 2, 16], 'name': 'k', 'backward': True}","{'type': 'tensor', 'dtype': 'fp16', 'range_values': [-5.0, 5.0], 'shape': [17, 2, 16], 'name': 'v', 'backward': True}","{'type': 'tensor', 'dtype': 'fp16', 'range_values': 'default', 'shape': [64, 16, 16], 'name': 'qv', 'backward': True}","{'type': 'tensor', 'dtype': 'int32', 'range_values': [0, 64], 'shape': [9], 'name': 'cu_seqlens_q', 'backward': True}","{'type': 'tensor', 'dtype': 'int32', 'range_values': [0, 17], 'shape': [9], 'name': 'cu_seqlens_k', 'backward': True}","{'type': 'attr', 'dtype': 'int', 'range_values': 8, 'name': 'max_seqlen_q'}","{'type': 'attr', 'dtype': 'int', 'range_values': 3, 'name': 'max_seqlen_k'}","{'type': 'attr', 'dtype': 'float', 'range_values': 0.125, 'name': 'softmax_scale'}","{'type': 'attr', 'dtype': 'bool', 'range_values': False, 'name': 'causal'}","[{'type': 'attr_tuple', 'dtype': 'int', 'range_values': -1, 'name': 'window_size'}, {'type': 'attr_tuple', 'dtype': 'int', 'range_values': -1, 'name': 'window_size'}]","{'type': 'attr', 'dtype': 'float', 'range_values': 0.0, 'name': 'softcap'}","{'type': 'attr', 'dtype': 'int', 'range_values': 0, 'name': 'num_splits'}","{'type': 'attr', 'dtype': 'bool', 'range_values': False, 'name': 'deterministic'}","{'type': 'attr', 'dtype': 'bool', 'range_values': False, 'name': 'return_lse'}","{'acc': {'cv_fused_double_benchmark': {'max_re_ratio': 2.0, 'avg_re_ratio': 1.2, 'root_mean_squared_ratio': 1.2}}, 'perf': 'not_key', 'mem': 1.1}",1
127,flash_attn_npu_4.flash_attn_varlen_func,flash_attn_varlen_func_v4_accuracy,"{'type': 'tensor', 'dtype': 'fp16', 'range_values': [-5.0, 5.0], 'shape': [4, 4, 32], 'name': 'q', 'backward': True}","{'type': 'tensor', 'dtype': 'fp16', 'range_values': [-5.0, 5.0], 'shape': [129, 4, 32], 'name': 'k', 'backward': True}","{'type': 'tensor', 'dtype': 'fp16', 'range_values': [-5.0, 5.0], 'shape': [129, 4, 32], 'name': 'v', 'backward': True}","{'type': 'tensor', 'dtype': 'fp16', 'range_values': 'default', 'shape': [4, 4, 32], 'name': 'qv', 'backward': True}","{'type': 'tensor', 'dtype': 'int32', 'range_values': [0, 4], 'shape': [5], 'name': 'cu_seqlens_q', 'backward': True}","{'type': 'tensor', 'dtype': 'int32', 'range_values': [0, 129], 'shape': [5], 'name': 'cu_seqlens_k', 'backward': True}","{'type': 'attr', 'dtype': 'int', 'range_values': 1, 'name': 'max_seqlen_q'}","{'type': 'attr', 'dtype': 'int', 'range_values': 33, 'name': 'max_seqlen_k'}","{'type': 'attr', 'dtype': 'float', 'range_values': 0.125, 'name': 'softmax_scale'}","{'type': 'attr', 'dtype': 'bool', 'range_values': False, 'name': 'causal'}","[{'type': 'attr_tuple', 'dtype': 'int', 'range_values': -1, 'name': 'window_size'}, {'type': 'attr_tuple', 'dtype': 'int', 'range_values': -1, 'name': 'window_size'}]","{'type': 'attr', 'dtype': 'float', 'range_values': 0.0, 'name': 'softcap'}","{'type': 'attr', 'dtype': 'int', 'range_values': 0, 'name': 'num_splits'}","{'type': 'attr', 'dtype': 'bool', 'range_values': False, 'name': 'deterministic'}","{'type': 'attr', 'dtype': 'bool', 'range_values': False, 'name': 'return_lse'}","{'acc': {'cv_fused_double_benchmark': {'max_re_ratio': 2.0, 'avg_re_ratio': 1.2, 'root_mean_squared_ratio': 1.2}}, 'perf': 'not_key', 'mem': 1.1}",1
128,flash_attn_npu_4.flash_attn_varlen_func,flash_attn_varlen_func_v4_accuracy,"{'type': 'tensor', 'dtype': 'bf16', 'range_values': [-5.0, 5.0], 'shape': [256, 1, 64], 'name': 'q', 'backward': True}","{'type': 'tensor', 'dtype': 'bf16', 'range_values': [-5.0, 5.0], 'shape': [15, 1, 64], 'name': 'k', 'backward': True}","{'type': 'tensor', 'dtype': 'bf16', 'range_values': [-5.0, 5.0], 'shape': [15, 1, 64], 'name': 'v', 'backward': True}","{'type': 'tensor', 'dtype': 'bf16', 'range_values': 'default', 'shape': [256, 1, 64], 'name': 'qv', 'backward': True}","{'type': 'tensor', 'dtype': 'int32', 'range_values': [0, 256], 'shape': [2], 'name': 'cu_seqlens_q', 'backward': True}","{'type': 'tensor', 'dtype': 'int32', 'range_values': [0, 15], 'shape': [2], 'name': 'cu_seqlens_k', 'backward': True}","{'type': 'attr', 'dtype': 'int', 'range_values': 256, 'name': 'max_seqlen_q'}","{'type': 'attr', 'dtype': 'int', 'range_values': 15, 'name': 'max_seqlen_k'}","{'type': 'attr', 'dtype': 'float', 'range_values': 0.125, 'name': 'softmax_scale'}","{'type': 'attr', 'dtype': 'bool', 'range_values': False, 'name': 'causal'}","[{'type': 'attr_tuple', 'dtype': 'int', 'range_values': -1, 'name': 'window_size'}, {'type': 'attr_tuple', 'dtype': 'int', 'range_values': -1, 'name': 'window_size'}]","{'type': 'attr', 'dtype': 'float', 'range_values': 0.0, 'name': 'softcap'}","{'type': 'attr', 'dtype': 'int', 'range_values': 0, 'name': 'num_splits'}","{'type': 'attr', 'dtype': 'bool', 'range_values': False, 'name': 'deterministic'}","{'type': 'attr', 'dtype': 'bool', 'range_values': False, 'name': 'return_lse'}","{'acc': {'cv_fused_double_benchmark': {'max_re_ratio': 2.0, 'avg_re_ratio': 1.2, 'root_mean_squared_ratio': 1.2}}, 'perf': 'not_key', 'mem': 1.1}",1
129,flash_attn_npu_4.flash_attn_varlen_func,flash_attn_varlen_func_v4_accuracy,"{'type': 'tensor', 'dtype': 'bf16', 'range_values': [-5.0, 5.0], 'shape': [31, 4, 128], 'name': 'q', 'backward': True}","{'type': 'tensor', 'dtype': 'bf16', 'range_values': [-5.0, 5.0], 'shape': [8, 2, 128], 'name': 'k', 'backward': True}","{'type': 'tensor', 'dtype': 'bf16', 'range_values': [-5.0, 5.0], 'shape': [8, 2, 128], 'name': 'v', 'backward': True}","{'type': 'tensor', 'dtype': 'bf16', 'range_values': 'default', 'shape': [31, 4, 128], 'name': 'qv', 'backward': True}","{'type': 'tensor', 'dtype': 'int32', 'range_values': [0, 31], 'shape': [9], 'name': 'cu_seqlens_q', 'backward': True}","{'type': 'tensor', 'dtype': 'int32', 'range_values': [0, 8], 'shape': [9], 'name': 'cu_seqlens_k', 'backward': True}","{'type': 'attr', 'dtype': 'int', 'range_values': 4, 'name': 'max_seqlen_q'}","{'type': 'attr', 'dtype': 'int', 'range_values': 1, 'name': 'max_seqlen_k'}","{'type': 'attr', 'dtype': 'float', 'range_values': 0.125, 'name': 'softmax_scale'}","{'type': 'attr', 'dtype': 'bool', 'range_values': False, 'name': 'causal'}","[{'type': 'attr_tuple', 'dtype': 'int', 'range_values': -1, 'name': 'window_size'}, {'type': 'attr_tuple', 'dtype': 'int', 'range_values': -1, 'name': 'window_size'}]","{'type': 'attr', 'dtype': 'float', 'range_values': 0.0, 'name': 'softcap'}","{'type': 'attr', 'dtype': 'int', 'range_values': 0, 'name': 'num_splits'}","{'type': 'attr', 'dtype': 'bool', 'range_values': False, 'name': 'deterministic'}","{'type': 'attr', 'dtype': 'bool', 'range_values': False, 'name': 'return_lse'}","{'acc': {'cv_fused_double_benchmark': {'max_re_ratio': 2.0, 'avg_re_ratio': 1.2, 'root_mean_squared_ratio': 1.2}}, 'perf': 'not_key', 'mem': 1.1}",1
130,flash_attn_npu_4.flash_attn_varlen_func,flash_attn_varlen_func_v4_accuracy,"{'type': 'tensor', 'dtype': 'fp16', 'range_values': [-5.0, 5.0], 'shape': [15, 2, 64], 'name': 'q', 'backward': True}","{'type': 'tensor', 'dtype': 'fp16', 'range_values': [-5.0, 5.0], 'shape': [128, 2, 64], 'name': 'k', 'backward': True}","{'type': 'tensor', 'dtype': 'fp16', 'range_values': [-5.0, 5.0], 'shape': [128, 2, 64], 'name': 'v', 'backward': True}","{'type': 'tensor', 'dtype': 'fp16', 'range_values': 'default', 'shape': [15, 2, 64], 'name': 'qv', 'backward': True}","{'type': 'tensor', 'dtype': 'int32', 'range_values': [0, 15], 'shape': [2], 'name': 'cu_seqlens_q', 'backward': True}","{'type': 'tensor', 'dtype': 'int32', 'range_values': [0, 128], 'shape': [2], 'name': 'cu_seqlens_k', 'backward': True}","{'type': 'attr', 'dtype': 'int', 'range_values': 15, 'name': 'max_seqlen_q'}","{'type': 'attr', 'dtype': 'int', 'range_values': 128, 'name': 'max_seqlen_k'}","{'type': 'attr', 'dtype': 'float', 'range_values': 0.125, 'name': 'softmax_scale'}","{'type': 'attr', 'dtype': 'bool', 'range_values': False, 'name': 'causal'}","[{'type': 'attr_tuple', 'dtype': 'int', 'range_values': -1, 'name': 'window_size'}, {'type': 'attr_tuple', 'dtype': 'int', 'range_values': -1, 'name': 'window_size'}]","{'type': 'attr', 'dtype': 'float', 'range_values': 0.0, 'name': 'softcap'}","{'type': 'attr', 'dtype': 'int', 'range_values': 0, 'name': 'num_splits'}","{'type': 'attr', 'dtype': 'bool', 'range_values': False, 'name': 'deterministic'}","{'type': 'attr', 'dtype': 'bool', 'range_values': False, 'name': 'return_lse'}","{'acc': {'cv_fused_double_benchmark': {'max_re_ratio': 2.0, 'avg_re_ratio': 1.2, 'root_mean_squared_ratio': 1.2}}, 'perf': 'not_key', 'mem': 1.1}",1
131,flash_attn_npu_4.flash_attn_varlen_func,flash_attn_varlen_func_v4_accuracy,"{'type': 'tensor', 'dtype': 'bf16', 'range_values': [-5.0, 5.0], 'shape': [257, 1, 64], 'name': 'q', 'backward': True}","{'type': 'tensor', 'dtype': 'bf16', 'range_values': [-5.0, 5.0], 'shape': [31, 1, 64], 'name': 'k', 'backward': True}","{'type': 'tensor', 'dtype': 'bf16', 'range_values': [-5.0, 5.0], 'shape': [31, 1, 64], 'name': 'v', 'backward': True}","{'type': 'tensor', 'dtype': 'bf16', 'range_values': 'default', 'shape': [257, 1, 64], 'name': 'qv', 'backward': True}","{'type': 'tensor', 'dtype': 'int32', 'range_values': [0, 257], 'shape': [5], 'name': 'cu_seqlens_q', 'backward': True}","{'type': 'tensor', 'dtype': 'int32', 'range_values': [0, 31], 'shape': [5], 'name': 'cu_seqlens_k', 'backward': True}","{'type': 'attr', 'dtype': 'int', 'range_values': 65, 'name': 'max_seqlen_q'}","{'type': 'attr', 'dtype': 'int', 'range_values': 8, 'name': 'max_seqlen_k'}","{'type': 'attr', 'dtype': 'float', 'range_values': 0.125, 'name': 'softmax_scale'}","{'type': 'attr', 'dtype': 'bool', 'range_values': False, 'name': 'causal'}","[{'type': 'attr_tuple', 'dtype': 'int', 'range_values': -1, 'name': 'window_size'}, {'type': 'attr_tuple', 'dtype': 'int', 'range_values': -1, 'name': 'window_size'}]","{'type': 'attr', 'dtype': 'float', 'range_values': 0.0, 'name': 'softcap'}","{'type': 'attr', 'dtype': 'int', 'range_values': 0, 'name': 'num_splits'}","{'type': 'attr', 'dtype': 'bool', 'range_values': False, 'name': 'deterministic'}","{'type': 'attr', 'dtype': 'bool', 'range_values': False, 'name': 'return_lse'}","{'acc': {'cv_fused_double_benchmark': {'max_re_ratio': 2.0, 'avg_re_ratio': 1.2, 'root_mean_squared_ratio': 1.2}}, 'perf': 'not_key', 'mem': 1.1}",1
132,flash_attn_npu_4.flash_attn_varlen_func,flash_attn_varlen_func_v4_accuracy,"{'type': 'tensor', 'dtype': 'fp16', 'range_values': [-5.0, 5.0], 'shape': [33, 4, 16], 'name': 'q', 'backward': True}","{'type': 'tensor', 'dtype': 'fp16', 'range_values': [-5.0, 5.0], 'shape': [256, 4, 16], 'name': 'k', 'backward': True}","{'type': 'tensor', 'dtype': 'fp16', 'range_values': [-5.0, 5.0], 'shape': [256, 4, 16], 'name': 'v', 'backward': True}","{'type': 'tensor', 'dtype': 'fp16', 'range_values': 'default', 'shape': [33, 4, 16], 'name': 'qv', 'backward': True}","{'type': 'tensor', 'dtype': 'int32', 'range_values': [0, 33], 'shape': [3], 'name': 'cu_seqlens_q', 'backward': True}","{'type': 'tensor', 'dtype': 'int32', 'range_values': [0, 256], 'shape': [3], 'name': 'cu_seqlens_k', 'backward': True}","{'type': 'attr', 'dtype': 'int', 'range_values': 17, 'name': 'max_seqlen_q'}","{'type': 'attr', 'dtype': 'int', 'range_values': 128, 'name': 'max_seqlen_k'}","{'type': 'attr', 'dtype': 'float', 'range_values': 0.125, 'name': 'softmax_scale'}","{'type': 'attr', 'dtype': 'bool', 'range_values': True, 'name': 'causal'}","[{'type': 'attr_tuple', 'dtype': 'int', 'range_values': -1, 'name': 'window_size'}, {'type': 'attr_tuple', 'dtype': 'int', 'range_values': -1, 'name': 'window_size'}]","{'type': 'attr', 'dtype': 'float', 'range_values': 0.0, 'name': 'softcap'}","{'type': 'attr', 'dtype': 'int', 'range_values': 0, 'name': 'num_splits'}","{'type': 'attr', 'dtype': 'bool', 'range_values': False, 'name': 'deterministic'}","{'type': 'attr', 'dtype': 'bool', 'range_values': False, 'name': 'return_lse'}","{'acc': {'cv_fused_double_benchmark': {'max_re_ratio': 2.0, 'avg_re_ratio': 1.2, 'root_mean_squared_ratio': 1.2}}, 'perf': 'not_key', 'mem': 1.1}",1
133,flash_attn_npu_4.flash_attn_varlen_func,flash_attn_varlen_func_v4_accuracy,"{'type': 'tensor', 'dtype': 'fp16', 'range_values': [-5.0, 5.0], 'shape': [16, 4, 32], 'name': 'q', 'backward': True}","{'type': 'tensor', 'dtype': 'fp16', 'range_values': [-5.0, 5.0], 'shape': [129, 4, 32], 'name': 'k', 'backward': True}","{'type': 'tensor', 'dtype': 'fp16', 'range_values': [-5.0, 5.0], 'shape': [129, 4, 32], 'name': 'v', 'backward': True}","{'type': 'tensor', 'dtype': 'fp16', 'range_values': 'default', 'shape': [16, 4, 32], 'name': 'qv', 'backward': True}","{'type': 'tensor', 'dtype': 'int32', 'range_values': [0, 16], 'shape': [3], 'name': 'cu_seqlens_q', 'backward': True}","{'type': 'tensor', 'dtype': 'int32', 'range_values': [0, 129], 'shape': [3], 'name': 'cu_seqlens_k', 'backward': True}","{'type': 'attr', 'dtype': 'int', 'range_values': 8, 'name': 'max_seqlen_q'}","{'type': 'attr', 'dtype': 'int', 'range_values': 65, 'name': 'max_seqlen_k'}","{'type': 'attr', 'dtype': 'float', 'range_values': 0.125, 'name': 'softmax_scale'}","{'type': 'attr', 'dtype': 'bool', 'range_values': False, 'name': 'causal'}","[{'type': 'attr_tuple', 'dtype': 'int', 'range_values': -1, 'name': 'window_size'}, {'type': 'attr_tuple', 'dtype': 'int', 'range_values': -1, 'name': 'window_size'}]","{'type': 'attr', 'dtype': 'float', 'range_values': 0.0, 'name': 'softcap'}","{'type': 'attr', 'dtype': 'int', 'range_values': 0, 'name': 'num_splits'}","{'type': 'attr', 'dtype': 'bool', 'range_values': False, 'name': 'deterministic'}","{'type': 'attr', 'dtype': 'bool', 'range_values': False, 'name': 'return_lse'}","{'acc': {'cv_fused_double_benchmark': {'max_re_ratio': 2.0, 'avg_re_ratio': 1.2, 'root_mean_squared_ratio': 1.2}}, 'perf': 'not_key', 'mem': 1.1}",1
134,flash_attn_npu_4.flash_attn_varlen_func,flash_attn_varlen_func_v4_accuracy,"{'type': 'tensor', 'dtype': 'bf16', 'range_values': [-5.0, 5.0], 'shape': [17, 1, 128], 'name': 'q', 'backward': True}","{'type': 'tensor', 'dtype': 'bf16', 'range_values': [-5.0, 5.0], 'shape': [128, 1, 128], 'name': 'k', 'backward': True}","{'type': 'tensor', 'dtype': 'bf16', 'range_values': [-5.0, 5.0], 'shape': [128, 1, 128], 'name': 'v', 'backward': True}","{'type': 'tensor', 'dtype': 'bf16', 'range_values': 'default', 'shape': [17, 1, 128], 'name': 'qv', 'backward': True}","{'type': 'tensor', 'dtype': 'int32', 'range_values': [0, 17], 'shape': [9], 'name': 'cu_seqlens_q', 'backward': True}","{'type': 'tensor', 'dtype': 'int32', 'range_values': [0, 128], 'shape': [9], 'name': 'cu_seqlens_k', 'backward': True}","{'type': 'attr', 'dtype': 'int', 'range_values': 3, 'name': 'max_seqlen_q'}","{'type': 'attr', 'dtype': 'int', 'range_values': 16, 'name': 'max_seqlen_k'}","{'type': 'attr', 'dtype': 'float', 'range_values': 0.125, 'name': 'softmax_scale'}","{'type': 'attr', 'dtype': 'bool', 'range_values': False, 'name': 'causal'}","[{'type': 'attr_tuple', 'dtype': 'int', 'range_values': -1, 'name': 'window_size'}, {'type': 'attr_tuple', 'dtype': 'int', 'range_values': -1, 'name': 'window_size'}]","{'type': 'attr', 'dtype': 'float', 'range_values': 0.0, 'name': 'softcap'}","{'type': 'attr', 'dtype': 'int', 'range_values': 0, 'name': 'num_splits'}","{'type': 'attr', 'dtype': 'bool', 'range_values': False, 'name': 'deterministic'}","{'type': 'attr', 'dtype': 'bool', 'range_values': False, 'name': 'return_lse'}","{'acc': {'cv_fused_double_benchmark': {'max_re_ratio': 2.0, 'avg_re_ratio': 1.2, 'root_mean_squared_ratio': 1.2}}, 'perf': 'not_key', 'mem': 1.1}",1
135,flash_attn_npu_4.flash_attn_varlen_func,flash_attn_varlen_func_v4_accuracy,"{'type': 'tensor', 'dtype': 'bf16', 'range_values': [-5.0, 5.0], 'shape': [8, 4, 64], 'name': 'q', 'backward': True}","{'type': 'tensor', 'dtype': 'bf16', 'range_values': [-5.0, 5.0], 'shape': [65, 4, 64], 'name': 'k', 'backward': True}","{'type': 'tensor', 'dtype': 'bf16', 'range_values': [-5.0, 5.0], 'shape': [65, 4, 64], 'name': 'v', 'backward': True}","{'type': 'tensor', 'dtype': 'bf16', 'range_values': 'default', 'shape': [8, 4, 64], 'name': 'qv', 'backward': True}","{'type': 'tensor', 'dtype': 'int32', 'range_values': [0, 8], 'shape': [5], 'name': 'cu_seqlens_q', 'backward': True}","{'type': 'tensor', 'dtype': 'int32', 'range_values': [0, 65], 'shape': [5], 'name': 'cu_seqlens_k', 'backward': True}","{'type': 'attr', 'dtype': 'int', 'range_values': 2, 'name': 'max_seqlen_q'}","{'type': 'attr', 'dtype': 'int', 'range_values': 17, 'name': 'max_seqlen_k'}","{'type': 'attr', 'dtype': 'float', 'range_values': 0.125, 'name': 'softmax_scale'}","{'type': 'attr', 'dtype': 'bool', 'range_values': False, 'name': 'causal'}","[{'type': 'attr_tuple', 'dtype': 'int', 'range_values': -1, 'name': 'window_size'}, {'type': 'attr_tuple', 'dtype': 'int', 'range_values': -1, 'name': 'window_size'}]","{'type': 'attr', 'dtype': 'float', 'range_values': 0.0, 'name': 'softcap'}","{'type': 'attr', 'dtype': 'int', 'range_values': 0, 'name': 'num_splits'}","{'type': 'attr', 'dtype': 'bool', 'range_values': False, 'name': 'deterministic'}","{'type': 'attr', 'dtype': 'bool', 'range_values': False, 'name': 'return_lse'}","{'acc': {'cv_fused_double_benchmark': {'max_re_ratio': 2.0, 'avg_re_ratio': 1.2, 'root_mean_squared_ratio': 1.2}}, 'perf': 'not_key', 'mem': 1.1}",1
136,flash_attn_npu_4.flash_attn_varlen_func,flash_attn_varlen_func_v4_accuracy,"{'type': 'tensor', 'dtype': 'fp16', 'range_values': [-5.0, 5.0], 'shape': [7, 8, 64], 'name': 'q', 'backward': True}","{'type': 'tensor', 'dtype': 'fp16', 'range_values': [-5.0, 5.0], 'shape': [257, 1, 64], 'name': 'k', 'backward': True}","{'type': 'tensor', 'dtype': 'fp16', 'range_values': [-5.0, 5.0], 'shape': [257, 1, 64], 'name': 'v', 'backward': True}","{'type': 'tensor', 'dtype': 'fp16', 'range_values': 'default', 'shape': [7, 8, 64], 'name': 'qv', 'backward': True}","{'type': 'tensor', 'dtype': 'int32', 'range_values': [0, 7], 'shape': [2], 'name': 'cu_seqlens_q', 'backward': True}","{'type': 'tensor', 'dtype': 'int32', 'range_values': [0, 257], 'shape': [2], 'name': 'cu_seqlens_k', 'backward': True}","{'type': 'attr', 'dtype': 'int', 'range_values': 7, 'name': 'max_seqlen_q'}","{'type': 'attr', 'dtype': 'int', 'range_values': 257, 'name': 'max_seqlen_k'}","{'type': 'attr', 'dtype': 'float', 'range_values': 0.125, 'name': 'softmax_scale'}","{'type': 'attr', 'dtype': 'bool', 'range_values': False, 'name': 'causal'}","[{'type': 'attr_tuple', 'dtype': 'int', 'range_values': -1, 'name': 'window_size'}, {'type': 'attr_tuple', 'dtype': 'int', 'range_values': -1, 'name': 'window_size'}]","{'type': 'attr', 'dtype': 'float', 'range_values': 0.0, 'name': 'softcap'}","{'type': 'attr', 'dtype': 'int', 'range_values': 0, 'name': 'num_splits'}","{'type': 'attr', 'dtype': 'bool', 'range_values': False, 'name': 'deterministic'}","{'type': 'attr', 'dtype': 'bool', 'range_values': False, 'name': 'return_lse'}","{'acc': {'cv_fused_double_benchmark': {'max_re_ratio': 2.0, 'avg_re_ratio': 1.2, 'root_mean_squared_ratio': 1.2}}, 'perf': 'not_key', 'mem': 1.1}",1
137,flash_attn_npu_4.flash_attn_varlen_func,flash_attn_varlen_func_v4_accuracy,"{'type': 'tensor', 'dtype': 'bf16', 'range_values': [-5.0, 5.0], 'shape': [31, 2, 64], 'name': 'q', 'backward': True}","{'type': 'tensor', 'dtype': 'bf16', 'range_values': [-5.0, 5.0], 'shape': [128, 2, 64], 'name': 'k', 'backward': True}","{'type': 'tensor', 'dtype': 'bf16', 'range_values': [-5.0, 5.0], 'shape': [128, 2, 64], 'name': 'v', 'backward': True}","{'type': 'tensor', 'dtype': 'bf16', 'range_values': 'default', 'shape': [31, 2, 64], 'name': 'qv', 'backward': True}","{'type': 'tensor', 'dtype': 'int32', 'range_values': [0, 31], 'shape': [9], 'name': 'cu_seqlens_q', 'backward': True}","{'type': 'tensor', 'dtype': 'int32', 'range_values': [0, 128], 'shape': [9], 'name': 'cu_seqlens_k', 'backward': True}","{'type': 'attr', 'dtype': 'int', 'range_values': 4, 'name': 'max_seqlen_q'}","{'type': 'attr', 'dtype': 'int', 'range_values': 16, 'name': 'max_seqlen_k'}","{'type': 'attr', 'dtype': 'float', 'range_values': 0.125, 'name': 'softmax_scale'}","{'type': 'attr', 'dtype': 'bool', 'range_values': True, 'name': 'causal'}","[{'type': 'attr_tuple', 'dtype': 'int', 'range_values': -1, 'name': 'window_size'}, {'type': 'attr_tuple', 'dtype': 'int', 'range_values': -1, 'name': 'window_size'}]","{'type': 'attr', 'dtype': 'float', 'range_values': 0.0, 'name': 'softcap'}","{'type': 'attr', 'dtype': 'int', 'range_values': 0, 'name': 'num_splits'}","{'type': 'attr', 'dtype': 'bool', 'range_values': False, 'name': 'deterministic'}","{'type': 'attr', 'dtype': 'bool', 'range_values': False, 'name': 'return_lse'}","{'acc': {'cv_fused_double_benchmark': {'max_re_ratio': 2.0, 'avg_re_ratio': 1.2, 'root_mean_squared_ratio': 1.2}}, 'perf': 'not_key', 'mem': 1.1}",1
138,flash_attn_npu_4.flash_attn_varlen_func,flash_attn_varlen_func_v4_accuracy,"{'type': 'tensor', 'dtype': 'bf16', 'range_values': [-5.0, 5.0], 'shape': [65, 1, 256], 'name': 'q', 'backward': True}","{'type': 'tensor', 'dtype': 'bf16', 'range_values': [-5.0, 5.0], 'shape': [15, 1, 256], 'name': 'k', 'backward': True}","{'type': 'tensor', 'dtype': 'bf16', 'range_values': [-5.0, 5.0], 'shape': [15, 1, 256], 'name': 'v', 'backward': True}","{'type': 'tensor', 'dtype': 'bf16', 'range_values': 'default', 'shape': [65, 1, 256], 'name': 'qv', 'backward': True}","{'type': 'tensor', 'dtype': 'int32', 'range_values': [0, 65], 'shape': [2], 'name': 'cu_seqlens_q', 'backward': True}","{'type': 'tensor', 'dtype': 'int32', 'range_values': [0, 15], 'shape': [2], 'name': 'cu_seqlens_k', 'backward': True}","{'type': 'attr', 'dtype': 'int', 'range_values': 65, 'name': 'max_seqlen_q'}","{'type': 'attr', 'dtype': 'int', 'range_values': 15, 'name': 'max_seqlen_k'}","{'type': 'attr', 'dtype': 'float', 'range_values': 0.125, 'name': 'softmax_scale'}","{'type': 'attr', 'dtype': 'bool', 'range_values': False, 'name': 'causal'}","[{'type': 'attr_tuple', 'dtype': 'int', 'range_values': -1, 'name': 'window_size'}, {'type': 'attr_tuple', 'dtype': 'int', 'range_values': -1, 'name': 'window_size'}]","{'type': 'attr', 'dtype': 'float', 'range_values': 0.0, 'name': 'softcap'}","{'type': 'attr', 'dtype': 'int', 'range_values': 0, 'name': 'num_splits'}","{'type': 'attr', 'dtype': 'bool', 'range_values': False, 'name': 'deterministic'}","{'type': 'attr', 'dtype': 'bool', 'range_values': False, 'name': 'return_lse'}","{'acc': {'cv_fused_double_benchmark': {'max_re_ratio': 2.0, 'avg_re_ratio': 1.2, 'root_mean_squared_ratio': 1.2}}, 'perf': 'not_key', 'mem': 1.1}",1
139,flash_attn_npu_4.flash_attn_varlen_func,flash_attn_varlen_func_v4_accuracy,"{'type': 'tensor', 'dtype': 'bf16', 'range_values': [-5.0, 5.0], 'shape': [15, 2, 128], 'name': 'q', 'backward': True}","{'type': 'tensor', 'dtype': 'bf16', 'range_values': [-5.0, 5.0], 'shape': [65, 2, 128], 'name': 'k', 'backward': True}","{'type': 'tensor', 'dtype': 'bf16', 'range_values': [-5.0, 5.0], 'shape': [65, 2, 128], 'name': 'v', 'backward': True}","{'type': 'tensor', 'dtype': 'bf16', 'range_values': 'default', 'shape': [15, 2, 128], 'name': 'qv', 'backward': True}","{'type': 'tensor', 'dtype': 'int32', 'range_values': [0, 15], 'shape': [5], 'name': 'cu_seqlens_q', 'backward': True}","{'type': 'tensor', 'dtype': 'int32', 'range_values': [0, 65], 'shape': [5], 'name': 'cu_seqlens_k', 'backward': True}","{'type': 'attr', 'dtype': 'int', 'range_values': 4, 'name': 'max_seqlen_q'}","{'type': 'attr', 'dtype': 'int', 'range_values': 17, 'name': 'max_seqlen_k'}","{'type': 'attr', 'dtype': 'float', 'range_values': 0.125, 'name': 'softmax_scale'}","{'type': 'attr', 'dtype': 'bool', 'range_values': True, 'name': 'causal'}","[{'type': 'attr_tuple', 'dtype': 'int', 'range_values': -1, 'name': 'window_size'}, {'type': 'attr_tuple', 'dtype': 'int', 'range_values': -1, 'name': 'window_size'}]","{'type': 'attr', 'dtype': 'float', 'range_values': 0.0, 'name': 'softcap'}","{'type': 'attr', 'dtype': 'int', 'range_values': 0, 'name': 'num_splits'}","{'type': 'attr', 'dtype': 'bool', 'range_values': False, 'name': 'deterministic'}","{'type': 'attr', 'dtype': 'bool', 'range_values': False, 'name': 'return_lse'}","{'acc': {'cv_fused_double_benchmark': {'max_re_ratio': 2.0, 'avg_re_ratio': 1.2, 'root_mean_squared_ratio': 1.2}}, 'perf': 'not_key', 'mem': 1.1}",1
140,flash_attn_npu_4.flash_attn_varlen_func,flash_attn_varlen_func_v4_accuracy,"{'type': 'tensor', 'dtype': 'fp16', 'range_values': [-5.0, 5.0], 'shape': [128, 8, 16], 'name': 'q', 'backward': True}","{'type': 'tensor', 'dtype': 'fp16', 'range_values': [-5.0, 5.0], 'shape': [257, 1, 16], 'name': 'k', 'backward': True}","{'type': 'tensor', 'dtype': 'fp16', 'range_values': [-5.0, 5.0], 'shape': [257, 1, 16], 'name': 'v', 'backward': True}","{'type': 'tensor', 'dtype': 'fp16', 'range_values': 'default', 'shape': [128, 8, 16], 'name': 'qv', 'backward': True}","{'type': 'tensor', 'dtype': 'int32', 'range_values': [0, 128], 'shape': [3], 'name': 'cu_seqlens_q', 'backward': True}","{'type': 'tensor', 'dtype': 'int32', 'range_values': [0, 257], 'shape': [3], 'name': 'cu_seqlens_k', 'backward': True}","{'type': 'attr', 'dtype': 'int', 'range_values': 64, 'name': 'max_seqlen_q'}","{'type': 'attr', 'dtype': 'int', 'range_values': 129, 'name': 'max_seqlen_k'}","{'type': 'attr', 'dtype': 'float', 'range_values': 0.125, 'name': 'softmax_scale'}","{'type': 'attr', 'dtype': 'bool', 'range_values': True, 'name': 'causal'}","[{'type': 'attr_tuple', 'dtype': 'int', 'range_values': -1, 'name': 'window_size'}, {'type': 'attr_tuple', 'dtype': 'int', 'range_values': -1, 'name': 'window_size'}]","{'type': 'attr', 'dtype': 'float', 'range_values': 0.0, 'name': 'softcap'}","{'type': 'attr', 'dtype': 'int', 'range_values': 0, 'name': 'num_splits'}","{'type': 'attr', 'dtype': 'bool', 'range_values': False, 'name': 'deterministic'}","{'type': 'attr', 'dtype': 'bool', 'range_values': False, 'name': 'return_lse'}","{'acc': {'cv_fused_double_benchmark': {'max_re_ratio': 2.0, 'avg_re_ratio': 1.2, 'root_mean_squared_ratio': 1.2}}, 'perf': 'not_key', 'mem': 1.1}",1
141,flash_attn_npu_4.flash_attn_varlen_func,flash_attn_varlen_func_v4_accuracy,"{'type': 'tensor', 'dtype': 'bf16', 'range_values': [-5.0, 5.0], 'shape': [17, 8, 128], 'name': 'q', 'backward': True}","{'type': 'tensor', 'dtype': 'bf16', 'range_values': [-5.0, 5.0], 'shape': [32, 1, 128], 'name': 'k', 'backward': True}","{'type': 'tensor', 'dtype': 'bf16', 'range_values': [-5.0, 5.0], 'shape': [32, 1, 128], 'name': 'v', 'backward': True}","{'type': 'tensor', 'dtype': 'bf16', 'range_values': 'default', 'shape': [17, 8, 128], 'name': 'qv', 'backward': True}","{'type': 'tensor', 'dtype': 'int32', 'range_values': [0, 17], 'shape': [9], 'name': 'cu_seqlens_q', 'backward': True}","{'type': 'tensor', 'dtype': 'int32', 'range_values': [0, 32], 'shape': [9], 'name': 'cu_seqlens_k', 'backward': True}","{'type': 'attr', 'dtype': 'int', 'range_values': 3, 'name': 'max_seqlen_q'}","{'type': 'attr', 'dtype': 'int', 'range_values': 4, 'name': 'max_seqlen_k'}","{'type': 'attr', 'dtype': 'float', 'range_values': 0.125, 'name': 'softmax_scale'}","{'type': 'attr', 'dtype': 'bool', 'range_values': True, 'name': 'causal'}","[{'type': 'attr_tuple', 'dtype': 'int', 'range_values': -1, 'name': 'window_size'}, {'type': 'attr_tuple', 'dtype': 'int', 'range_values': -1, 'name': 'window_size'}]","{'type': 'attr', 'dtype': 'float', 'range_values': 0.0, 'name': 'softcap'}","{'type': 'attr', 'dtype': 'int', 'range_values': 0, 'name': 'num_splits'}","{'type': 'attr', 'dtype': 'bool', 'range_values': False, 'name': 'deterministic'}","{'type': 'attr', 'dtype': 'bool', 'range_values': False, 'name': 'return_lse'}","{'acc': {'cv_fused_double_benchmark': {'max_re_ratio': 2.0, 'avg_re_ratio': 1.2, 'root_mean_squared_ratio': 1.2}}, 'perf': 'not_key', 'mem': 1.1}",1
142,flash_attn_npu_4.flash_attn_varlen_func,flash_attn_varlen_func_v4_accuracy,"{'type': 'tensor', 'dtype': 'fp16', 'range_values': [-5.0, 5.0], 'shape': [2, 16, 256], 'name': 'q', 'backward': True}","{'type': 'tensor', 'dtype': 'fp16', 'range_values': [-5.0, 5.0], 'shape': [4, 16, 256], 'name': 'k', 'backward': True}","{'type': 'tensor', 'dtype': 'fp16', 'range_values': [-5.0, 5.0], 'shape': [4, 16, 256], 'name': 'v', 'backward': True}","{'type': 'tensor', 'dtype': 'fp16', 'range_values': 'default', 'shape': [2, 16, 256], 'name': 'qv', 'backward': True}","{'type': 'tensor', 'dtype': 'int32', 'range_values': [0, 2], 'shape': [3], 'name': 'cu_seqlens_q', 'backward': True}","{'type': 'tensor', 'dtype': 'int32', 'range_values': [0, 4], 'shape': [3], 'name': 'cu_seqlens_k', 'backward': True}","{'type': 'attr', 'dtype': 'int', 'range_values': 1, 'name': 'max_seqlen_q'}","{'type': 'attr', 'dtype': 'int', 'range_values': 2, 'name': 'max_seqlen_k'}","{'type': 'attr', 'dtype': 'float', 'range_values': 0.125, 'name': 'softmax_scale'}","{'type': 'attr', 'dtype': 'bool', 'range_values': True, 'name': 'causal'}","[{'type': 'attr_tuple', 'dtype': 'int', 'range_values': -1, 'name': 'window_size'}, {'type': 'attr_tuple', 'dtype': 'int', 'range_values': -1, 'name': 'window_size'}]","{'type': 'attr', 'dtype': 'float', 'range_values': 0.0, 'name': 'softcap'}","{'type': 'attr', 'dtype': 'int', 'range_values': 0, 'name': 'num_splits'}","{'type': 'attr', 'dtype': 'bool', 'range_values': False, 'name': 'deterministic'}","{'type': 'attr', 'dtype': 'bool', 'range_values': False, 'name': 'return_lse'}","{'acc': {'cv_fused_double_benchmark': {'max_re_ratio': 2.0, 'avg_re_ratio': 1.2, 'root_mean_squared_ratio': 1.2}}, 'perf': 'not_key', 'mem': 1.1}",1
143,flash_attn_npu_4.flash_attn_varlen_func,flash_attn_varlen_func_v4_accuracy,"{'type': 'tensor', 'dtype': 'bf16', 'range_values': [-5.0, 5.0], 'shape': [32, 4, 64], 'name': 'q', 'backward': True}","{'type': 'tensor', 'dtype': 'bf16', 'range_values': [-5.0, 5.0], 'shape': [256, 1, 64], 'name': 'k', 'backward': True}","{'type': 'tensor', 'dtype': 'bf16', 'range_values': [-5.0, 5.0], 'shape': [256, 1, 64], 'name': 'v', 'backward': True}","{'type': 'tensor', 'dtype': 'bf16', 'range_values': 'default', 'shape': [32, 4, 64], 'name': 'qv', 'backward': True}","{'type': 'tensor', 'dtype': 'int32', 'range_values': [0, 32], 'shape': [9], 'name': 'cu_seqlens_q', 'backward': True}","{'type': 'tensor', 'dtype': 'int32', 'range_values': [0, 256], 'shape': [9], 'name': 'cu_seqlens_k', 'backward': True}","{'type': 'attr', 'dtype': 'int', 'range_values': 4, 'name': 'max_seqlen_q'}","{'type': 'attr', 'dtype': 'int', 'range_values': 32, 'name': 'max_seqlen_k'}","{'type': 'attr', 'dtype': 'float', 'range_values': 0.125, 'name': 'softmax_scale'}","{'type': 'attr', 'dtype': 'bool', 'range_values': True, 'name': 'causal'}","[{'type': 'attr_tuple', 'dtype': 'int', 'range_values': -1, 'name': 'window_size'}, {'type': 'attr_tuple', 'dtype': 'int', 'range_values': -1, 'name': 'window_size'}]","{'type': 'attr', 'dtype': 'float', 'range_values': 0.0, 'name': 'softcap'}","{'type': 'attr', 'dtype': 'int', 'range_values': 0, 'name': 'num_splits'}","{'type': 'attr', 'dtype': 'bool', 'range_values': False, 'name': 'deterministic'}","{'type': 'attr', 'dtype': 'bool', 'range_values': False, 'name': 'return_lse'}","{'acc': {'cv_fused_double_benchmark': {'max_re_ratio': 2.0, 'avg_re_ratio': 1.2, 'root_mean_squared_ratio': 1.2}}, 'perf': 'not_key', 'mem': 1.1}",1
144,flash_attn_npu_4.flash_attn_varlen_func,flash_attn_varlen_func_v4_accuracy,"{'type': 'tensor', 'dtype': 'bf16', 'range_values': [-5.0, 5.0], 'shape': [128, 2, 32], 'name': 'q', 'backward': True}","{'type': 'tensor', 'dtype': 'bf16', 'range_values': [-5.0, 5.0], 'shape': [257, 2, 32], 'name': 'k', 'backward': True}","{'type': 'tensor', 'dtype': 'bf16', 'range_values': [-5.0, 5.0], 'shape': [257, 2, 32], 'name': 'v', 'backward': True}","{'type': 'tensor', 'dtype': 'bf16', 'range_values': 'default', 'shape': [128, 2, 32], 'name': 'qv', 'backward': True}","{'type': 'tensor', 'dtype': 'int32', 'range_values': [0, 128], 'shape': [2], 'name': 'cu_seqlens_q', 'backward': True}","{'type': 'tensor', 'dtype': 'int32', 'range_values': [0, 257], 'shape': [2], 'name': 'cu_seqlens_k', 'backward': True}","{'type': 'attr', 'dtype': 'int', 'range_values': 128, 'name': 'max_seqlen_q'}","{'type': 'attr', 'dtype': 'int', 'range_values': 257, 'name': 'max_seqlen_k'}","{'type': 'attr', 'dtype': 'float', 'range_values': 0.125, 'name': 'softmax_scale'}","{'type': 'attr', 'dtype': 'bool', 'range_values': True, 'name': 'causal'}","[{'type': 'attr_tuple', 'dtype': 'int', 'range_values': -1, 'name': 'window_size'}, {'type': 'attr_tuple', 'dtype': 'int', 'range_values': -1, 'name': 'window_size'}]","{'type': 'attr', 'dtype': 'float', 'range_values': 0.0, 'name': 'softcap'}","{'type': 'attr', 'dtype': 'int', 'range_values': 0, 'name': 'num_splits'}","{'type': 'attr', 'dtype': 'bool', 'range_values': False, 'name': 'deterministic'}","{'type': 'attr', 'dtype': 'bool', 'range_values': False, 'name': 'return_lse'}","{'acc': {'cv_fused_double_benchmark': {'max_re_ratio': 2.0, 'avg_re_ratio': 1.2, 'root_mean_squared_ratio': 1.2}}, 'perf': 'not_key', 'mem': 1.1}",1
145,flash_attn_npu_4.flash_attn_varlen_func,flash_attn_varlen_func_v4_accuracy,"{'type': 'tensor', 'dtype': 'fp16', 'range_values': [-5.0, 5.0], 'shape': [17, 8, 128], 'name': 'q', 'backward': True}","{'type': 'tensor', 'dtype': 'fp16', 'range_values': [-5.0, 5.0], 'shape': [15, 4, 128], 'name': 'k', 'backward': True}","{'type': 'tensor', 'dtype': 'fp16', 'range_values': [-5.0, 5.0], 'shape': [15, 4, 128], 'name': 'v', 'backward': True}","{'type': 'tensor', 'dtype': 'fp16', 'range_values': 'default', 'shape': [17, 8, 128], 'name': 'qv', 'backward': True}","{'type': 'tensor', 'dtype': 'int32', 'range_values': [0, 17], 'shape': [2], 'name': 'cu_seqlens_q', 'backward': True}","{'type': 'tensor', 'dtype': 'int32', 'range_values': [0, 15], 'shape': [2], 'name': 'cu_seqlens_k', 'backward': True}","{'type': 'attr', 'dtype': 'int', 'range_values': 17, 'name': 'max_seqlen_q'}","{'type': 'attr', 'dtype': 'int', 'range_values': 15, 'name': 'max_seqlen_k'}","{'type': 'attr', 'dtype': 'float', 'range_values': 0.125, 'name': 'softmax_scale'}","{'type': 'attr', 'dtype': 'bool', 'range_values': False, 'name': 'causal'}","[{'type': 'attr_tuple', 'dtype': 'int', 'range_values': -1, 'name': 'window_size'}, {'type': 'attr_tuple', 'dtype': 'int', 'range_values': -1, 'name': 'window_size'}]","{'type': 'attr', 'dtype': 'float', 'range_values': 0.0, 'name': 'softcap'}","{'type': 'attr', 'dtype': 'int', 'range_values': 0, 'name': 'num_splits'}","{'type': 'attr', 'dtype': 'bool', 'range_values': False, 'name': 'deterministic'}","{'type': 'attr', 'dtype': 'bool', 'range_values': False, 'name': 'return_lse'}","{'acc': {'cv_fused_double_benchmark': {'max_re_ratio': 2.0, 'avg_re_ratio': 1.2, 'root_mean_squared_ratio': 1.2}}, 'perf': 'not_key', 'mem': 1.1}",1
146,flash_attn_npu_4.flash_attn_varlen_func,flash_attn_varlen_func_v4_accuracy,"{'type': 'tensor', 'dtype': 'fp16', 'range_values': [-5.0, 5.0], 'shape': [128, 2, 64], 'name': 'q', 'backward': True}","{'type': 'tensor', 'dtype': 'fp16', 'range_values': [-5.0, 5.0], 'shape': [96, 2, 64], 'name': 'k', 'backward': True}","{'type': 'tensor', 'dtype': 'fp16', 'range_values': [-5.0, 5.0], 'shape': [96, 2, 64], 'name': 'v', 'backward': True}","{'type': 'tensor', 'dtype': 'fp16', 'range_values': 'default', 'shape': [128, 2, 64], 'name': 'qv', 'backward': True}","{'type': 'tensor', 'dtype': 'int32', 'range_values': [0, 128], 'shape': [9], 'name': 'cu_seqlens_q', 'backward': True}","{'type': 'tensor', 'dtype': 'int32', 'range_values': [0, 96], 'shape': [9], 'name': 'cu_seqlens_k', 'backward': True}","{'type': 'attr', 'dtype': 'int', 'range_values': 16, 'name': 'max_seqlen_q'}","{'type': 'attr', 'dtype': 'int', 'range_values': 12, 'name': 'max_seqlen_k'}","{'type': 'attr', 'dtype': 'float', 'range_values': 0.125, 'name': 'softmax_scale'}","{'type': 'attr', 'dtype': 'bool', 'range_values': False, 'name': 'causal'}","[{'type': 'attr_tuple', 'dtype': 'int', 'range_values': -1, 'name': 'window_size'}, {'type': 'attr_tuple', 'dtype': 'int', 'range_values': -1, 'name': 'window_size'}]","{'type': 'attr', 'dtype': 'float', 'range_values': 0.0, 'name': 'softcap'}","{'type': 'attr', 'dtype': 'int', 'range_values': 0, 'name': 'num_splits'}","{'type': 'attr', 'dtype': 'bool', 'range_values': False, 'name': 'deterministic'}","{'type': 'attr', 'dtype': 'bool', 'range_values': False, 'name': 'return_lse'}","{'acc': {'cv_fused_double_benchmark': {'max_re_ratio': 2.0, 'avg_re_ratio': 1.2, 'root_mean_squared_ratio': 1.2}}, 'perf': 'not_key', 'mem': 1.1}",1
147,flash_attn_npu_4.flash_attn_varlen_func,flash_attn_varlen_func_v4_accuracy,"{'type': 'tensor', 'dtype': 'fp16', 'range_values': [-5.0, 5.0], 'shape': [65, 4, 64], 'name': 'q', 'backward': True}","{'type': 'tensor', 'dtype': 'fp16', 'range_values': [-5.0, 5.0], 'shape': [96, 2, 64], 'name': 'k', 'backward': True}","{'type': 'tensor', 'dtype': 'fp16', 'range_values': [-5.0, 5.0], 'shape': [96, 2, 64], 'name': 'v', 'backward': True}","{'type': 'tensor', 'dtype': 'fp16', 'range_values': 'default', 'shape': [65, 4, 64], 'name': 'qv', 'backward': True}","{'type': 'tensor', 'dtype': 'int32', 'range_values': [0, 65], 'shape': [5], 'name': 'cu_seqlens_q', 'backward': True}","{'type': 'tensor', 'dtype': 'int32', 'range_values': [0, 96], 'shape': [5], 'name': 'cu_seqlens_k', 'backward': True}","{'type': 'attr', 'dtype': 'int', 'range_values': 17, 'name': 'max_seqlen_q'}","{'type': 'attr', 'dtype': 'int', 'range_values': 24, 'name': 'max_seqlen_k'}","{'type': 'attr', 'dtype': 'float', 'range_values': 0.125, 'name': 'softmax_scale'}","{'type': 'attr', 'dtype': 'bool', 'range_values': True, 'name': 'causal'}","[{'type': 'attr_tuple', 'dtype': 'int', 'range_values': -1, 'name': 'window_size'}, {'type': 'attr_tuple', 'dtype': 'int', 'range_values': -1, 'name': 'window_size'}]","{'type': 'attr', 'dtype': 'float', 'range_values': 0.0, 'name': 'softcap'}","{'type': 'attr', 'dtype': 'int', 'range_values': 0, 'name': 'num_splits'}","{'type': 'attr', 'dtype': 'bool', 'range_values': False, 'name': 'deterministic'}","{'type': 'attr', 'dtype': 'bool', 'range_values': False, 'name': 'return_lse'}","{'acc': {'cv_fused_double_benchmark': {'max_re_ratio': 2.0, 'avg_re_ratio': 1.2, 'root_mean_squared_ratio': 1.2}}, 'perf': 'not_key', 'mem': 1.1}",1
148,flash_attn_npu_4.flash_attn_varlen_func,flash_attn_varlen_func_v4_accuracy,"{'type': 'tensor', 'dtype': 'bf16', 'range_values': [-5.0, 5.0], 'shape': [15, 4, 256], 'name': 'q', 'backward': True}","{'type': 'tensor', 'dtype': 'bf16', 'range_values': [-5.0, 5.0], 'shape': [32, 2, 256], 'name': 'k', 'backward': True}","{'type': 'tensor', 'dtype': 'bf16', 'range_values': [-5.0, 5.0], 'shape': [32, 2, 256], 'name': 'v', 'backward': True}","{'type': 'tensor', 'dtype': 'bf16', 'range_values': 'default', 'shape': [15, 4, 256], 'name': 'qv', 'backward': True}","{'type': 'tensor', 'dtype': 'int32', 'range_values': [0, 15], 'shape': [9], 'name': 'cu_seqlens_q', 'backward': True}","{'type': 'tensor', 'dtype': 'int32', 'range_values': [0, 32], 'shape': [9], 'name': 'cu_seqlens_k', 'backward': True}","{'type': 'attr', 'dtype': 'int', 'range_values': 2, 'name': 'max_seqlen_q'}","{'type': 'attr', 'dtype': 'int', 'range_values': 4, 'name': 'max_seqlen_k'}","{'type': 'attr', 'dtype': 'float', 'range_values': 0.125, 'name': 'softmax_scale'}","{'type': 'attr', 'dtype': 'bool', 'range_values': True, 'name': 'causal'}","[{'type': 'attr_tuple', 'dtype': 'int', 'range_values': -1, 'name': 'window_size'}, {'type': 'attr_tuple', 'dtype': 'int', 'range_values': -1, 'name': 'window_size'}]","{'type': 'attr', 'dtype': 'float', 'range_values': 0.0, 'name': 'softcap'}","{'type': 'attr', 'dtype': 'int', 'range_values': 0, 'name': 'num_splits'}","{'type': 'attr', 'dtype': 'bool', 'range_values': False, 'name': 'deterministic'}","{'type': 'attr', 'dtype': 'bool', 'range_values': False, 'name': 'return_lse'}","{'acc': {'cv_fused_double_benchmark': {'max_re_ratio': 2.0, 'avg_re_ratio': 1.2, 'root_mean_squared_ratio': 1.2}}, 'perf': 'not_key', 'mem': 1.1}",1
149,flash_attn_npu_4.flash_attn_varlen_func,flash_attn_varlen_func_v4_accuracy,"{'type': 'tensor', 'dtype': 'fp16', 'range_values': [-5.0, 5.0], 'shape': [64, 2, 128], 'name': 'q', 'backward': True}","{'type': 'tensor', 'dtype': 'fp16', 'range_values': [-5.0, 5.0], 'shape': [64, 2, 128], 'name': 'k', 'backward': True}","{'type': 'tensor', 'dtype': 'fp16', 'range_values': [-5.0, 5.0], 'shape': [64, 2, 128], 'name': 'v', 'backward': True}","{'type': 'tensor', 'dtype': 'fp16', 'range_values': 'default', 'shape': [64, 2, 128], 'name': 'qv', 'backward': True}","{'type': 'tensor', 'dtype': 'int32', 'range_values': [0, 64], 'shape': [3], 'name': 'cu_seqlens_q', 'backward': True}","{'type': 'tensor', 'dtype': 'int32', 'range_values': [0, 64], 'shape': [3], 'name': 'cu_seqlens_k', 'backward': True}","{'type': 'attr', 'dtype': 'int', 'range_values': 32, 'name': 'max_seqlen_q'}","{'type': 'attr', 'dtype': 'int', 'range_values': 32, 'name': 'max_seqlen_k'}","{'type': 'attr', 'dtype': 'float', 'range_values': 0.125, 'name': 'softmax_scale'}","{'type': 'attr', 'dtype': 'bool', 'range_values': True, 'name': 'causal'}","[{'type': 'attr_tuple', 'dtype': 'int', 'range_values': -1, 'name': 'window_size'}, {'type': 'attr_tuple', 'dtype': 'int', 'range_values': -1, 'name': 'window_size'}]","{'type': 'attr', 'dtype': 'float', 'range_values': 0.0, 'name': 'softcap'}","{'type': 'attr', 'dtype': 'int', 'range_values': 0, 'name': 'num_splits'}","{'type': 'attr', 'dtype': 'bool', 'range_values': False, 'name': 'deterministic'}","{'type': 'attr', 'dtype': 'bool', 'range_values': False, 'name': 'return_lse'}","{'acc': {'cv_fused_double_benchmark': {'max_re_ratio': 2.0, 'avg_re_ratio': 1.2, 'root_mean_squared_ratio': 1.2}}, 'perf': 'not_key', 'mem': 1.1}",1
150,flash_attn_npu_4.flash_attn_varlen_func,flash_attn_varlen_func_v4_accuracy,"{'type': 'tensor', 'dtype': 'bf16', 'range_values': [-5.0, 5.0], 'shape': [32, 8, 64], 'name': 'q', 'backward': True}","{'type': 'tensor', 'dtype': 'bf16', 'range_values': [-5.0, 5.0], 'shape': [32, 8, 64], 'name': 'k', 'backward': True}","{'type': 'tensor', 'dtype': 'bf16', 'range_values': [-5.0, 5.0], 'shape': [32, 8, 64], 'name': 'v', 'backward': True}","{'type': 'tensor', 'dtype': 'bf16', 'range_values': 'default', 'shape': [32, 8, 64], 'name': 'qv', 'backward': True}","{'type': 'tensor', 'dtype': 'int32', 'range_values': [0, 32], 'shape': [3], 'name': 'cu_seqlens_q', 'backward': True}","{'type': 'tensor', 'dtype': 'int32', 'range_values': [0, 32], 'shape': [3], 'name': 'cu_seqlens_k', 'backward': True}","{'type': 'attr', 'dtype': 'int', 'range_values': 16, 'name': 'max_seqlen_q'}","{'type': 'attr', 'dtype': 'int', 'range_values': 16, 'name': 'max_seqlen_k'}","{'type': 'attr', 'dtype': 'float', 'range_values': 0.125, 'name': 'softmax_scale'}","{'type': 'attr', 'dtype': 'bool', 'range_values': True, 'name': 'causal'}","[{'type': 'attr_tuple', 'dtype': 'int', 'range_values': -1, 'name': 'window_size'}, {'type': 'attr_tuple', 'dtype': 'int', 'range_values': -1, 'name': 'window_size'}]","{'type': 'attr', 'dtype': 'float', 'range_values': 0.0, 'name': 'softcap'}","{'type': 'attr', 'dtype': 'int', 'range_values': 0, 'name': 'num_splits'}","{'type': 'attr', 'dtype': 'bool', 'range_values': False, 'name': 'deterministic'}","{'type': 'attr', 'dtype': 'bool', 'range_values': False, 'name': 'return_lse'}","{'acc': {'cv_fused_double_benchmark': {'max_re_ratio': 2.0, 'avg_re_ratio': 1.2, 'root_mean_squared_ratio': 1.2}}, 'perf': 'not_key', 'mem': 1.1}",1
151,flash_attn_npu_4.flash_attn_varlen_func,flash_attn_varlen_func_v4_accuracy,"{'type': 'tensor', 'dtype': 'fp16', 'range_values': [-5.0, 5.0], 'shape': [32, 4, 64], 'name': 'q', 'backward': True}","{'type': 'tensor', 'dtype': 'fp16', 'range_values': [-5.0, 5.0], 'shape': [96, 4, 64], 'name': 'k', 'backward': True}","{'type': 'tensor', 'dtype': 'fp16', 'range_values': [-5.0, 5.0], 'shape': [96, 4, 64], 'name': 'v', 'backward': True}","{'type': 'tensor', 'dtype': 'fp16', 'range_values': 'default', 'shape': [32, 4, 64], 'name': 'qv', 'backward': True}","{'type': 'tensor', 'dtype': 'int32', 'range_values': [0, 32], 'shape': [9], 'name': 'cu_seqlens_q', 'backward': True}","{'type': 'tensor', 'dtype': 'int32', 'range_values': [0, 96], 'shape': [9], 'name': 'cu_seqlens_k', 'backward': True}","{'type': 'attr', 'dtype': 'int', 'range_values': 4, 'name': 'max_seqlen_q'}","{'type': 'attr', 'dtype': 'int', 'range_values': 12, 'name': 'max_seqlen_k'}","{'type': 'attr', 'dtype': 'float', 'range_values': 0.125, 'name': 'softmax_scale'}","{'type': 'attr', 'dtype': 'bool', 'range_values': False, 'name': 'causal'}","[{'type': 'attr_tuple', 'dtype': 'int', 'range_values': -1, 'name': 'window_size'}, {'type': 'attr_tuple', 'dtype': 'int', 'range_values': -1, 'name': 'window_size'}]","{'type': 'attr', 'dtype': 'float', 'range_values': 0.0, 'name': 'softcap'}","{'type': 'attr', 'dtype': 'int', 'range_values': 0, 'name': 'num_splits'}","{'type': 'attr', 'dtype': 'bool', 'range_values': False, 'name': 'deterministic'}","{'type': 'attr', 'dtype': 'bool', 'range_values': False, 'name': 'return_lse'}","{'acc': {'cv_fused_double_benchmark': {'max_re_ratio': 2.0, 'avg_re_ratio': 1.2, 'root_mean_squared_ratio': 1.2}}, 'perf': 'not_key', 'mem': 1.1}",1
152,flash_attn_npu_4.flash_attn_varlen_func,flash_attn_varlen_func_v4_accuracy,"{'type': 'tensor', 'dtype': 'bf16', 'range_values': [-5.0, 5.0], 'shape': [257, 4, 32], 'name': 'q', 'backward': True}","{'type': 'tensor', 'dtype': 'bf16', 'range_values': [-5.0, 5.0], 'shape': [2, 1, 32], 'name': 'k', 'backward': True}","{'type': 'tensor', 'dtype': 'bf16', 'range_values': [-5.0, 5.0], 'shape': [2, 1, 32], 'name': 'v', 'backward': True}","{'type': 'tensor', 'dtype': 'bf16', 'range_values': 'default', 'shape': [257, 4, 32], 'name': 'qv', 'backward': True}","{'type': 'tensor', 'dtype': 'int32', 'range_values': [0, 257], 'shape': [3], 'name': 'cu_seqlens_q', 'backward': True}","{'type': 'tensor', 'dtype': 'int32', 'range_values': [0, 2], 'shape': [3], 'name': 'cu_seqlens_k', 'backward': True}","{'type': 'attr', 'dtype': 'int', 'range_values': 129, 'name': 'max_seqlen_q'}","{'type': 'attr', 'dtype': 'int', 'range_values': 1, 'name': 'max_seqlen_k'}","{'type': 'attr', 'dtype': 'float', 'range_values': 0.125, 'name': 'softmax_scale'}","{'type': 'attr', 'dtype': 'bool', 'range_values': False, 'name': 'causal'}","[{'type': 'attr_tuple', 'dtype': 'int', 'range_values': -1, 'name': 'window_size'}, {'type': 'attr_tuple', 'dtype': 'int', 'range_values': -1, 'name': 'window_size'}]","{'type': 'attr', 'dtype': 'float', 'range_values': 0.0, 'name': 'softcap'}","{'type': 'attr', 'dtype': 'int', 'range_values': 0, 'name': 'num_splits'}","{'type': 'attr', 'dtype': 'bool', 'range_values': False, 'name': 'deterministic'}","{'type': 'attr', 'dtype': 'bool', 'range_values': False, 'name': 'return_lse'}","{'acc': {'cv_fused_double_benchmark': {'max_re_ratio': 2.0, 'avg_re_ratio': 1.2, 'root_mean_squared_ratio': 1.2}}, 'perf': 'not_key', 'mem': 1.1}",1
153,flash_attn_npu_4.flash_attn_varlen_func,flash_attn_varlen_func_v4_accuracy,"{'type': 'tensor', 'dtype': 'bf16', 'range_values': [-5.0, 5.0], 'shape': [128, 8, 32], 'name': 'q', 'backward': True}","{'type': 'tensor', 'dtype': 'bf16', 'range_values': [-5.0, 5.0], 'shape': [15, 1, 32], 'name': 'k', 'backward': True}","{'type': 'tensor', 'dtype': 'bf16', 'range_values': [-5.0, 5.0], 'shape': [15, 1, 32], 'name': 'v', 'backward': True}","{'type': 'tensor', 'dtype': 'bf16', 'range_values': 'default', 'shape': [128, 8, 32], 'name': 'qv', 'backward': True}","{'type': 'tensor', 'dtype': 'int32', 'range_values': [0, 128], 'shape': [3], 'name': 'cu_seqlens_q', 'backward': True}","{'type': 'tensor', 'dtype': 'int32', 'range_values': [0, 15], 'shape': [3], 'name': 'cu_seqlens_k', 'backward': True}","{'type': 'attr', 'dtype': 'int', 'range_values': 64, 'name': 'max_seqlen_q'}","{'type': 'attr', 'dtype': 'int', 'range_values': 8, 'name': 'max_seqlen_k'}","{'type': 'attr', 'dtype': 'float', 'range_values': 0.125, 'name': 'softmax_scale'}","{'type': 'attr', 'dtype': 'bool', 'range_values': False, 'name': 'causal'}","[{'type': 'attr_tuple', 'dtype': 'int', 'range_values': -1, 'name': 'window_size'}, {'type': 'attr_tuple', 'dtype': 'int', 'range_values': -1, 'name': 'window_size'}]","{'type': 'attr', 'dtype': 'float', 'range_values': 0.0, 'name': 'softcap'}","{'type': 'attr', 'dtype': 'int', 'range_values': 0, 'name': 'num_splits'}","{'type': 'attr', 'dtype': 'bool', 'range_values': False, 'name': 'deterministic'}","{'type': 'attr', 'dtype': 'bool', 'range_values': False, 'name': 'return_lse'}","{'acc': {'cv_fused_double_benchmark': {'max_re_ratio': 2.0, 'avg_re_ratio': 1.2, 'root_mean_squared_ratio': 1.2}}, 'perf': 'not_key', 'mem': 1.1}",1
154,flash_attn_npu_4.flash_attn_varlen_func,flash_attn_varlen_func_v4_accuracy,"{'type': 'tensor', 'dtype': 'fp16', 'range_values': [-5.0, 5.0], 'shape': [33, 4, 128], 'name': 'q', 'backward': True}","{'type': 'tensor', 'dtype': 'fp16', 'range_values': [-5.0, 5.0], 'shape': [33, 4, 128], 'name': 'k', 'backward': True}","{'type': 'tensor', 'dtype': 'fp16', 'range_values': [-5.0, 5.0], 'shape': [33, 4, 128], 'name': 'v', 'backward': True}","{'type': 'tensor', 'dtype': 'fp16', 'range_values': 'default', 'shape': [33, 4, 128], 'name': 'qv', 'backward': True}","{'type': 'tensor', 'dtype': 'int32', 'range_values': [0, 33], 'shape': [2], 'name': 'cu_seqlens_q', 'backward': True}","{'type': 'tensor', 'dtype': 'int32', 'range_values': [0, 33], 'shape': [2], 'name': 'cu_seqlens_k', 'backward': True}","{'type': 'attr', 'dtype': 'int', 'range_values': 33, 'name': 'max_seqlen_q'}","{'type': 'attr', 'dtype': 'int', 'range_values': 33, 'name': 'max_seqlen_k'}","{'type': 'attr', 'dtype': 'float', 'range_values': 0.125, 'name': 'softmax_scale'}","{'type': 'attr', 'dtype': 'bool', 'range_values': True, 'name': 'causal'}","[{'type': 'attr_tuple', 'dtype': 'int', 'range_values': -1, 'name': 'window_size'}, {'type': 'attr_tuple', 'dtype': 'int', 'range_values': -1, 'name': 'window_size'}]","{'type': 'attr', 'dtype': 'float', 'range_values': 0.0, 'name': 'softcap'}","{'type': 'attr', 'dtype': 'int', 'range_values': 0, 'name': 'num_splits'}","{'type': 'attr', 'dtype': 'bool', 'range_values': False, 'name': 'deterministic'}","{'type': 'attr', 'dtype': 'bool', 'range_values': False, 'name': 'return_lse'}","{'acc': {'cv_fused_double_benchmark': {'max_re_ratio': 2.0, 'avg_re_ratio': 1.2, 'root_mean_squared_ratio': 1.2}}, 'perf': 'not_key', 'mem': 1.1}",1
155,flash_attn_npu_4.flash_attn_varlen_func,flash_attn_varlen_func_v4_accuracy,"{'type': 'tensor', 'dtype': 'fp16', 'range_values': [-5.0, 5.0], 'shape': [256, 4, 32], 'name': 'q', 'backward': True}","{'type': 'tensor', 'dtype': 'fp16', 'range_values': [-5.0, 5.0], 'shape': [33, 1, 32], 'name': 'k', 'backward': True}","{'type': 'tensor', 'dtype': 'fp16', 'range_values': [-5.0, 5.0], 'shape': [33, 1, 32], 'name': 'v', 'backward': True}","{'type': 'tensor', 'dtype': 'fp16', 'range_values': 'default', 'shape': [256, 4, 32], 'name': 'qv', 'backward': True}","{'type': 'tensor', 'dtype': 'int32', 'range_values': [0, 256], 'shape': [2], 'name': 'cu_seqlens_q', 'backward': True}","{'type': 'tensor', 'dtype': 'int32', 'range_values': [0, 33], 'shape': [2], 'name': 'cu_seqlens_k', 'backward': True}","{'type': 'attr', 'dtype': 'int', 'range_values': 256, 'name': 'max_seqlen_q'}","{'type': 'attr', 'dtype': 'int', 'range_values': 33, 'name': 'max_seqlen_k'}","{'type': 'attr', 'dtype': 'float', 'range_values': 0.125, 'name': 'softmax_scale'}","{'type': 'attr', 'dtype': 'bool', 'range_values': False, 'name': 'causal'}","[{'type': 'attr_tuple', 'dtype': 'int', 'range_values': -1, 'name': 'window_size'}, {'type': 'attr_tuple', 'dtype': 'int', 'range_values': -1, 'name': 'window_size'}]","{'type': 'attr', 'dtype': 'float', 'range_values': 0.0, 'name': 'softcap'}","{'type': 'attr', 'dtype': 'int', 'range_values': 0, 'name': 'num_splits'}","{'type': 'attr', 'dtype': 'bool', 'range_values': False, 'name': 'deterministic'}","{'type': 'attr', 'dtype': 'bool', 'range_values': False, 'name': 'return_lse'}","{'acc': {'cv_fused_double_benchmark': {'max_re_ratio': 2.0, 'avg_re_ratio': 1.2, 'root_mean_squared_ratio': 1.2}}, 'perf': 'not_key', 'mem': 1.1}",1
156,flash_attn_npu_4.flash_attn_varlen_func,flash_attn_varlen_func_v4_accuracy,"{'type': 'tensor', 'dtype': 'fp16', 'range_values': [-5.0, 5.0], 'shape': [65, 8, 64], 'name': 'q', 'backward': True}","{'type': 'tensor', 'dtype': 'fp16', 'range_values': [-5.0, 5.0], 'shape': [2, 8, 64], 'name': 'k', 'backward': True}","{'type': 'tensor', 'dtype': 'fp16', 'range_values': [-5.0, 5.0], 'shape': [2, 8, 64], 'name': 'v', 'backward': True}","{'type': 'tensor', 'dtype': 'fp16', 'range_values': 'default', 'shape': [65, 8, 64], 'name': 'qv', 'backward': True}","{'type': 'tensor', 'dtype': 'int32', 'range_values': [0, 65], 'shape': [3], 'name': 'cu_seqlens_q', 'backward': True}","{'type': 'tensor', 'dtype': 'int32', 'range_values': [0, 2], 'shape': [3], 'name': 'cu_seqlens_k', 'backward': True}","{'type': 'attr', 'dtype': 'int', 'range_values': 33, 'name': 'max_seqlen_q'}","{'type': 'attr', 'dtype': 'int', 'range_values': 1, 'name': 'max_seqlen_k'}","{'type': 'attr', 'dtype': 'float', 'range_values': 0.125, 'name': 'softmax_scale'}","{'type': 'attr', 'dtype': 'bool', 'range_values': False, 'name': 'causal'}","[{'type': 'attr_tuple', 'dtype': 'int', 'range_values': -1, 'name': 'window_size'}, {'type': 'attr_tuple', 'dtype': 'int', 'range_values': -1, 'name': 'window_size'}]","{'type': 'attr', 'dtype': 'float', 'range_values': 0.0, 'name': 'softcap'}","{'type': 'attr', 'dtype': 'int', 'range_values': 0, 'name': 'num_splits'}","{'type': 'attr', 'dtype': 'bool', 'range_values': False, 'name': 'deterministic'}","{'type': 'attr', 'dtype': 'bool', 'range_values': False, 'name': 'return_lse'}","{'acc': {'cv_fused_double_benchmark': {'max_re_ratio': 2.0, 'avg_re_ratio': 1.2, 'root_mean_squared_ratio': 1.2}}, 'perf': 'not_key', 'mem': 1.1}",1
157,flash_attn_npu_4.flash_attn_varlen_func,flash_attn_varlen_func_v4_accuracy,"{'type': 'tensor', 'dtype': 'fp16', 'range_values': [-5.0, 5.0], 'shape': [15, 8, 16], 'name': 'q', 'backward': True}","{'type': 'tensor', 'dtype': 'fp16', 'range_values': [-5.0, 5.0], 'shape': [256, 8, 16], 'name': 'k', 'backward': True}","{'type': 'tensor', 'dtype': 'fp16', 'range_values': [-5.0, 5.0], 'shape': [256, 8, 16], 'name': 'v', 'backward': True}","{'type': 'tensor', 'dtype': 'fp16', 'range_values': 'default', 'shape': [15, 8, 16], 'name': 'qv', 'backward': True}","{'type': 'tensor', 'dtype': 'int32', 'range_values': [0, 15], 'shape': [5], 'name': 'cu_seqlens_q', 'backward': True}","{'type': 'tensor', 'dtype': 'int32', 'range_values': [0, 256], 'shape': [5], 'name': 'cu_seqlens_k', 'backward': True}","{'type': 'attr', 'dtype': 'int', 'range_values': 4, 'name': 'max_seqlen_q'}","{'type': 'attr', 'dtype': 'int', 'range_values': 64, 'name': 'max_seqlen_k'}","{'type': 'attr', 'dtype': 'float', 'range_values': 0.125, 'name': 'softmax_scale'}","{'type': 'attr', 'dtype': 'bool', 'range_values': True, 'name': 'causal'}","[{'type': 'attr_tuple', 'dtype': 'int', 'range_values': -1, 'name': 'window_size'}, {'type': 'attr_tuple', 'dtype': 'int', 'range_values': -1, 'name': 'window_size'}]","{'type': 'attr', 'dtype': 'float', 'range_values': 0.0, 'name': 'softcap'}","{'type': 'attr', 'dtype': 'int', 'range_values': 0, 'name': 'num_splits'}","{'type': 'attr', 'dtype': 'bool', 'range_values': False, 'name': 'deterministic'}","{'type': 'attr', 'dtype': 'bool', 'range_values': False, 'name': 'return_lse'}","{'acc': {'cv_fused_double_benchmark': {'max_re_ratio': 2.0, 'avg_re_ratio': 1.2, 'root_mean_squared_ratio': 1.2}}, 'perf': 'not_key', 'mem': 1.1}",1
158,flash_attn_npu_4.flash_attn_varlen_func,flash_attn_varlen_func_v4_accuracy,"{'type': 'tensor', 'dtype': 'fp16', 'range_values': [-5.0, 5.0], 'shape': [17, 8, 128], 'name': 'q', 'backward': True}","{'type': 'tensor', 'dtype': 'fp16', 'range_values': [-5.0, 5.0], 'shape': [17, 8, 128], 'name': 'k', 'backward': True}","{'type': 'tensor', 'dtype': 'fp16', 'range_values': [-5.0, 5.0], 'shape': [17, 8, 128], 'name': 'v', 'backward': True}","{'type': 'tensor', 'dtype': 'fp16', 'range_values': 'default', 'shape': [17, 8, 128], 'name': 'qv', 'backward': True}","{'type': 'tensor', 'dtype': 'int32', 'range_values': [0, 17], 'shape': [2], 'name': 'cu_seqlens_q', 'backward': True}","{'type': 'tensor', 'dtype': 'int32', 'range_values': [0, 17], 'shape': [2], 'name': 'cu_seqlens_k', 'backward': True}","{'type': 'attr', 'dtype': 'int', 'range_values': 17, 'name': 'max_seqlen_q'}","{'type': 'attr', 'dtype': 'int', 'range_values': 17, 'name': 'max_seqlen_k'}","{'type': 'attr', 'dtype': 'float', 'range_values': 0.125, 'name': 'softmax_scale'}","{'type': 'attr', 'dtype': 'bool', 'range_values': False, 'name': 'causal'}","[{'type': 'attr_tuple', 'dtype': 'int', 'range_values': -1, 'name': 'window_size'}, {'type': 'attr_tuple', 'dtype': 'int', 'range_values': -1, 'name': 'window_size'}]","{'type': 'attr', 'dtype': 'float', 'range_values': 0.0, 'name': 'softcap'}","{'type': 'attr', 'dtype': 'int', 'range_values': 0, 'name': 'num_splits'}","{'type': 'attr', 'dtype': 'bool', 'range_values': False, 'name': 'deterministic'}","{'type': 'attr', 'dtype': 'bool', 'range_values': False, 'name': 'return_lse'}","{'acc': {'cv_fused_double_benchmark': {'max_re_ratio': 2.0, 'avg_re_ratio': 1.2, 'root_mean_squared_ratio': 1.2}}, 'perf': 'not_key', 'mem': 1.1}",1
159,flash_attn_npu_4.flash_attn_varlen_func,flash_attn_varlen_func_v4_accuracy,"{'type': 'tensor', 'dtype': 'bf16', 'range_values': [-5.0, 5.0], 'shape': [2, 8, 256], 'name': 'q', 'backward': True}","{'type': 'tensor', 'dtype': 'bf16', 'range_values': [-5.0, 5.0], 'shape': [15, 8, 256], 'name': 'k', 'backward': True}","{'type': 'tensor', 'dtype': 'bf16', 'range_values': [-5.0, 5.0], 'shape': [15, 8, 256], 'name': 'v', 'backward': True}","{'type': 'tensor', 'dtype': 'bf16', 'range_values': 'default', 'shape': [2, 8, 256], 'name': 'qv', 'backward': True}","{'type': 'tensor', 'dtype': 'int32', 'range_values': [0, 2], 'shape': [3], 'name': 'cu_seqlens_q', 'backward': True}","{'type': 'tensor', 'dtype': 'int32', 'range_values': [0, 15], 'shape': [3], 'name': 'cu_seqlens_k', 'backward': True}","{'type': 'attr', 'dtype': 'int', 'range_values': 1, 'name': 'max_seqlen_q'}","{'type': 'attr', 'dtype': 'int', 'range_values': 8, 'name': 'max_seqlen_k'}","{'type': 'attr', 'dtype': 'float', 'range_values': 0.125, 'name': 'softmax_scale'}","{'type': 'attr', 'dtype': 'bool', 'range_values': False, 'name': 'causal'}","[{'type': 'attr_tuple', 'dtype': 'int', 'range_values': -1, 'name': 'window_size'}, {'type': 'attr_tuple', 'dtype': 'int', 'range_values': -1, 'name': 'window_size'}]","{'type': 'attr', 'dtype': 'float', 'range_values': 0.0, 'name': 'softcap'}","{'type': 'attr', 'dtype': 'int', 'range_values': 0, 'name': 'num_splits'}","{'type': 'attr', 'dtype': 'bool', 'range_values': False, 'name': 'deterministic'}","{'type': 'attr', 'dtype': 'bool', 'range_values': False, 'name': 'return_lse'}","{'acc': {'cv_fused_double_benchmark': {'max_re_ratio': 2.0, 'avg_re_ratio': 1.2, 'root_mean_squared_ratio': 1.2}}, 'perf': 'not_key', 'mem': 1.1}",1
160,flash_attn_npu_4.flash_attn_varlen_func,flash_attn_varlen_func_v4_accuracy,"{'type': 'tensor', 'dtype': 'bf16', 'range_values': [-5.0, 5.0], 'shape': [257, 4, 32], 'name': 'q', 'backward': True}","{'type': 'tensor', 'dtype': 'bf16', 'range_values': [-5.0, 5.0], 'shape': [15, 4, 32], 'name': 'k', 'backward': True}","{'type': 'tensor', 'dtype': 'bf16', 'range_values': [-5.0, 5.0], 'shape': [15, 4, 32], 'name': 'v', 'backward': True}","{'type': 'tensor', 'dtype': 'bf16', 'range_values': 'default', 'shape': [257, 4, 32], 'name': 'qv', 'backward': True}","{'type': 'tensor', 'dtype': 'int32', 'range_values': [0, 257], 'shape': [5], 'name': 'cu_seqlens_q', 'backward': True}","{'type': 'tensor', 'dtype': 'int32', 'range_values': [0, 15], 'shape': [5], 'name': 'cu_seqlens_k', 'backward': True}","{'type': 'attr', 'dtype': 'int', 'range_values': 65, 'name': 'max_seqlen_q'}","{'type': 'attr', 'dtype': 'int', 'range_values': 4, 'name': 'max_seqlen_k'}","{'type': 'attr', 'dtype': 'float', 'range_values': 0.125, 'name': 'softmax_scale'}","{'type': 'attr', 'dtype': 'bool', 'range_values': False, 'name': 'causal'}","[{'type': 'attr_tuple', 'dtype': 'int', 'range_values': -1, 'name': 'window_size'}, {'type': 'attr_tuple', 'dtype': 'int', 'range_values': -1, 'name': 'window_size'}]","{'type': 'attr', 'dtype': 'float', 'range_values': 0.0, 'name': 'softcap'}","{'type': 'attr', 'dtype': 'int', 'range_values': 0, 'name': 'num_splits'}","{'type': 'attr', 'dtype': 'bool', 'range_values': False, 'name': 'deterministic'}","{'type': 'attr', 'dtype': 'bool', 'range_values': False, 'name': 'return_lse'}","{'acc': {'cv_fused_double_benchmark': {'max_re_ratio': 2.0, 'avg_re_ratio': 1.2, 'root_mean_squared_ratio': 1.2}}, 'perf': 'not_key', 'mem': 1.1}",1
161,flash_attn_npu_4.flash_attn_varlen_func,flash_attn_varlen_func_v4_accuracy,"{'type': 'tensor', 'dtype': 'fp16', 'range_values': [-5.0, 5.0], 'shape': [129, 1, 256], 'name': 'q', 'backward': True}","{'type': 'tensor', 'dtype': 'fp16', 'range_values': [-5.0, 5.0], 'shape': [8, 1, 256], 'name': 'k', 'backward': True}","{'type': 'tensor', 'dtype': 'fp16', 'range_values': [-5.0, 5.0], 'shape': [8, 1, 256], 'name': 'v', 'backward': True}","{'type': 'tensor', 'dtype': 'fp16', 'range_values': 'default', 'shape': [129, 1, 256], 'name': 'qv', 'backward': True}","{'type': 'tensor', 'dtype': 'int32', 'range_values': [0, 129], 'shape': [2], 'name': 'cu_seqlens_q', 'backward': True}","{'type': 'tensor', 'dtype': 'int32', 'range_values': [0, 8], 'shape': [2], 'name': 'cu_seqlens_k', 'backward': True}","{'type': 'attr', 'dtype': 'int', 'range_values': 129, 'name': 'max_seqlen_q'}","{'type': 'attr', 'dtype': 'int', 'range_values': 8, 'name': 'max_seqlen_k'}","{'type': 'attr', 'dtype': 'float', 'range_values': 0.125, 'name': 'softmax_scale'}","{'type': 'attr', 'dtype': 'bool', 'range_values': False, 'name': 'causal'}","[{'type': 'attr_tuple', 'dtype': 'int', 'range_values': -1, 'name': 'window_size'}, {'type': 'attr_tuple', 'dtype': 'int', 'range_values': -1, 'name': 'window_size'}]","{'type': 'attr', 'dtype': 'float', 'range_values': 0.0, 'name': 'softcap'}","{'type': 'attr', 'dtype': 'int', 'range_values': 0, 'name': 'num_splits'}","{'type': 'attr', 'dtype': 'bool', 'range_values': False, 'name': 'deterministic'}","{'type': 'attr', 'dtype': 'bool', 'range_values': False, 'name': 'return_lse'}","{'acc': {'cv_fused_double_benchmark': {'max_re_ratio': 2.0, 'avg_re_ratio': 1.2, 'root_mean_squared_ratio': 1.2}}, 'perf': 'not_key', 'mem': 1.1}",1
162,flash_attn_npu_4.flash_attn_varlen_func,flash_attn_varlen_func_v4_accuracy,"{'type': 'tensor', 'dtype': 'fp16', 'range_values': [-5.0, 5.0], 'shape': [33, 4, 256], 'name': 'q', 'backward': True}","{'type': 'tensor', 'dtype': 'fp16', 'range_values': [-5.0, 5.0], 'shape': [16, 1, 256], 'name': 'k', 'backward': True}","{'type': 'tensor', 'dtype': 'fp16', 'range_values': [-5.0, 5.0], 'shape': [16, 1, 256], 'name': 'v', 'backward': True}","{'type': 'tensor', 'dtype': 'fp16', 'range_values': 'default', 'shape': [33, 4, 256], 'name': 'qv', 'backward': True}","{'type': 'tensor', 'dtype': 'int32', 'range_values': [0, 33], 'shape': [5], 'name': 'cu_seqlens_q', 'backward': True}","{'type': 'tensor', 'dtype': 'int32', 'range_values': [0, 16], 'shape': [5], 'name': 'cu_seqlens_k', 'backward': True}","{'type': 'attr', 'dtype': 'int', 'range_values': 9, 'name': 'max_seqlen_q'}","{'type': 'attr', 'dtype': 'int', 'range_values': 4, 'name': 'max_seqlen_k'}","{'type': 'attr', 'dtype': 'float', 'range_values': 0.125, 'name': 'softmax_scale'}","{'type': 'attr', 'dtype': 'bool', 'range_values': False, 'name': 'causal'}","[{'type': 'attr_tuple', 'dtype': 'int', 'range_values': -1, 'name': 'window_size'}, {'type': 'attr_tuple', 'dtype': 'int', 'range_values': -1, 'name': 'window_size'}]","{'type': 'attr', 'dtype': 'float', 'range_values': 0.0, 'name': 'softcap'}","{'type': 'attr', 'dtype': 'int', 'range_values': 0, 'name': 'num_splits'}","{'type': 'attr', 'dtype': 'bool', 'range_values': False, 'name': 'deterministic'}","{'type': 'attr', 'dtype': 'bool', 'range_values': False, 'name': 'return_lse'}","{'acc': {'cv_fused_double_benchmark': {'max_re_ratio': 2.0, 'avg_re_ratio': 1.2, 'root_mean_squared_ratio': 1.2}}, 'perf': 'not_key', 'mem': 1.1}",1
163,flash_attn_npu_4.flash_attn_varlen_func,flash_attn_varlen_func_v4_accuracy,"{'type': 'tensor', 'dtype': 'fp16', 'range_values': [-5.0, 5.0], 'shape': [31, 16, 64], 'name': 'q', 'backward': True}","{'type': 'tensor', 'dtype': 'fp16', 'range_values': [-5.0, 5.0], 'shape': [32, 4, 64], 'name': 'k', 'backward': True}","{'type': 'tensor', 'dtype': 'fp16', 'range_values': [-5.0, 5.0], 'shape': [32, 4, 64], 'name': 'v', 'backward': True}","{'type': 'tensor', 'dtype': 'fp16', 'range_values': 'default', 'shape': [31, 16, 64], 'name': 'qv', 'backward': True}","{'type': 'tensor', 'dtype': 'int32', 'range_values': [0, 31], 'shape': [9], 'name': 'cu_seqlens_q', 'backward': True}","{'type': 'tensor', 'dtype': 'int32', 'range_values': [0, 32], 'shape': [9], 'name': 'cu_seqlens_k', 'backward': True}","{'type': 'attr', 'dtype': 'int', 'range_values': 4, 'name': 'max_seqlen_q'}","{'type': 'attr', 'dtype': 'int', 'range_values': 4, 'name': 'max_seqlen_k'}","{'type': 'attr', 'dtype': 'float', 'range_values': 0.125, 'name': 'softmax_scale'}","{'type': 'attr', 'dtype': 'bool', 'range_values': True, 'name': 'causal'}","[{'type': 'attr_tuple', 'dtype': 'int', 'range_values': -1, 'name': 'window_size'}, {'type': 'attr_tuple', 'dtype': 'int', 'range_values': -1, 'name': 'window_size'}]","{'type': 'attr', 'dtype': 'float', 'range_values': 0.0, 'name': 'softcap'}","{'type': 'attr', 'dtype': 'int', 'range_values': 0, 'name': 'num_splits'}","{'type': 'attr', 'dtype': 'bool', 'range_values': False, 'name': 'deterministic'}","{'type': 'attr', 'dtype': 'bool', 'range_values': False, 'name': 'return_lse'}","{'acc': {'cv_fused_double_benchmark': {'max_re_ratio': 2.0, 'avg_re_ratio': 1.2, 'root_mean_squared_ratio': 1.2}}, 'perf': 'not_key', 'mem': 1.1}",1
164,flash_attn_npu_4.flash_attn_varlen_func,flash_attn_varlen_func_v4_accuracy,"{'type': 'tensor', 'dtype': 'fp16', 'range_values': [-5.0, 5.0], 'shape': [32, 16, 64], 'name': 'q', 'backward': True}","{'type': 'tensor', 'dtype': 'fp16', 'range_values': [-5.0, 5.0], 'shape': [32, 4, 64], 'name': 'k', 'backward': True}","{'type': 'tensor', 'dtype': 'fp16', 'range_values': [-5.0, 5.0], 'shape': [32, 4, 64], 'name': 'v', 'backward': True}","{'type': 'tensor', 'dtype': 'fp16', 'range_values': 'default', 'shape': [32, 16, 64], 'name': 'qv', 'backward': True}","{'type': 'tensor', 'dtype': 'int32', 'range_values': [0, 32], 'shape': [3], 'name': 'cu_seqlens_q', 'backward': True}","{'type': 'tensor', 'dtype': 'int32', 'range_values': [0, 32], 'shape': [3], 'name': 'cu_seqlens_k', 'backward': True}","{'type': 'attr', 'dtype': 'int', 'range_values': 16, 'name': 'max_seqlen_q'}","{'type': 'attr', 'dtype': 'int', 'range_values': 16, 'name': 'max_seqlen_k'}","{'type': 'attr', 'dtype': 'float', 'range_values': 0.125, 'name': 'softmax_scale'}","{'type': 'attr', 'dtype': 'bool', 'range_values': True, 'name': 'causal'}","[{'type': 'attr_tuple', 'dtype': 'int', 'range_values': -1, 'name': 'window_size'}, {'type': 'attr_tuple', 'dtype': 'int', 'range_values': -1, 'name': 'window_size'}]","{'type': 'attr', 'dtype': 'float', 'range_values': 0.0, 'name': 'softcap'}","{'type': 'attr', 'dtype': 'int', 'range_values': 0, 'name': 'num_splits'}","{'type': 'attr', 'dtype': 'bool', 'range_values': False, 'name': 'deterministic'}","{'type': 'attr', 'dtype': 'bool', 'range_values': False, 'name': 'return_lse'}","{'acc': {'cv_fused_double_benchmark': {'max_re_ratio': 2.0, 'avg_re_ratio': 1.2, 'root_mean_squared_ratio': 1.2}}, 'perf': 'not_key', 'mem': 1.1}",1
165,flash_attn_npu_4.flash_attn_varlen_func,flash_attn_varlen_func_v4_accuracy,"{'type': 'tensor', 'dtype': 'fp16', 'range_values': [-5.0, 5.0], 'shape': [15, 2, 256], 'name': 'q', 'backward': True}","{'type': 'tensor', 'dtype': 'fp16', 'range_values': [-5.0, 5.0], 'shape': [65, 2, 256], 'name': 'k', 'backward': True}","{'type': 'tensor', 'dtype': 'fp16', 'range_values': [-5.0, 5.0], 'shape': [65, 2, 256], 'name': 'v', 'backward': True}","{'type': 'tensor', 'dtype': 'fp16', 'range_values': 'default', 'shape': [15, 2, 256], 'name': 'qv', 'backward': True}","{'type': 'tensor', 'dtype': 'int32', 'range_values': [0, 15], 'shape': [5], 'name': 'cu_seqlens_q', 'backward': True}","{'type': 'tensor', 'dtype': 'int32', 'range_values': [0, 65], 'shape': [5], 'name': 'cu_seqlens_k', 'backward': True}","{'type': 'attr', 'dtype': 'int', 'range_values': 4, 'name': 'max_seqlen_q'}","{'type': 'attr', 'dtype': 'int', 'range_values': 17, 'name': 'max_seqlen_k'}","{'type': 'attr', 'dtype': 'float', 'range_values': 0.125, 'name': 'softmax_scale'}","{'type': 'attr', 'dtype': 'bool', 'range_values': True, 'name': 'causal'}","[{'type': 'attr_tuple', 'dtype': 'int', 'range_values': -1, 'name': 'window_size'}, {'type': 'attr_tuple', 'dtype': 'int', 'range_values': -1, 'name': 'window_size'}]","{'type': 'attr', 'dtype': 'float', 'range_values': 0.0, 'name': 'softcap'}","{'type': 'attr', 'dtype': 'int', 'range_values': 0, 'name': 'num_splits'}","{'type': 'attr', 'dtype': 'bool', 'range_values': False, 'name': 'deterministic'}","{'type': 'attr', 'dtype': 'bool', 'range_values': False, 'name': 'return_lse'}","{'acc': {'cv_fused_double_benchmark': {'max_re_ratio': 2.0, 'avg_re_ratio': 1.2, 'root_mean_squared_ratio': 1.2}}, 'perf': 'not_key', 'mem': 1.1}",1
166,flash_attn_npu_4.flash_attn_varlen_func,flash_attn_varlen_func_v4_accuracy,"{'type': 'tensor', 'dtype': 'bf16', 'range_values': [-5.0, 5.0], 'shape': [64, 2, 128], 'name': 'q', 'backward': True}","{'type': 'tensor', 'dtype': 'bf16', 'range_values': [-5.0, 5.0], 'shape': [96, 2, 128], 'name': 'k', 'backward': True}","{'type': 'tensor', 'dtype': 'bf16', 'range_values': [-5.0, 5.0], 'shape': [96, 2, 128], 'name': 'v', 'backward': True}","{'type': 'tensor', 'dtype': 'bf16', 'range_values': 'default', 'shape': [64, 2, 128], 'name': 'qv', 'backward': True}","{'type': 'tensor', 'dtype': 'int32', 'range_values': [0, 64], 'shape': [9], 'name': 'cu_seqlens_q', 'backward': True}","{'type': 'tensor', 'dtype': 'int32', 'range_values': [0, 96], 'shape': [9], 'name': 'cu_seqlens_k', 'backward': True}","{'type': 'attr', 'dtype': 'int', 'range_values': 8, 'name': 'max_seqlen_q'}","{'type': 'attr', 'dtype': 'int', 'range_values': 12, 'name': 'max_seqlen_k'}","{'type': 'attr', 'dtype': 'float', 'range_values': 0.125, 'name': 'softmax_scale'}","{'type': 'attr', 'dtype': 'bool', 'range_values': True, 'name': 'causal'}","[{'type': 'attr_tuple', 'dtype': 'int', 'range_values': -1, 'name': 'window_size'}, {'type': 'attr_tuple', 'dtype': 'int', 'range_values': -1, 'name': 'window_size'}]","{'type': 'attr', 'dtype': 'float', 'range_values': 0.0, 'name': 'softcap'}","{'type': 'attr', 'dtype': 'int', 'range_values': 0, 'name': 'num_splits'}","{'type': 'attr', 'dtype': 'bool', 'range_values': False, 'name': 'deterministic'}","{'type': 'attr', 'dtype': 'bool', 'range_values': False, 'name': 'return_lse'}","{'acc': {'cv_fused_double_benchmark': {'max_re_ratio': 2.0, 'avg_re_ratio': 1.2, 'root_mean_squared_ratio': 1.2}}, 'perf': 'not_key', 'mem': 1.1}",1
167,flash_attn_npu_4.flash_attn_varlen_func,flash_attn_varlen_func_v4_accuracy,"{'type': 'tensor', 'dtype': 'bf16', 'range_values': [-5.0, 5.0], 'shape': [64, 2, 128], 'name': 'q', 'backward': True}","{'type': 'tensor', 'dtype': 'bf16', 'range_values': [-5.0, 5.0], 'shape': [128, 2, 128], 'name': 'k', 'backward': True}","{'type': 'tensor', 'dtype': 'bf16', 'range_values': [-5.0, 5.0], 'shape': [128, 2, 128], 'name': 'v', 'backward': True}","{'type': 'tensor', 'dtype': 'bf16', 'range_values': 'default', 'shape': [64, 2, 128], 'name': 'qv', 'backward': True}","{'type': 'tensor', 'dtype': 'int32', 'range_values': [0, 64], 'shape': [3], 'name': 'cu_seqlens_q', 'backward': True}","{'type': 'tensor', 'dtype': 'int32', 'range_values': [0, 128], 'shape': [3], 'name': 'cu_seqlens_k', 'backward': True}","{'type': 'attr', 'dtype': 'int', 'range_values': 32, 'name': 'max_seqlen_q'}","{'type': 'attr', 'dtype': 'int', 'range_values': 64, 'name': 'max_seqlen_k'}","{'type': 'attr', 'dtype': 'float', 'range_values': 0.125, 'name': 'softmax_scale'}","{'type': 'attr', 'dtype': 'bool', 'range_values': True, 'name': 'causal'}","[{'type': 'attr_tuple', 'dtype': 'int', 'range_values': -1, 'name': 'window_size'}, {'type': 'attr_tuple', 'dtype': 'int', 'range_values': -1, 'name': 'window_size'}]","{'type': 'attr', 'dtype': 'float', 'range_values': 0.0, 'name': 'softcap'}","{'type': 'attr', 'dtype': 'int', 'range_values': 0, 'name': 'num_splits'}","{'type': 'attr', 'dtype': 'bool', 'range_values': False, 'name': 'deterministic'}","{'type': 'attr', 'dtype': 'bool', 'range_values': False, 'name': 'return_lse'}","{'acc': {'cv_fused_double_benchmark': {'max_re_ratio': 2.0, 'avg_re_ratio': 1.2, 'root_mean_squared_ratio': 1.2}}, 'perf': 'not_key', 'mem': 1.1}",1
168,flash_attn_npu_4.flash_attn_varlen_func,flash_attn_varlen_func_v4_accuracy,"{'type': 'tensor', 'dtype': 'fp16', 'range_values': [-5.0, 5.0], 'shape': [65, 2, 256], 'name': 'q', 'backward': True}","{'type': 'tensor', 'dtype': 'fp16', 'range_values': [-5.0, 5.0], 'shape': [65, 1, 256], 'name': 'k', 'backward': True}","{'type': 'tensor', 'dtype': 'fp16', 'range_values': [-5.0, 5.0], 'shape': [65, 1, 256], 'name': 'v', 'backward': True}","{'type': 'tensor', 'dtype': 'fp16', 'range_values': 'default', 'shape': [65, 2, 256], 'name': 'qv', 'backward': True}","{'type': 'tensor', 'dtype': 'int32', 'range_values': [0, 65], 'shape': [9], 'name': 'cu_seqlens_q', 'backward': True}","{'type': 'tensor', 'dtype': 'int32', 'range_values': [0, 65], 'shape': [9], 'name': 'cu_seqlens_k', 'backward': True}","{'type': 'attr', 'dtype': 'int', 'range_values': 9, 'name': 'max_seqlen_q'}","{'type': 'attr', 'dtype': 'int', 'range_values': 9, 'name': 'max_seqlen_k'}","{'type': 'attr', 'dtype': 'float', 'range_values': 0.125, 'name': 'softmax_scale'}","{'type': 'attr', 'dtype': 'bool', 'range_values': True, 'name': 'causal'}","[{'type': 'attr_tuple', 'dtype': 'int', 'range_values': -1, 'name': 'window_size'}, {'type': 'attr_tuple', 'dtype': 'int', 'range_values': -1, 'name': 'window_size'}]","{'type': 'attr', 'dtype': 'float', 'range_values': 0.0, 'name': 'softcap'}","{'type': 'attr', 'dtype': 'int', 'range_values': 0, 'name': 'num_splits'}","{'type': 'attr', 'dtype': 'bool', 'range_values': False, 'name': 'deterministic'}","{'type': 'attr', 'dtype': 'bool', 'range_values': False, 'name': 'return_lse'}","{'acc': {'cv_fused_double_benchmark': {'max_re_ratio': 2.0, 'avg_re_ratio': 1.2, 'root_mean_squared_ratio': 1.2}}, 'perf': 'not_key', 'mem': 1.1}",1
169,flash_attn_npu_4.flash_attn_varlen_func,flash_attn_varlen_func_v4_accuracy,"{'type': 'tensor', 'dtype': 'bf16', 'range_values': [-5.0, 5.0], 'shape': [7, 16, 128], 'name': 'q', 'backward': True}","{'type': 'tensor', 'dtype': 'bf16', 'range_values': [-5.0, 5.0], 'shape': [96, 4, 128], 'name': 'k', 'backward': True}","{'type': 'tensor', 'dtype': 'bf16', 'range_values': [-5.0, 5.0], 'shape': [96, 4, 128], 'name': 'v', 'backward': True}","{'type': 'tensor', 'dtype': 'bf16', 'range_values': 'default', 'shape': [7, 16, 128], 'name': 'qv', 'backward': True}","{'type': 'tensor', 'dtype': 'int32', 'range_values': [0, 7], 'shape': [3], 'name': 'cu_seqlens_q', 'backward': True}","{'type': 'tensor', 'dtype': 'int32', 'range_values': [0, 96], 'shape': [3], 'name': 'cu_seqlens_k', 'backward': True}","{'type': 'attr', 'dtype': 'int', 'range_values': 4, 'name': 'max_seqlen_q'}","{'type': 'attr', 'dtype': 'int', 'range_values': 48, 'name': 'max_seqlen_k'}","{'type': 'attr', 'dtype': 'float', 'range_values': 0.125, 'name': 'softmax_scale'}","{'type': 'attr', 'dtype': 'bool', 'range_values': False, 'name': 'causal'}","[{'type': 'attr_tuple', 'dtype': 'int', 'range_values': -1, 'name': 'window_size'}, {'type': 'attr_tuple', 'dtype': 'int', 'range_values': -1, 'name': 'window_size'}]","{'type': 'attr', 'dtype': 'float', 'range_values': 0.0, 'name': 'softcap'}","{'type': 'attr', 'dtype': 'int', 'range_values': 0, 'name': 'num_splits'}","{'type': 'attr', 'dtype': 'bool', 'range_values': False, 'name': 'deterministic'}","{'type': 'attr', 'dtype': 'bool', 'range_values': False, 'name': 'return_lse'}","{'acc': {'cv_fused_double_benchmark': {'max_re_ratio': 2.0, 'avg_re_ratio': 1.2, 'root_mean_squared_ratio': 1.2}}, 'perf': 'not_key', 'mem': 1.1}",1
170,flash_attn_npu_4.flash_attn_varlen_func,flash_attn_varlen_func_v4_accuracy,"{'type': 'tensor', 'dtype': 'fp16', 'range_values': [-5.0, 5.0], 'shape': [128, 1, 256], 'name': 'q', 'backward': True}","{'type': 'tensor', 'dtype': 'fp16', 'range_values': [-5.0, 5.0], 'shape': [128, 1, 256], 'name': 'k', 'backward': True}","{'type': 'tensor', 'dtype': 'fp16', 'range_values': [-5.0, 5.0], 'shape': [128, 1, 256], 'name': 'v', 'backward': True}","{'type': 'tensor', 'dtype': 'fp16', 'range_values': 'default', 'shape': [128, 1, 256], 'name': 'qv', 'backward': True}","{'type': 'tensor', 'dtype': 'int32', 'range_values': [0, 128], 'shape': [3], 'name': 'cu_seqlens_q', 'backward': True}","{'type': 'tensor', 'dtype': 'int32', 'range_values': [0, 128], 'shape': [3], 'name': 'cu_seqlens_k', 'backward': True}","{'type': 'attr', 'dtype': 'int', 'range_values': 64, 'name': 'max_seqlen_q'}","{'type': 'attr', 'dtype': 'int', 'range_values': 64, 'name': 'max_seqlen_k'}","{'type': 'attr', 'dtype': 'float', 'range_values': 0.125, 'name': 'softmax_scale'}","{'type': 'attr', 'dtype': 'bool', 'range_values': True, 'name': 'causal'}","[{'type': 'attr_tuple', 'dtype': 'int', 'range_values': -1, 'name': 'window_size'}, {'type': 'attr_tuple', 'dtype': 'int', 'range_values': -1, 'name': 'window_size'}]","{'type': 'attr', 'dtype': 'float', 'range_values': 0.0, 'name': 'softcap'}","{'type': 'attr', 'dtype': 'int', 'range_values': 0, 'name': 'num_splits'}","{'type': 'attr', 'dtype': 'bool', 'range_values': False, 'name': 'deterministic'}","{'type': 'attr', 'dtype': 'bool', 'range_values': False, 'name': 'return_lse'}","{'acc': {'cv_fused_double_benchmark': {'max_re_ratio': 2.0, 'avg_re_ratio': 1.2, 'root_mean_squared_ratio': 1.2}}, 'perf': 'not_key', 'mem': 1.1}",1
171,flash_attn_npu_4.flash_attn_varlen_func,flash_attn_varlen_func_v4_accuracy,"{'type': 'tensor', 'dtype': 'fp16', 'range_values': [-5.0, 5.0], 'shape': [32, 8, 128], 'name': 'q', 'backward': True}","{'type': 'tensor', 'dtype': 'fp16', 'range_values': [-5.0, 5.0], 'shape': [32, 8, 128], 'name': 'k', 'backward': True}","{'type': 'tensor', 'dtype': 'fp16', 'range_values': [-5.0, 5.0], 'shape': [32, 8, 128], 'name': 'v', 'backward': True}","{'type': 'tensor', 'dtype': 'fp16', 'range_values': 'default', 'shape': [32, 8, 128], 'name': 'qv', 'backward': True}","{'type': 'tensor', 'dtype': 'int32', 'range_values': [0, 32], 'shape': [9], 'name': 'cu_seqlens_q', 'backward': True}","{'type': 'tensor', 'dtype': 'int32', 'range_values': [0, 32], 'shape': [9], 'name': 'cu_seqlens_k', 'backward': True}","{'type': 'attr', 'dtype': 'int', 'range_values': 4, 'name': 'max_seqlen_q'}","{'type': 'attr', 'dtype': 'int', 'range_values': 4, 'name': 'max_seqlen_k'}","{'type': 'attr', 'dtype': 'float', 'range_values': 0.125, 'name': 'softmax_scale'}","{'type': 'attr', 'dtype': 'bool', 'range_values': True, 'name': 'causal'}","[{'type': 'attr_tuple', 'dtype': 'int', 'range_values': -1, 'name': 'window_size'}, {'type': 'attr_tuple', 'dtype': 'int', 'range_values': -1, 'name': 'window_size'}]","{'type': 'attr', 'dtype': 'float', 'range_values': 0.0, 'name': 'softcap'}","{'type': 'attr', 'dtype': 'int', 'range_values': 0, 'name': 'num_splits'}","{'type': 'attr', 'dtype': 'bool', 'range_values': False, 'name': 'deterministic'}","{'type': 'attr', 'dtype': 'bool', 'range_values': False, 'name': 'return_lse'}","{'acc': {'cv_fused_double_benchmark': {'max_re_ratio': 2.0, 'avg_re_ratio': 1.2, 'root_mean_squared_ratio': 1.2}}, 'perf': 'not_key', 'mem': 1.1}",1
172,flash_attn_npu_4.flash_attn_varlen_func,flash_attn_varlen_func_v4_accuracy,"{'type': 'tensor', 'dtype': 'bf16', 'range_values': [-5.0, 5.0], 'shape': [257, 8, 16], 'name': 'q', 'backward': True}","{'type': 'tensor', 'dtype': 'bf16', 'range_values': [-5.0, 5.0], 'shape': [256, 8, 16], 'name': 'k', 'backward': True}","{'type': 'tensor', 'dtype': 'bf16', 'range_values': [-5.0, 5.0], 'shape': [256, 8, 16], 'name': 'v', 'backward': True}","{'type': 'tensor', 'dtype': 'bf16', 'range_values': 'default', 'shape': [257, 8, 16], 'name': 'qv', 'backward': True}","{'type': 'tensor', 'dtype': 'int32', 'range_values': [0, 257], 'shape': [5], 'name': 'cu_seqlens_q', 'backward': True}","{'type': 'tensor', 'dtype': 'int32', 'range_values': [0, 256], 'shape': [5], 'name': 'cu_seqlens_k', 'backward': True}","{'type': 'attr', 'dtype': 'int', 'range_values': 65, 'name': 'max_seqlen_q'}","{'type': 'attr', 'dtype': 'int', 'range_values': 64, 'name': 'max_seqlen_k'}","{'type': 'attr', 'dtype': 'float', 'range_values': 0.125, 'name': 'softmax_scale'}","{'type': 'attr', 'dtype': 'bool', 'range_values': False, 'name': 'causal'}","[{'type': 'attr_tuple', 'dtype': 'int', 'range_values': -1, 'name': 'window_size'}, {'type': 'attr_tuple', 'dtype': 'int', 'range_values': -1, 'name': 'window_size'}]","{'type': 'attr', 'dtype': 'float', 'range_values': 0.0, 'name': 'softcap'}","{'type': 'attr', 'dtype': 'int', 'range_values': 0, 'name': 'num_splits'}","{'type': 'attr', 'dtype': 'bool', 'range_values': False, 'name': 'deterministic'}","{'type': 'attr', 'dtype': 'bool', 'range_values': False, 'name': 'return_lse'}","{'acc': {'cv_fused_double_benchmark': {'max_re_ratio': 2.0, 'avg_re_ratio': 1.2, 'root_mean_squared_ratio': 1.2}}, 'perf': 'not_key', 'mem': 1.1}",1
173,flash_attn_npu_4.flash_attn_varlen_func,flash_attn_varlen_func_v4_accuracy,"{'type': 'tensor', 'dtype': 'fp16', 'range_values': [-5.0, 5.0], 'shape': [16, 8, 256], 'name': 'q', 'backward': True}","{'type': 'tensor', 'dtype': 'fp16', 'range_values': [-5.0, 5.0], 'shape': [33, 4, 256], 'name': 'k', 'backward': True}","{'type': 'tensor', 'dtype': 'fp16', 'range_values': [-5.0, 5.0], 'shape': [33, 4, 256], 'name': 'v', 'backward': True}","{'type': 'tensor', 'dtype': 'fp16', 'range_values': 'default', 'shape': [16, 8, 256], 'name': 'qv', 'backward': True}","{'type': 'tensor', 'dtype': 'int32', 'range_values': [0, 16], 'shape': [3], 'name': 'cu_seqlens_q', 'backward': True}","{'type': 'tensor', 'dtype': 'int32', 'range_values': [0, 33], 'shape': [3], 'name': 'cu_seqlens_k', 'backward': True}","{'type': 'attr', 'dtype': 'int', 'range_values': 8, 'name': 'max_seqlen_q'}","{'type': 'attr', 'dtype': 'int', 'range_values': 17, 'name': 'max_seqlen_k'}","{'type': 'attr', 'dtype': 'float', 'range_values': 0.125, 'name': 'softmax_scale'}","{'type': 'attr', 'dtype': 'bool', 'range_values': False, 'name': 'causal'}","[{'type': 'attr_tuple', 'dtype': 'int', 'range_values': -1, 'name': 'window_size'}, {'type': 'attr_tuple', 'dtype': 'int', 'range_values': -1, 'name': 'window_size'}]","{'type': 'attr', 'dtype': 'float', 'range_values': 0.0, 'name': 'softcap'}","{'type': 'attr', 'dtype': 'int', 'range_values': 0, 'name': 'num_splits'}","{'type': 'attr', 'dtype': 'bool', 'range_values': False, 'name': 'deterministic'}","{'type': 'attr', 'dtype': 'bool', 'range_values': False, 'name': 'return_lse'}","{'acc': {'cv_fused_double_benchmark': {'max_re_ratio': 2.0, 'avg_re_ratio': 1.2, 'root_mean_squared_ratio': 1.2}}, 'perf': 'not_key', 'mem': 1.1}",1
174,flash_attn_npu_4.flash_attn_varlen_func,flash_attn_varlen_func_v4_accuracy,"{'type': 'tensor', 'dtype': 'fp16', 'range_values': [-5.0, 5.0], 'shape': [32, 8, 256], 'name': 'q', 'backward': True}","{'type': 'tensor', 'dtype': 'fp16', 'range_values': [-5.0, 5.0], 'shape': [1, 8, 256], 'name': 'k', 'backward': True}","{'type': 'tensor', 'dtype': 'fp16', 'range_values': [-5.0, 5.0], 'shape': [1, 8, 256], 'name': 'v', 'backward': True}","{'type': 'tensor', 'dtype': 'fp16', 'range_values': 'default', 'shape': [32, 8, 256], 'name': 'qv', 'backward': True}","{'type': 'tensor', 'dtype': 'int32', 'range_values': [0, 32], 'shape': [2], 'name': 'cu_seqlens_q', 'backward': True}","{'type': 'tensor', 'dtype': 'int32', 'range_values': [0, 1], 'shape': [2], 'name': 'cu_seqlens_k', 'backward': True}","{'type': 'attr', 'dtype': 'int', 'range_values': 32, 'name': 'max_seqlen_q'}","{'type': 'attr', 'dtype': 'int', 'range_values': 1, 'name': 'max_seqlen_k'}","{'type': 'attr', 'dtype': 'float', 'range_values': 0.125, 'name': 'softmax_scale'}","{'type': 'attr', 'dtype': 'bool', 'range_values': False, 'name': 'causal'}","[{'type': 'attr_tuple', 'dtype': 'int', 'range_values': -1, 'name': 'window_size'}, {'type': 'attr_tuple', 'dtype': 'int', 'range_values': -1, 'name': 'window_size'}]","{'type': 'attr', 'dtype': 'float', 'range_values': 0.0, 'name': 'softcap'}","{'type': 'attr', 'dtype': 'int', 'range_values': 0, 'name': 'num_splits'}","{'type': 'attr', 'dtype': 'bool', 'range_values': False, 'name': 'deterministic'}","{'type': 'attr', 'dtype': 'bool', 'range_values': False, 'name': 'return_lse'}","{'acc': {'cv_fused_double_benchmark': {'max_re_ratio': 2.0, 'avg_re_ratio': 1.2, 'root_mean_squared_ratio': 1.2}}, 'perf': 'not_key', 'mem': 1.1}",1
175,flash_attn_npu_4.flash_attn_varlen_func,flash_attn_varlen_func_v4_accuracy,"{'type': 'tensor', 'dtype': 'bf16', 'range_values': [-5.0, 5.0], 'shape': [2, 8, 128], 'name': 'q', 'backward': True}","{'type': 'tensor', 'dtype': 'bf16', 'range_values': [-5.0, 5.0], 'shape': [128, 4, 128], 'name': 'k', 'backward': True}","{'type': 'tensor', 'dtype': 'bf16', 'range_values': [-5.0, 5.0], 'shape': [128, 4, 128], 'name': 'v', 'backward': True}","{'type': 'tensor', 'dtype': 'bf16', 'range_values': 'default', 'shape': [2, 8, 128], 'name': 'qv', 'backward': True}","{'type': 'tensor', 'dtype': 'int32', 'range_values': [0, 2], 'shape': [3], 'name': 'cu_seqlens_q', 'backward': True}","{'type': 'tensor', 'dtype': 'int32', 'range_values': [0, 128], 'shape': [3], 'name': 'cu_seqlens_k', 'backward': True}","{'type': 'attr', 'dtype': 'int', 'range_values': 1, 'name': 'max_seqlen_q'}","{'type': 'attr', 'dtype': 'int', 'range_values': 64, 'name': 'max_seqlen_k'}","{'type': 'attr', 'dtype': 'float', 'range_values': 0.125, 'name': 'softmax_scale'}","{'type': 'attr', 'dtype': 'bool', 'range_values': False, 'name': 'causal'}","[{'type': 'attr_tuple', 'dtype': 'int', 'range_values': -1, 'name': 'window_size'}, {'type': 'attr_tuple', 'dtype': 'int', 'range_values': -1, 'name': 'window_size'}]","{'type': 'attr', 'dtype': 'float', 'range_values': 0.0, 'name': 'softcap'}","{'type': 'attr', 'dtype': 'int', 'range_values': 0, 'name': 'num_splits'}","{'type': 'attr', 'dtype': 'bool', 'range_values': False, 'name': 'deterministic'}","{'type': 'attr', 'dtype': 'bool', 'range_values': False, 'name': 'return_lse'}","{'acc': {'cv_fused_double_benchmark': {'max_re_ratio': 2.0, 'avg_re_ratio': 1.2, 'root_mean_squared_ratio': 1.2}}, 'perf': 'not_key', 'mem': 1.1}",1
176,flash_attn_npu_4.flash_attn_varlen_func,flash_attn_varlen_func_v4_accuracy,"{'type': 'tensor', 'dtype': 'fp16', 'range_values': [-5.0, 5.0], 'shape': [2, 4, 256], 'name': 'q', 'backward': True}","{'type': 'tensor', 'dtype': 'fp16', 'range_values': [-5.0, 5.0], 'shape': [129, 2, 256], 'name': 'k', 'backward': True}","{'type': 'tensor', 'dtype': 'fp16', 'range_values': [-5.0, 5.0], 'shape': [129, 2, 256], 'name': 'v', 'backward': True}","{'type': 'tensor', 'dtype': 'fp16', 'range_values': 'default', 'shape': [2, 4, 256], 'name': 'qv', 'backward': True}","{'type': 'tensor', 'dtype': 'int32', 'range_values': [0, 2], 'shape': [3], 'name': 'cu_seqlens_q', 'backward': True}","{'type': 'tensor', 'dtype': 'int32', 'range_values': [0, 129], 'shape': [3], 'name': 'cu_seqlens_k', 'backward': True}","{'type': 'attr', 'dtype': 'int', 'range_values': 1, 'name': 'max_seqlen_q'}","{'type': 'attr', 'dtype': 'int', 'range_values': 65, 'name': 'max_seqlen_k'}","{'type': 'attr', 'dtype': 'float', 'range_values': 0.125, 'name': 'softmax_scale'}","{'type': 'attr', 'dtype': 'bool', 'range_values': True, 'name': 'causal'}","[{'type': 'attr_tuple', 'dtype': 'int', 'range_values': -1, 'name': 'window_size'}, {'type': 'attr_tuple', 'dtype': 'int', 'range_values': -1, 'name': 'window_size'}]","{'type': 'attr', 'dtype': 'float', 'range_values': 0.0, 'name': 'softcap'}","{'type': 'attr', 'dtype': 'int', 'range_values': 0, 'name': 'num_splits'}","{'type': 'attr', 'dtype': 'bool', 'range_values': False, 'name': 'deterministic'}","{'type': 'attr', 'dtype': 'bool', 'range_values': False, 'name': 'return_lse'}","{'acc': {'cv_fused_double_benchmark': {'max_re_ratio': 2.0, 'avg_re_ratio': 1.2, 'root_mean_squared_ratio': 1.2}}, 'perf': 'not_key', 'mem': 1.1}",1
177,flash_attn_npu_4.flash_attn_varlen_func,flash_attn_varlen_func_v4_accuracy,"{'type': 'tensor', 'dtype': 'fp16', 'range_values': [-5.0, 5.0], 'shape': [15, 4, 128], 'name': 'q', 'backward': True}","{'type': 'tensor', 'dtype': 'fp16', 'range_values': [-5.0, 5.0], 'shape': [129, 4, 128], 'name': 'k', 'backward': True}","{'type': 'tensor', 'dtype': 'fp16', 'range_values': [-5.0, 5.0], 'shape': [129, 4, 128], 'name': 'v', 'backward': True}","{'type': 'tensor', 'dtype': 'fp16', 'range_values': 'default', 'shape': [15, 4, 128], 'name': 'qv', 'backward': True}","{'type': 'tensor', 'dtype': 'int32', 'range_values': [0, 15], 'shape': [2], 'name': 'cu_seqlens_q', 'backward': True}","{'type': 'tensor', 'dtype': 'int32', 'range_values': [0, 129], 'shape': [2], 'name': 'cu_seqlens_k', 'backward': True}","{'type': 'attr', 'dtype': 'int', 'range_values': 15, 'name': 'max_seqlen_q'}","{'type': 'attr', 'dtype': 'int', 'range_values': 129, 'name': 'max_seqlen_k'}","{'type': 'attr', 'dtype': 'float', 'range_values': 0.125, 'name': 'softmax_scale'}","{'type': 'attr', 'dtype': 'bool', 'range_values': True, 'name': 'causal'}","[{'type': 'attr_tuple', 'dtype': 'int', 'range_values': -1, 'name': 'window_size'}, {'type': 'attr_tuple', 'dtype': 'int', 'range_values': -1, 'name': 'window_size'}]","{'type': 'attr', 'dtype': 'float', 'range_values': 0.0, 'name': 'softcap'}","{'type': 'attr', 'dtype': 'int', 'range_values': 0, 'name': 'num_splits'}","{'type': 'attr', 'dtype': 'bool', 'range_values': False, 'name': 'deterministic'}","{'type': 'attr', 'dtype': 'bool', 'range_values': False, 'name': 'return_lse'}","{'acc': {'cv_fused_double_benchmark': {'max_re_ratio': 2.0, 'avg_re_ratio': 1.2, 'root_mean_squared_ratio': 1.2}}, 'perf': 'not_key', 'mem': 1.1}",1
178,flash_attn_npu_4.flash_attn_varlen_func,flash_attn_varlen_func_v4_accuracy,"{'type': 'tensor', 'dtype': 'bf16', 'range_values': [-5.0, 5.0], 'shape': [64, 2, 256], 'name': 'q', 'backward': True}","{'type': 'tensor', 'dtype': 'bf16', 'range_values': [-5.0, 5.0], 'shape': [96, 2, 256], 'name': 'k', 'backward': True}","{'type': 'tensor', 'dtype': 'bf16', 'range_values': [-5.0, 5.0], 'shape': [96, 2, 256], 'name': 'v', 'backward': True}","{'type': 'tensor', 'dtype': 'bf16', 'range_values': 'default', 'shape': [64, 2, 256], 'name': 'qv', 'backward': True}","{'type': 'tensor', 'dtype': 'int32', 'range_values': [0, 64], 'shape': [5], 'name': 'cu_seqlens_q', 'backward': True}","{'type': 'tensor', 'dtype': 'int32', 'range_values': [0, 96], 'shape': [5], 'name': 'cu_seqlens_k', 'backward': True}","{'type': 'attr', 'dtype': 'int', 'range_values': 16, 'name': 'max_seqlen_q'}","{'type': 'attr', 'dtype': 'int', 'range_values': 24, 'name': 'max_seqlen_k'}","{'type': 'attr', 'dtype': 'float', 'range_values': 0.125, 'name': 'softmax_scale'}","{'type': 'attr', 'dtype': 'bool', 'range_values': True, 'name': 'causal'}","[{'type': 'attr_tuple', 'dtype': 'int', 'range_values': -1, 'name': 'window_size'}, {'type': 'attr_tuple', 'dtype': 'int', 'range_values': -1, 'name': 'window_size'}]","{'type': 'attr', 'dtype': 'float', 'range_values': 0.0, 'name': 'softcap'}","{'type': 'attr', 'dtype': 'int', 'range_values': 0, 'name': 'num_splits'}","{'type': 'attr', 'dtype': 'bool', 'range_values': False, 'name': 'deterministic'}","{'type': 'attr', 'dtype': 'bool', 'range_values': False, 'name': 'return_lse'}","{'acc': {'cv_fused_double_benchmark': {'max_re_ratio': 2.0, 'avg_re_ratio': 1.2, 'root_mean_squared_ratio': 1.2}}, 'perf': 'not_key', 'mem': 1.1}",1
179,flash_attn_npu_4.flash_attn_varlen_func,flash_attn_varlen_func_v4_accuracy,"{'type': 'tensor', 'dtype': 'fp16', 'range_values': [-5.0, 5.0], 'shape': [256, 4, 64], 'name': 'q', 'backward': True}","{'type': 'tensor', 'dtype': 'fp16', 'range_values': [-5.0, 5.0], 'shape': [64, 4, 64], 'name': 'k', 'backward': True}","{'type': 'tensor', 'dtype': 'fp16', 'range_values': [-5.0, 5.0], 'shape': [64, 4, 64], 'name': 'v', 'backward': True}","{'type': 'tensor', 'dtype': 'fp16', 'range_values': 'default', 'shape': [256, 4, 64], 'name': 'qv', 'backward': True}","{'type': 'tensor', 'dtype': 'int32', 'range_values': [0, 256], 'shape': [9], 'name': 'cu_seqlens_q', 'backward': True}","{'type': 'tensor', 'dtype': 'int32', 'range_values': [0, 64], 'shape': [9], 'name': 'cu_seqlens_k', 'backward': True}","{'type': 'attr', 'dtype': 'int', 'range_values': 32, 'name': 'max_seqlen_q'}","{'type': 'attr', 'dtype': 'int', 'range_values': 8, 'name': 'max_seqlen_k'}","{'type': 'attr', 'dtype': 'float', 'range_values': 0.125, 'name': 'softmax_scale'}","{'type': 'attr', 'dtype': 'bool', 'range_values': False, 'name': 'causal'}","[{'type': 'attr_tuple', 'dtype': 'int', 'range_values': -1, 'name': 'window_size'}, {'type': 'attr_tuple', 'dtype': 'int', 'range_values': -1, 'name': 'window_size'}]","{'type': 'attr', 'dtype': 'float', 'range_values': 0.0, 'name': 'softcap'}","{'type': 'attr', 'dtype': 'int', 'range_values': 0, 'name': 'num_splits'}","{'type': 'attr', 'dtype': 'bool', 'range_values': False, 'name': 'deterministic'}","{'type': 'attr', 'dtype': 'bool', 'range_values': False, 'name': 'return_lse'}","{'acc': {'cv_fused_double_benchmark': {'max_re_ratio': 2.0, 'avg_re_ratio': 1.2, 'root_mean_squared_ratio': 1.2}}, 'perf': 'not_key', 'mem': 1.1}",1
180,flash_attn_npu_4.flash_attn_varlen_func,flash_attn_varlen_func_v4_accuracy,"{'type': 'tensor', 'dtype': 'fp16', 'range_values': [-5.0, 5.0], 'shape': [64, 2, 256], 'name': 'q', 'backward': True}","{'type': 'tensor', 'dtype': 'fp16', 'range_values': [-5.0, 5.0], 'shape': [128, 2, 256], 'name': 'k', 'backward': True}","{'type': 'tensor', 'dtype': 'fp16', 'range_values': [-5.0, 5.0], 'shape': [128, 2, 256], 'name': 'v', 'backward': True}","{'type': 'tensor', 'dtype': 'fp16', 'range_values': 'default', 'shape': [64, 2, 256], 'name': 'qv', 'backward': True}","{'type': 'tensor', 'dtype': 'int32', 'range_values': [0, 64], 'shape': [2], 'name': 'cu_seqlens_q', 'backward': True}","{'type': 'tensor', 'dtype': 'int32', 'range_values': [0, 128], 'shape': [2], 'name': 'cu_seqlens_k', 'backward': True}","{'type': 'attr', 'dtype': 'int', 'range_values': 64, 'name': 'max_seqlen_q'}","{'type': 'attr', 'dtype': 'int', 'range_values': 128, 'name': 'max_seqlen_k'}","{'type': 'attr', 'dtype': 'float', 'range_values': 0.125, 'name': 'softmax_scale'}","{'type': 'attr', 'dtype': 'bool', 'range_values': True, 'name': 'causal'}","[{'type': 'attr_tuple', 'dtype': 'int', 'range_values': -1, 'name': 'window_size'}, {'type': 'attr_tuple', 'dtype': 'int', 'range_values': -1, 'name': 'window_size'}]","{'type': 'attr', 'dtype': 'float', 'range_values': 0.0, 'name': 'softcap'}","{'type': 'attr', 'dtype': 'int', 'range_values': 0, 'name': 'num_splits'}","{'type': 'attr', 'dtype': 'bool', 'range_values': False, 'name': 'deterministic'}","{'type': 'attr', 'dtype': 'bool', 'range_values': False, 'name': 'return_lse'}","{'acc': {'cv_fused_double_benchmark': {'max_re_ratio': 2.0, 'avg_re_ratio': 1.2, 'root_mean_squared_ratio': 1.2}}, 'perf': 'not_key', 'mem': 1.1}",1
181,flash_attn_npu_4.flash_attn_varlen_func,flash_attn_varlen_func_v4_accuracy,"{'type': 'tensor', 'dtype': 'fp16', 'range_values': [-5.0, 5.0], 'shape': [16, 8, 256], 'name': 'q', 'backward': True}","{'type': 'tensor', 'dtype': 'fp16', 'range_values': [-5.0, 5.0], 'shape': [257, 1, 256], 'name': 'k', 'backward': True}","{'type': 'tensor', 'dtype': 'fp16', 'range_values': [-5.0, 5.0], 'shape': [257, 1, 256], 'name': 'v', 'backward': True}","{'type': 'tensor', 'dtype': 'fp16', 'range_values': 'default', 'shape': [16, 8, 256], 'name': 'qv', 'backward': True}","{'type': 'tensor', 'dtype': 'int32', 'range_values': [0, 16], 'shape': [5], 'name': 'cu_seqlens_q', 'backward': True}","{'type': 'tensor', 'dtype': 'int32', 'range_values': [0, 257], 'shape': [5], 'name': 'cu_seqlens_k', 'backward': True}","{'type': 'attr', 'dtype': 'int', 'range_values': 4, 'name': 'max_seqlen_q'}","{'type': 'attr', 'dtype': 'int', 'range_values': 65, 'name': 'max_seqlen_k'}","{'type': 'attr', 'dtype': 'float', 'range_values': 0.125, 'name': 'softmax_scale'}","{'type': 'attr', 'dtype': 'bool', 'range_values': False, 'name': 'causal'}","[{'type': 'attr_tuple', 'dtype': 'int', 'range_values': -1, 'name': 'window_size'}, {'type': 'attr_tuple', 'dtype': 'int', 'range_values': -1, 'name': 'window_size'}]","{'type': 'attr', 'dtype': 'float', 'range_values': 0.0, 'name': 'softcap'}","{'type': 'attr', 'dtype': 'int', 'range_values': 0, 'name': 'num_splits'}","{'type': 'attr', 'dtype': 'bool', 'range_values': False, 'name': 'deterministic'}","{'type': 'attr', 'dtype': 'bool', 'range_values': False, 'name': 'return_lse'}","{'acc': {'cv_fused_double_benchmark': {'max_re_ratio': 2.0, 'avg_re_ratio': 1.2, 'root_mean_squared_ratio': 1.2}}, 'perf': 'not_key', 'mem': 1.1}",1
182,flash_attn_npu_4.flash_attn_varlen_func,flash_attn_varlen_func_v4_accuracy,"{'type': 'tensor', 'dtype': 'fp16', 'range_values': [-5.0, 5.0], 'shape': [65, 4, 128], 'name': 'q', 'backward': True}","{'type': 'tensor', 'dtype': 'fp16', 'range_values': [-5.0, 5.0], 'shape': [128, 4, 128], 'name': 'k', 'backward': True}","{'type': 'tensor', 'dtype': 'fp16', 'range_values': [-5.0, 5.0], 'shape': [128, 4, 128], 'name': 'v', 'backward': True}","{'type': 'tensor', 'dtype': 'fp16', 'range_values': 'default', 'shape': [65, 4, 128], 'name': 'qv', 'backward': True}","{'type': 'tensor', 'dtype': 'int32', 'range_values': [0, 65], 'shape': [5], 'name': 'cu_seqlens_q', 'backward': True}","{'type': 'tensor', 'dtype': 'int32', 'range_values': [0, 128], 'shape': [5], 'name': 'cu_seqlens_k', 'backward': True}","{'type': 'attr', 'dtype': 'int', 'range_values': 17, 'name': 'max_seqlen_q'}","{'type': 'attr', 'dtype': 'int', 'range_values': 32, 'name': 'max_seqlen_k'}","{'type': 'attr', 'dtype': 'float', 'range_values': 0.125, 'name': 'softmax_scale'}","{'type': 'attr', 'dtype': 'bool', 'range_values': True, 'name': 'causal'}","[{'type': 'attr_tuple', 'dtype': 'int', 'range_values': -1, 'name': 'window_size'}, {'type': 'attr_tuple', 'dtype': 'int', 'range_values': -1, 'name': 'window_size'}]","{'type': 'attr', 'dtype': 'float', 'range_values': 0.0, 'name': 'softcap'}","{'type': 'attr', 'dtype': 'int', 'range_values': 0, 'name': 'num_splits'}","{'type': 'attr', 'dtype': 'bool', 'range_values': False, 'name': 'deterministic'}","{'type': 'attr', 'dtype': 'bool', 'range_values': False, 'name': 'return_lse'}","{'acc': {'cv_fused_double_benchmark': {'max_re_ratio': 2.0, 'avg_re_ratio': 1.2, 'root_mean_squared_ratio': 1.2}}, 'perf': 'not_key', 'mem': 1.1}",1
183,flash_attn_npu_4.flash_attn_varlen_func,flash_attn_varlen_func_v4_accuracy,"{'type': 'tensor', 'dtype': 'bf16', 'range_values': [-5.0, 5.0], 'shape': [65, 2, 256], 'name': 'q', 'backward': True}","{'type': 'tensor', 'dtype': 'bf16', 'range_values': [-5.0, 5.0], 'shape': [257, 1, 256], 'name': 'k', 'backward': True}","{'type': 'tensor', 'dtype': 'bf16', 'range_values': [-5.0, 5.0], 'shape': [257, 1, 256], 'name': 'v', 'backward': True}","{'type': 'tensor', 'dtype': 'bf16', 'range_values': 'default', 'shape': [65, 2, 256], 'name': 'qv', 'backward': True}","{'type': 'tensor', 'dtype': 'int32', 'range_values': [0, 65], 'shape': [9], 'name': 'cu_seqlens_q', 'backward': True}","{'type': 'tensor', 'dtype': 'int32', 'range_values': [0, 257], 'shape': [9], 'name': 'cu_seqlens_k', 'backward': True}","{'type': 'attr', 'dtype': 'int', 'range_values': 9, 'name': 'max_seqlen_q'}","{'type': 'attr', 'dtype': 'int', 'range_values': 33, 'name': 'max_seqlen_k'}","{'type': 'attr', 'dtype': 'float', 'range_values': 0.125, 'name': 'softmax_scale'}","{'type': 'attr', 'dtype': 'bool', 'range_values': True, 'name': 'causal'}","[{'type': 'attr_tuple', 'dtype': 'int', 'range_values': -1, 'name': 'window_size'}, {'type': 'attr_tuple', 'dtype': 'int', 'range_values': -1, 'name': 'window_size'}]","{'type': 'attr', 'dtype': 'float', 'range_values': 0.0, 'name': 'softcap'}","{'type': 'attr', 'dtype': 'int', 'range_values': 0, 'name': 'num_splits'}","{'type': 'attr', 'dtype': 'bool', 'range_values': False, 'name': 'deterministic'}","{'type': 'attr', 'dtype': 'bool', 'range_values': False, 'name': 'return_lse'}","{'acc': {'cv_fused_double_benchmark': {'max_re_ratio': 2.0, 'avg_re_ratio': 1.2, 'root_mean_squared_ratio': 1.2}}, 'perf': 'not_key', 'mem': 1.1}",1
184,flash_attn_npu_4.flash_attn_varlen_func,flash_attn_varlen_func_v4_accuracy,"{'type': 'tensor', 'dtype': 'fp16', 'range_values': [-5.0, 5.0], 'shape': [16, 16, 256], 'name': 'q', 'backward': True}","{'type': 'tensor', 'dtype': 'fp16', 'range_values': [-5.0, 5.0], 'shape': [32, 8, 256], 'name': 'k', 'backward': True}","{'type': 'tensor', 'dtype': 'fp16', 'range_values': [-5.0, 5.0], 'shape': [32, 8, 256], 'name': 'v', 'backward': True}","{'type': 'tensor', 'dtype': 'fp16', 'range_values': 'default', 'shape': [16, 16, 256], 'name': 'qv', 'backward': True}","{'type': 'tensor', 'dtype': 'int32', 'range_values': [0, 16], 'shape': [5], 'name': 'cu_seqlens_q', 'backward': True}","{'type': 'tensor', 'dtype': 'int32', 'range_values': [0, 32], 'shape': [5], 'name': 'cu_seqlens_k', 'backward': True}","{'type': 'attr', 'dtype': 'int', 'range_values': 4, 'name': 'max_seqlen_q'}","{'type': 'attr', 'dtype': 'int', 'range_values': 8, 'name': 'max_seqlen_k'}","{'type': 'attr', 'dtype': 'float', 'range_values': 0.125, 'name': 'softmax_scale'}","{'type': 'attr', 'dtype': 'bool', 'range_values': True, 'name': 'causal'}","[{'type': 'attr_tuple', 'dtype': 'int', 'range_values': -1, 'name': 'window_size'}, {'type': 'attr_tuple', 'dtype': 'int', 'range_values': -1, 'name': 'window_size'}]","{'type': 'attr', 'dtype': 'float', 'range_values': 0.0, 'name': 'softcap'}","{'type': 'attr', 'dtype': 'int', 'range_values': 0, 'name': 'num_splits'}","{'type': 'attr', 'dtype': 'bool', 'range_values': False, 'name': 'deterministic'}","{'type': 'attr', 'dtype': 'bool', 'range_values': False, 'name': 'return_lse'}","{'acc': {'cv_fused_double_benchmark': {'max_re_ratio': 2.0, 'avg_re_ratio': 1.2, 'root_mean_squared_ratio': 1.2}}, 'perf': 'not_key', 'mem': 1.1}",1
185,flash_attn_npu_4.flash_attn_varlen_func,flash_attn_varlen_func_v4_accuracy,"{'type': 'tensor', 'dtype': 'bf16', 'range_values': [-5.0, 5.0], 'shape': [256, 16, 32], 'name': 'q', 'backward': True}","{'type': 'tensor', 'dtype': 'bf16', 'range_values': [-5.0, 5.0], 'shape': [1, 2, 32], 'name': 'k', 'backward': True}","{'type': 'tensor', 'dtype': 'bf16', 'range_values': [-5.0, 5.0], 'shape': [1, 2, 32], 'name': 'v', 'backward': True}","{'type': 'tensor', 'dtype': 'bf16', 'range_values': 'default', 'shape': [256, 16, 32], 'name': 'qv', 'backward': True}","{'type': 'tensor', 'dtype': 'int32', 'range_values': [0, 256], 'shape': [2], 'name': 'cu_seqlens_q', 'backward': True}","{'type': 'tensor', 'dtype': 'int32', 'range_values': [0, 1], 'shape': [2], 'name': 'cu_seqlens_k', 'backward': True}","{'type': 'attr', 'dtype': 'int', 'range_values': 256, 'name': 'max_seqlen_q'}","{'type': 'attr', 'dtype': 'int', 'range_values': 1, 'name': 'max_seqlen_k'}","{'type': 'attr', 'dtype': 'float', 'range_values': 0.125, 'name': 'softmax_scale'}","{'type': 'attr', 'dtype': 'bool', 'range_values': False, 'name': 'causal'}","[{'type': 'attr_tuple', 'dtype': 'int', 'range_values': -1, 'name': 'window_size'}, {'type': 'attr_tuple', 'dtype': 'int', 'range_values': -1, 'name': 'window_size'}]","{'type': 'attr', 'dtype': 'float', 'range_values': 0.0, 'name': 'softcap'}","{'type': 'attr', 'dtype': 'int', 'range_values': 0, 'name': 'num_splits'}","{'type': 'attr', 'dtype': 'bool', 'range_values': False, 'name': 'deterministic'}","{'type': 'attr', 'dtype': 'bool', 'range_values': False, 'name': 'return_lse'}","{'acc': {'cv_fused_double_benchmark': {'max_re_ratio': 2.0, 'avg_re_ratio': 1.2, 'root_mean_squared_ratio': 1.2}}, 'perf': 'not_key', 'mem': 1.1}",1
186,flash_attn_npu_4.flash_attn_varlen_func,flash_attn_varlen_func_v4_accuracy,"{'type': 'tensor', 'dtype': 'bf16', 'range_values': [-5.0, 5.0], 'shape': [128, 4, 256], 'name': 'q', 'backward': True}","{'type': 'tensor', 'dtype': 'bf16', 'range_values': [-5.0, 5.0], 'shape': [15, 1, 256], 'name': 'k', 'backward': True}","{'type': 'tensor', 'dtype': 'bf16', 'range_values': [-5.0, 5.0], 'shape': [15, 1, 256], 'name': 'v', 'backward': True}","{'type': 'tensor', 'dtype': 'bf16', 'range_values': 'default', 'shape': [128, 4, 256], 'name': 'qv', 'backward': True}","{'type': 'tensor', 'dtype': 'int32', 'range_values': [0, 128], 'shape': [3], 'name': 'cu_seqlens_q', 'backward': True}","{'type': 'tensor', 'dtype': 'int32', 'range_values': [0, 15], 'shape': [3], 'name': 'cu_seqlens_k', 'backward': True}","{'type': 'attr', 'dtype': 'int', 'range_values': 64, 'name': 'max_seqlen_q'}","{'type': 'attr', 'dtype': 'int', 'range_values': 8, 'name': 'max_seqlen_k'}","{'type': 'attr', 'dtype': 'float', 'range_values': 0.125, 'name': 'softmax_scale'}","{'type': 'attr', 'dtype': 'bool', 'range_values': False, 'name': 'causal'}","[{'type': 'attr_tuple', 'dtype': 'int', 'range_values': -1, 'name': 'window_size'}, {'type': 'attr_tuple', 'dtype': 'int', 'range_values': -1, 'name': 'window_size'}]","{'type': 'attr', 'dtype': 'float', 'range_values': 0.0, 'name': 'softcap'}","{'type': 'attr', 'dtype': 'int', 'range_values': 0, 'name': 'num_splits'}","{'type': 'attr', 'dtype': 'bool', 'range_values': False, 'name': 'deterministic'}","{'type': 'attr', 'dtype': 'bool', 'range_values': False, 'name': 'return_lse'}","{'acc': {'cv_fused_double_benchmark': {'max_re_ratio': 2.0, 'avg_re_ratio': 1.2, 'root_mean_squared_ratio': 1.2}}, 'perf': 'not_key', 'mem': 1.1}",1
187,flash_attn_npu_4.flash_attn_varlen_func,flash_attn_varlen_func_v4_accuracy,"{'type': 'tensor', 'dtype': 'fp16', 'range_values': [-5.0, 5.0], 'shape': [8, 2, 256], 'name': 'q', 'backward': True}","{'type': 'tensor', 'dtype': 'fp16', 'range_values': [-5.0, 5.0], 'shape': [257, 2, 256], 'name': 'k', 'backward': True}","{'type': 'tensor', 'dtype': 'fp16', 'range_values': [-5.0, 5.0], 'shape': [257, 2, 256], 'name': 'v', 'backward': True}","{'type': 'tensor', 'dtype': 'fp16', 'range_values': 'default', 'shape': [8, 2, 256], 'name': 'qv', 'backward': True}","{'type': 'tensor', 'dtype': 'int32', 'range_values': [0, 8], 'shape': [2], 'name': 'cu_seqlens_q', 'backward': True}","{'type': 'tensor', 'dtype': 'int32', 'range_values': [0, 257], 'shape': [2], 'name': 'cu_seqlens_k', 'backward': True}","{'type': 'attr', 'dtype': 'int', 'range_values': 8, 'name': 'max_seqlen_q'}","{'type': 'attr', 'dtype': 'int', 'range_values': 257, 'name': 'max_seqlen_k'}","{'type': 'attr', 'dtype': 'float', 'range_values': 0.125, 'name': 'softmax_scale'}","{'type': 'attr', 'dtype': 'bool', 'range_values': True, 'name': 'causal'}","[{'type': 'attr_tuple', 'dtype': 'int', 'range_values': -1, 'name': 'window_size'}, {'type': 'attr_tuple', 'dtype': 'int', 'range_values': -1, 'name': 'window_size'}]","{'type': 'attr', 'dtype': 'float', 'range_values': 0.0, 'name': 'softcap'}","{'type': 'attr', 'dtype': 'int', 'range_values': 0, 'name': 'num_splits'}","{'type': 'attr', 'dtype': 'bool', 'range_values': False, 'name': 'deterministic'}","{'type': 'attr', 'dtype': 'bool', 'range_values': False, 'name': 'return_lse'}","{'acc': {'cv_fused_double_benchmark': {'max_re_ratio': 2.0, 'avg_re_ratio': 1.2, 'root_mean_squared_ratio': 1.2}}, 'perf': 'not_key', 'mem': 1.1}",1
188,flash_attn_npu_4.flash_attn_varlen_func,flash_attn_varlen_func_v4_accuracy,"{'type': 'tensor', 'dtype': 'fp16', 'range_values': [-5.0, 5.0], 'shape': [33, 4, 128], 'name': 'q', 'backward': True}","{'type': 'tensor', 'dtype': 'fp16', 'range_values': [-5.0, 5.0], 'shape': [257, 4, 128], 'name': 'k', 'backward': True}","{'type': 'tensor', 'dtype': 'fp16', 'range_values': [-5.0, 5.0], 'shape': [257, 4, 128], 'name': 'v', 'backward': True}","{'type': 'tensor', 'dtype': 'fp16', 'range_values': 'default', 'shape': [33, 4, 128], 'name': 'qv', 'backward': True}","{'type': 'tensor', 'dtype': 'int32', 'range_values': [0, 33], 'shape': [5], 'name': 'cu_seqlens_q', 'backward': True}","{'type': 'tensor', 'dtype': 'int32', 'range_values': [0, 257], 'shape': [5], 'name': 'cu_seqlens_k', 'backward': True}","{'type': 'attr', 'dtype': 'int', 'range_values': 9, 'name': 'max_seqlen_q'}","{'type': 'attr', 'dtype': 'int', 'range_values': 65, 'name': 'max_seqlen_k'}","{'type': 'attr', 'dtype': 'float', 'range_values': 0.125, 'name': 'softmax_scale'}","{'type': 'attr', 'dtype': 'bool', 'range_values': True, 'name': 'causal'}","[{'type': 'attr_tuple', 'dtype': 'int', 'range_values': -1, 'name': 'window_size'}, {'type': 'attr_tuple', 'dtype': 'int', 'range_values': -1, 'name': 'window_size'}]","{'type': 'attr', 'dtype': 'float', 'range_values': 0.0, 'name': 'softcap'}","{'type': 'attr', 'dtype': 'int', 'range_values': 0, 'name': 'num_splits'}","{'type': 'attr', 'dtype': 'bool', 'range_values': False, 'name': 'deterministic'}","{'type': 'attr', 'dtype': 'bool', 'range_values': False, 'name': 'return_lse'}","{'acc': {'cv_fused_double_benchmark': {'max_re_ratio': 2.0, 'avg_re_ratio': 1.2, 'root_mean_squared_ratio': 1.2}}, 'perf': 'not_key', 'mem': 1.1}",1
189,flash_attn_npu_4.flash_attn_varlen_func,flash_attn_varlen_func_v4_accuracy,"{'type': 'tensor', 'dtype': 'bf16', 'range_values': [-5.0, 5.0], 'shape': [96, 16, 64], 'name': 'q', 'backward': True}","{'type': 'tensor', 'dtype': 'bf16', 'range_values': [-5.0, 5.0], 'shape': [64, 16, 64], 'name': 'k', 'backward': True}","{'type': 'tensor', 'dtype': 'bf16', 'range_values': [-5.0, 5.0], 'shape': [64, 16, 64], 'name': 'v', 'backward': True}","{'type': 'tensor', 'dtype': 'bf16', 'range_values': 'default', 'shape': [96, 16, 64], 'name': 'qv', 'backward': True}","{'type': 'tensor', 'dtype': 'int32', 'range_values': [0, 96], 'shape': [5], 'name': 'cu_seqlens_q', 'backward': True}","{'type': 'tensor', 'dtype': 'int32', 'range_values': [0, 64], 'shape': [5], 'name': 'cu_seqlens_k', 'backward': True}","{'type': 'attr', 'dtype': 'int', 'range_values': 24, 'name': 'max_seqlen_q'}","{'type': 'attr', 'dtype': 'int', 'range_values': 16, 'name': 'max_seqlen_k'}","{'type': 'attr', 'dtype': 'float', 'range_values': 0.125, 'name': 'softmax_scale'}","{'type': 'attr', 'dtype': 'bool', 'range_values': False, 'name': 'causal'}","[{'type': 'attr_tuple', 'dtype': 'int', 'range_values': -1, 'name': 'window_size'}, {'type': 'attr_tuple', 'dtype': 'int', 'range_values': -1, 'name': 'window_size'}]","{'type': 'attr', 'dtype': 'float', 'range_values': 0.0, 'name': 'softcap'}","{'type': 'attr', 'dtype': 'int', 'range_values': 0, 'name': 'num_splits'}","{'type': 'attr', 'dtype': 'bool', 'range_values': False, 'name': 'deterministic'}","{'type': 'attr', 'dtype': 'bool', 'range_values': False, 'name': 'return_lse'}","{'acc': {'cv_fused_double_benchmark': {'max_re_ratio': 2.0, 'avg_re_ratio': 1.2, 'root_mean_squared_ratio': 1.2}}, 'perf': 'not_key', 'mem': 1.1}",1
190,flash_attn_npu_4.flash_attn_varlen_func,flash_attn_varlen_func_v4_accuracy,"{'type': 'tensor', 'dtype': 'bf16', 'range_values': [-5.0, 5.0], 'shape': [96, 8, 128], 'name': 'q', 'backward': True}","{'type': 'tensor', 'dtype': 'bf16', 'range_values': [-5.0, 5.0], 'shape': [96, 8, 128], 'name': 'k', 'backward': True}","{'type': 'tensor', 'dtype': 'bf16', 'range_values': [-5.0, 5.0], 'shape': [96, 8, 128], 'name': 'v', 'backward': True}","{'type': 'tensor', 'dtype': 'bf16', 'range_values': 'default', 'shape': [96, 8, 128], 'name': 'qv', 'backward': True}","{'type': 'tensor', 'dtype': 'int32', 'range_values': [0, 96], 'shape': [5], 'name': 'cu_seqlens_q', 'backward': True}","{'type': 'tensor', 'dtype': 'int32', 'range_values': [0, 96], 'shape': [5], 'name': 'cu_seqlens_k', 'backward': True}","{'type': 'attr', 'dtype': 'int', 'range_values': 24, 'name': 'max_seqlen_q'}","{'type': 'attr', 'dtype': 'int', 'range_values': 24, 'name': 'max_seqlen_k'}","{'type': 'attr', 'dtype': 'float', 'range_values': 0.125, 'name': 'softmax_scale'}","{'type': 'attr', 'dtype': 'bool', 'range_values': True, 'name': 'causal'}","[{'type': 'attr_tuple', 'dtype': 'int', 'range_values': -1, 'name': 'window_size'}, {'type': 'attr_tuple', 'dtype': 'int', 'range_values': -1, 'name': 'window_size'}]","{'type': 'attr', 'dtype': 'float', 'range_values': 0.0, 'name': 'softcap'}","{'type': 'attr', 'dtype': 'int', 'range_values': 0, 'name': 'num_splits'}","{'type': 'attr', 'dtype': 'bool', 'range_values': False, 'name': 'deterministic'}","{'type': 'attr', 'dtype': 'bool', 'range_values': False, 'name': 'return_lse'}","{'acc': {'cv_fused_double_benchmark': {'max_re_ratio': 2.0, 'avg_re_ratio': 1.2, 'root_mean_squared_ratio': 1.2}}, 'perf': 'not_key', 'mem': 1.1}",1
191,flash_attn_npu_4.flash_attn_varlen_func,flash_attn_varlen_func_v4_accuracy,"{'type': 'tensor', 'dtype': 'fp16', 'range_values': [-5.0, 5.0], 'shape': [64, 8, 256], 'name': 'q', 'backward': True}","{'type': 'tensor', 'dtype': 'fp16', 'range_values': [-5.0, 5.0], 'shape': [64, 4, 256], 'name': 'k', 'backward': True}","{'type': 'tensor', 'dtype': 'fp16', 'range_values': [-5.0, 5.0], 'shape': [64, 4, 256], 'name': 'v', 'backward': True}","{'type': 'tensor', 'dtype': 'fp16', 'range_values': 'default', 'shape': [64, 8, 256], 'name': 'qv', 'backward': True}","{'type': 'tensor', 'dtype': 'int32', 'range_values': [0, 64], 'shape': [9], 'name': 'cu_seqlens_q', 'backward': True}","{'type': 'tensor', 'dtype': 'int32', 'range_values': [0, 64], 'shape': [9], 'name': 'cu_seqlens_k', 'backward': True}","{'type': 'attr', 'dtype': 'int', 'range_values': 8, 'name': 'max_seqlen_q'}","{'type': 'attr', 'dtype': 'int', 'range_values': 8, 'name': 'max_seqlen_k'}","{'type': 'attr', 'dtype': 'float', 'range_values': 0.125, 'name': 'softmax_scale'}","{'type': 'attr', 'dtype': 'bool', 'range_values': True, 'name': 'causal'}","[{'type': 'attr_tuple', 'dtype': 'int', 'range_values': -1, 'name': 'window_size'}, {'type': 'attr_tuple', 'dtype': 'int', 'range_values': -1, 'name': 'window_size'}]","{'type': 'attr', 'dtype': 'float', 'range_values': 0.0, 'name': 'softcap'}","{'type': 'attr', 'dtype': 'int', 'range_values': 0, 'name': 'num_splits'}","{'type': 'attr', 'dtype': 'bool', 'range_values': False, 'name': 'deterministic'}","{'type': 'attr', 'dtype': 'bool', 'range_values': False, 'name': 'return_lse'}","{'acc': {'cv_fused_double_benchmark': {'max_re_ratio': 2.0, 'avg_re_ratio': 1.2, 'root_mean_squared_ratio': 1.2}}, 'perf': 'not_key', 'mem': 1.1}",1
192,flash_attn_npu_4.flash_attn_varlen_func,flash_attn_varlen_func_v4_accuracy,"{'type': 'tensor', 'dtype': 'fp16', 'range_values': [-5.0, 5.0], 'shape': [32, 16, 256], 'name': 'q', 'backward': True}","{'type': 'tensor', 'dtype': 'fp16', 'range_values': [-5.0, 5.0], 'shape': [129, 2, 256], 'name': 'k', 'backward': True}","{'type': 'tensor', 'dtype': 'fp16', 'range_values': [-5.0, 5.0], 'shape': [129, 2, 256], 'name': 'v', 'backward': True}","{'type': 'tensor', 'dtype': 'fp16', 'range_values': 'default', 'shape': [32, 16, 256], 'name': 'qv', 'backward': True}","{'type': 'tensor', 'dtype': 'int32', 'range_values': [0, 32], 'shape': [3], 'name': 'cu_seqlens_q', 'backward': True}","{'type': 'tensor', 'dtype': 'int32', 'range_values': [0, 129], 'shape': [3], 'name': 'cu_seqlens_k', 'backward': True}","{'type': 'attr', 'dtype': 'int', 'range_values': 16, 'name': 'max_seqlen_q'}","{'type': 'attr', 'dtype': 'int', 'range_values': 65, 'name': 'max_seqlen_k'}","{'type': 'attr', 'dtype': 'float', 'range_values': 0.125, 'name': 'softmax_scale'}","{'type': 'attr', 'dtype': 'bool', 'range_values': False, 'name': 'causal'}","[{'type': 'attr_tuple', 'dtype': 'int', 'range_values': -1, 'name': 'window_size'}, {'type': 'attr_tuple', 'dtype': 'int', 'range_values': -1, 'name': 'window_size'}]","{'type': 'attr', 'dtype': 'float', 'range_values': 0.0, 'name': 'softcap'}","{'type': 'attr', 'dtype': 'int', 'range_values': 0, 'name': 'num_splits'}","{'type': 'attr', 'dtype': 'bool', 'range_values': False, 'name': 'deterministic'}","{'type': 'attr', 'dtype': 'bool', 'range_values': False, 'name': 'return_lse'}","{'acc': {'cv_fused_double_benchmark': {'max_re_ratio': 2.0, 'avg_re_ratio': 1.2, 'root_mean_squared_ratio': 1.2}}, 'perf': 'not_key', 'mem': 1.1}",1
193,flash_attn_npu_4.flash_attn_varlen_func,flash_attn_varlen_func_v4_accuracy,"{'type': 'tensor', 'dtype': 'bf16', 'range_values': [-5.0, 5.0], 'shape': [256, 8, 128], 'name': 'q', 'backward': True}","{'type': 'tensor', 'dtype': 'bf16', 'range_values': [-5.0, 5.0], 'shape': [15, 2, 128], 'name': 'k', 'backward': True}","{'type': 'tensor', 'dtype': 'bf16', 'range_values': [-5.0, 5.0], 'shape': [15, 2, 128], 'name': 'v', 'backward': True}","{'type': 'tensor', 'dtype': 'bf16', 'range_values': 'default', 'shape': [256, 8, 128], 'name': 'qv', 'backward': True}","{'type': 'tensor', 'dtype': 'int32', 'range_values': [0, 256], 'shape': [3], 'name': 'cu_seqlens_q', 'backward': True}","{'type': 'tensor', 'dtype': 'int32', 'range_values': [0, 15], 'shape': [3], 'name': 'cu_seqlens_k', 'backward': True}","{'type': 'attr', 'dtype': 'int', 'range_values': 128, 'name': 'max_seqlen_q'}","{'type': 'attr', 'dtype': 'int', 'range_values': 8, 'name': 'max_seqlen_k'}","{'type': 'attr', 'dtype': 'float', 'range_values': 0.125, 'name': 'softmax_scale'}","{'type': 'attr', 'dtype': 'bool', 'range_values': False, 'name': 'causal'}","[{'type': 'attr_tuple', 'dtype': 'int', 'range_values': -1, 'name': 'window_size'}, {'type': 'attr_tuple', 'dtype': 'int', 'range_values': -1, 'name': 'window_size'}]","{'type': 'attr', 'dtype': 'float', 'range_values': 0.0, 'name': 'softcap'}","{'type': 'attr', 'dtype': 'int', 'range_values': 0, 'name': 'num_splits'}","{'type': 'attr', 'dtype': 'bool', 'range_values': False, 'name': 'deterministic'}","{'type': 'attr', 'dtype': 'bool', 'range_values': False, 'name': 'return_lse'}","{'acc': {'cv_fused_double_benchmark': {'max_re_ratio': 2.0, 'avg_re_ratio': 1.2, 'root_mean_squared_ratio': 1.2}}, 'perf': 'not_key', 'mem': 1.1}",1
194,flash_attn_npu_4.flash_attn_varlen_func,flash_attn_varlen_func_v4_accuracy,"{'type': 'tensor', 'dtype': 'fp16', 'range_values': [-5.0, 5.0], 'shape': [256, 4, 256], 'name': 'q', 'backward': True}","{'type': 'tensor', 'dtype': 'fp16', 'range_values': [-5.0, 5.0], 'shape': [128, 1, 256], 'name': 'k', 'backward': True}","{'type': 'tensor', 'dtype': 'fp16', 'range_values': [-5.0, 5.0], 'shape': [128, 1, 256], 'name': 'v', 'backward': True}","{'type': 'tensor', 'dtype': 'fp16', 'range_values': 'default', 'shape': [256, 4, 256], 'name': 'qv', 'backward': True}","{'type': 'tensor', 'dtype': 'int32', 'range_values': [0, 256], 'shape': [5], 'name': 'cu_seqlens_q', 'backward': True}","{'type': 'tensor', 'dtype': 'int32', 'range_values': [0, 128], 'shape': [5], 'name': 'cu_seqlens_k', 'backward': True}","{'type': 'attr', 'dtype': 'int', 'range_values': 64, 'name': 'max_seqlen_q'}","{'type': 'attr', 'dtype': 'int', 'range_values': 32, 'name': 'max_seqlen_k'}","{'type': 'attr', 'dtype': 'float', 'range_values': 0.125, 'name': 'softmax_scale'}","{'type': 'attr', 'dtype': 'bool', 'range_values': False, 'name': 'causal'}","[{'type': 'attr_tuple', 'dtype': 'int', 'range_values': -1, 'name': 'window_size'}, {'type': 'attr_tuple', 'dtype': 'int', 'range_values': -1, 'name': 'window_size'}]","{'type': 'attr', 'dtype': 'float', 'range_values': 0.0, 'name': 'softcap'}","{'type': 'attr', 'dtype': 'int', 'range_values': 0, 'name': 'num_splits'}","{'type': 'attr', 'dtype': 'bool', 'range_values': False, 'name': 'deterministic'}","{'type': 'attr', 'dtype': 'bool', 'range_values': False, 'name': 'return_lse'}","{'acc': {'cv_fused_double_benchmark': {'max_re_ratio': 2.0, 'avg_re_ratio': 1.2, 'root_mean_squared_ratio': 1.2}}, 'perf': 'not_key', 'mem': 1.1}",1
195,flash_attn_npu_4.flash_attn_varlen_func,flash_attn_varlen_func_v4_accuracy,"{'type': 'tensor', 'dtype': 'bf16', 'range_values': [-5.0, 5.0], 'shape': [33, 16, 128], 'name': 'q', 'backward': True}","{'type': 'tensor', 'dtype': 'bf16', 'range_values': [-5.0, 5.0], 'shape': [256, 8, 128], 'name': 'k', 'backward': True}","{'type': 'tensor', 'dtype': 'bf16', 'range_values': [-5.0, 5.0], 'shape': [256, 8, 128], 'name': 'v', 'backward': True}","{'type': 'tensor', 'dtype': 'bf16', 'range_values': 'default', 'shape': [33, 16, 128], 'name': 'qv', 'backward': True}","{'type': 'tensor', 'dtype': 'int32', 'range_values': [0, 33], 'shape': [5], 'name': 'cu_seqlens_q', 'backward': True}","{'type': 'tensor', 'dtype': 'int32', 'range_values': [0, 256], 'shape': [5], 'name': 'cu_seqlens_k', 'backward': True}","{'type': 'attr', 'dtype': 'int', 'range_values': 9, 'name': 'max_seqlen_q'}","{'type': 'attr', 'dtype': 'int', 'range_values': 64, 'name': 'max_seqlen_k'}","{'type': 'attr', 'dtype': 'float', 'range_values': 0.125, 'name': 'softmax_scale'}","{'type': 'attr', 'dtype': 'bool', 'range_values': False, 'name': 'causal'}","[{'type': 'attr_tuple', 'dtype': 'int', 'range_values': -1, 'name': 'window_size'}, {'type': 'attr_tuple', 'dtype': 'int', 'range_values': -1, 'name': 'window_size'}]","{'type': 'attr', 'dtype': 'float', 'range_values': 0.0, 'name': 'softcap'}","{'type': 'attr', 'dtype': 'int', 'range_values': 0, 'name': 'num_splits'}","{'type': 'attr', 'dtype': 'bool', 'range_values': False, 'name': 'deterministic'}","{'type': 'attr', 'dtype': 'bool', 'range_values': False, 'name': 'return_lse'}","{'acc': {'cv_fused_double_benchmark': {'max_re_ratio': 2.0, 'avg_re_ratio': 1.2, 'root_mean_squared_ratio': 1.2}}, 'perf': 'not_key', 'mem': 1.1}",1
196,flash_attn_npu_4.flash_attn_varlen_func,flash_attn_varlen_func_v4_accuracy,"{'type': 'tensor', 'dtype': 'bf16', 'range_values': [-5.0, 5.0], 'shape': [1, 8, 256], 'name': 'q', 'backward': True}","{'type': 'tensor', 'dtype': 'bf16', 'range_values': [-5.0, 5.0], 'shape': [256, 8, 256], 'name': 'k', 'backward': True}","{'type': 'tensor', 'dtype': 'bf16', 'range_values': [-5.0, 5.0], 'shape': [256, 8, 256], 'name': 'v', 'backward': True}","{'type': 'tensor', 'dtype': 'bf16', 'range_values': 'default', 'shape': [1, 8, 256], 'name': 'qv', 'backward': True}","{'type': 'tensor', 'dtype': 'int32', 'range_values': [0, 1], 'shape': [2], 'name': 'cu_seqlens_q', 'backward': True}","{'type': 'tensor', 'dtype': 'int32', 'range_values': [0, 256], 'shape': [2], 'name': 'cu_seqlens_k', 'backward': True}","{'type': 'attr', 'dtype': 'int', 'range_values': 1, 'name': 'max_seqlen_q'}","{'type': 'attr', 'dtype': 'int', 'range_values': 256, 'name': 'max_seqlen_k'}","{'type': 'attr', 'dtype': 'float', 'range_values': 0.125, 'name': 'softmax_scale'}","{'type': 'attr', 'dtype': 'bool', 'range_values': False, 'name': 'causal'}","[{'type': 'attr_tuple', 'dtype': 'int', 'range_values': -1, 'name': 'window_size'}, {'type': 'attr_tuple', 'dtype': 'int', 'range_values': -1, 'name': 'window_size'}]","{'type': 'attr', 'dtype': 'float', 'range_values': 0.0, 'name': 'softcap'}","{'type': 'attr', 'dtype': 'int', 'range_values': 0, 'name': 'num_splits'}","{'type': 'attr', 'dtype': 'bool', 'range_values': False, 'name': 'deterministic'}","{'type': 'attr', 'dtype': 'bool', 'range_values': False, 'name': 'return_lse'}","{'acc': {'cv_fused_double_benchmark': {'max_re_ratio': 2.0, 'avg_re_ratio': 1.2, 'root_mean_squared_ratio': 1.2}}, 'perf': 'not_key', 'mem': 1.1}",1
197,flash_attn_npu_4.flash_attn_varlen_func,flash_attn_varlen_func_v4_accuracy,"{'type': 'tensor', 'dtype': 'bf16', 'range_values': [-5.0, 5.0], 'shape': [256, 16, 128], 'name': 'q', 'backward': True}","{'type': 'tensor', 'dtype': 'bf16', 'range_values': [-5.0, 5.0], 'shape': [4, 8, 128], 'name': 'k', 'backward': True}","{'type': 'tensor', 'dtype': 'bf16', 'range_values': [-5.0, 5.0], 'shape': [4, 8, 128], 'name': 'v', 'backward': True}","{'type': 'tensor', 'dtype': 'bf16', 'range_values': 'default', 'shape': [256, 16, 128], 'name': 'qv', 'backward': True}","{'type': 'tensor', 'dtype': 'int32', 'range_values': [0, 256], 'shape': [3], 'name': 'cu_seqlens_q', 'backward': True}","{'type': 'tensor', 'dtype': 'int32', 'range_values': [0, 4], 'shape': [3], 'name': 'cu_seqlens_k', 'backward': True}","{'type': 'attr', 'dtype': 'int', 'range_values': 128, 'name': 'max_seqlen_q'}","{'type': 'attr', 'dtype': 'int', 'range_values': 2, 'name': 'max_seqlen_k'}","{'type': 'attr', 'dtype': 'float', 'range_values': 0.125, 'name': 'softmax_scale'}","{'type': 'attr', 'dtype': 'bool', 'range_values': False, 'name': 'causal'}","[{'type': 'attr_tuple', 'dtype': 'int', 'range_values': -1, 'name': 'window_size'}, {'type': 'attr_tuple', 'dtype': 'int', 'range_values': -1, 'name': 'window_size'}]","{'type': 'attr', 'dtype': 'float', 'range_values': 0.0, 'name': 'softcap'}","{'type': 'attr', 'dtype': 'int', 'range_values': 0, 'name': 'num_splits'}","{'type': 'attr', 'dtype': 'bool', 'range_values': False, 'name': 'deterministic'}","{'type': 'attr', 'dtype': 'bool', 'range_values': False, 'name': 'return_lse'}","{'acc': {'cv_fused_double_benchmark': {'max_re_ratio': 2.0, 'avg_re_ratio': 1.2, 'root_mean_squared_ratio': 1.2}}, 'perf': 'not_key', 'mem': 1.1}",1
198,flash_attn_npu_4.flash_attn_varlen_func,flash_attn_varlen_func_v4_accuracy,"{'type': 'tensor', 'dtype': 'fp16', 'range_values': [-5.0, 5.0], 'shape': [257, 8, 256], 'name': 'q', 'backward': True}","{'type': 'tensor', 'dtype': 'fp16', 'range_values': [-5.0, 5.0], 'shape': [31, 2, 256], 'name': 'k', 'backward': True}","{'type': 'tensor', 'dtype': 'fp16', 'range_values': [-5.0, 5.0], 'shape': [31, 2, 256], 'name': 'v', 'backward': True}","{'type': 'tensor', 'dtype': 'fp16', 'range_values': 'default', 'shape': [257, 8, 256], 'name': 'qv', 'backward': True}","{'type': 'tensor', 'dtype': 'int32', 'range_values': [0, 257], 'shape': [5], 'name': 'cu_seqlens_q', 'backward': True}","{'type': 'tensor', 'dtype': 'int32', 'range_values': [0, 31], 'shape': [5], 'name': 'cu_seqlens_k', 'backward': True}","{'type': 'attr', 'dtype': 'int', 'range_values': 65, 'name': 'max_seqlen_q'}","{'type': 'attr', 'dtype': 'int', 'range_values': 8, 'name': 'max_seqlen_k'}","{'type': 'attr', 'dtype': 'float', 'range_values': 0.125, 'name': 'softmax_scale'}","{'type': 'attr', 'dtype': 'bool', 'range_values': False, 'name': 'causal'}","[{'type': 'attr_tuple', 'dtype': 'int', 'range_values': -1, 'name': 'window_size'}, {'type': 'attr_tuple', 'dtype': 'int', 'range_values': -1, 'name': 'window_size'}]","{'type': 'attr', 'dtype': 'float', 'range_values': 0.0, 'name': 'softcap'}","{'type': 'attr', 'dtype': 'int', 'range_values': 0, 'name': 'num_splits'}","{'type': 'attr', 'dtype': 'bool', 'range_values': False, 'name': 'deterministic'}","{'type': 'attr', 'dtype': 'bool', 'range_values': False, 'name': 'return_lse'}","{'acc': {'cv_fused_double_benchmark': {'max_re_ratio': 2.0, 'avg_re_ratio': 1.2, 'root_mean_squared_ratio': 1.2}}, 'perf': 'not_key', 'mem': 1.1}",1
199,flash_attn_npu_4.flash_attn_varlen_func,flash_attn_varlen_func_v4_accuracy,"{'type': 'tensor', 'dtype': 'bf16', 'range_values': [-5.0, 5.0], 'shape': [256, 8, 256], 'name': 'q', 'backward': True}","{'type': 'tensor', 'dtype': 'bf16', 'range_values': [-5.0, 5.0], 'shape': [96, 1, 256], 'name': 'k', 'backward': True}","{'type': 'tensor', 'dtype': 'bf16', 'range_values': [-5.0, 5.0], 'shape': [96, 1, 256], 'name': 'v', 'backward': True}","{'type': 'tensor', 'dtype': 'bf16', 'range_values': 'default', 'shape': [256, 8, 256], 'name': 'qv', 'backward': True}","{'type': 'tensor', 'dtype': 'int32', 'range_values': [0, 256], 'shape': [2], 'name': 'cu_seqlens_q', 'backward': True}","{'type': 'tensor', 'dtype': 'int32', 'range_values': [0, 96], 'shape': [2], 'name': 'cu_seqlens_k', 'backward': True}","{'type': 'attr', 'dtype': 'int', 'range_values': 256, 'name': 'max_seqlen_q'}","{'type': 'attr', 'dtype': 'int', 'range_values': 96, 'name': 'max_seqlen_k'}","{'type': 'attr', 'dtype': 'float', 'range_values': 0.125, 'name': 'softmax_scale'}","{'type': 'attr', 'dtype': 'bool', 'range_values': False, 'name': 'causal'}","[{'type': 'attr_tuple', 'dtype': 'int', 'range_values': -1, 'name': 'window_size'}, {'type': 'attr_tuple', 'dtype': 'int', 'range_values': -1, 'name': 'window_size'}]","{'type': 'attr', 'dtype': 'float', 'range_values': 0.0, 'name': 'softcap'}","{'type': 'attr', 'dtype': 'int', 'range_values': 0, 'name': 'num_splits'}","{'type': 'attr', 'dtype': 'bool', 'range_values': False, 'name': 'deterministic'}","{'type': 'attr', 'dtype': 'bool', 'range_values': False, 'name': 'return_lse'}","{'acc': {'cv_fused_double_benchmark': {'max_re_ratio': 2.0, 'avg_re_ratio': 1.2, 'root_mean_squared_ratio': 1.2}}, 'perf': 'not_key', 'mem': 1.1}",1
